Headline,Source,Year,Month,Day,Date_id,Pre-Covid,Bias,Cred,Sentiment
The deterioration of White House policy debates,The Washington Post,2018,1,2,0,0,0,1,-1
Trump’s lawyer is a specialist in securing preemptive pardons,The Washington Post,2018,1,2,0,0,0,1,1
Peter Martins Retires From New York City Ballet After Misconduct Allegations,The New York Times,2018,1,2,0,0,0,1,-1
Deadly Iran Protests Prompt Warning of Harsher Response,The New York Times,2018,1,2,0,0,0,1,-1
Renewal or Gentrification? London Borough Grapples With a Revamp,The New York Times,2018,1,2,0,0,0,1,-1
The Hunt for ‘Fire Cats’ Amid Northern California Ashes,The New York Times,2018,1,2,0,0,0,1,-1
"Gretchen Carlson, Miss America 1989, Is Picked to Lead Pageant",The New York Times,2018,1,2,0,0,0,1,1
"Pulled Over in a Rental Car, With Heroin in the Trunk",The New York Times,2018,1,2,0,0,0,1,-1
Why the U.S. Spends So Much More Than Other Nations on Health Care,The New York Times,2018,1,2,0,0,0,1,-1
Those Seatback Screens on Planes Are Starting to Disappear,The New York Times,2018,1,2,0,0,0,1,-1
Why Are All Our Words in Bubbles?,The New York Times,2018,1,2,0,0,0,1,-1
How Astrology Took Over the Internet,The New York Times,2018,1,2,0,0,0,1,0
Conquering Her Mobility Obstacles With an Upbeat Attitude,The New York Times,2018,1,2,0,0,0,1,1
"Calestous Juma, 64, Dies; Sought Innovation in African Agriculture",The New York Times,2018,1,2,0,0,0,1,-1
States Pay the Price When You Buy Online,The New York Times,2018,1,2,0,0,0,1,0
Iran’s Spending on Foreign Conflicts Raises Protesters’ Ire,The Wall Street Journal,2018,1,2,0,0,1,1,-1
Dollar Weakens on Uncertainty Over Pace of Rate Rises,The Wall Street Journal,2018,1,2,0,0,1,1,-1
Goldman and GIC Lead Restructuring of Vector’s Old Funds,The Wall Street Journal,2018,1,2,0,0,1,1,-1
Looking for a Few Good Men,The Wall Street Journal,2018,1,2,0,0,1,1,1
Should Business Be ‘Grateful’?,The Wall Street Journal,2018,1,2,0,0,1,1,1
Funding Snapshot: Aegea Medical Secures $40 Million to Treat Uterine Bleeding,The Wall Street Journal,2018,1,2,0,0,1,1,1
The Add-On Deal Roundup: Jan. 2,The Wall Street Journal,2018,1,2,0,0,1,1,0
Readers Take Alan Blinder to Task on Taxes,The Wall Street Journal,2018,1,2,0,0,1,1,0
"Venezuela Misses Another Debt Payment, Raising Stakes for Bondholders",The Wall Street Journal,2018,1,2,0,0,1,1,-1
SEC Joins Call for Bankruptcy Trustee to Run Woodbridge,The Wall Street Journal,2018,1,2,0,0,1,1,-1
Kim Jong Un Says He Has a Nuclear Launch Button on His Office Desk,The Wall Street Journal,2018,1,2,0,0,1,1,-1
Rubio’s Tax Lament,The Wall Street Journal,2018,1,2,0,0,1,1,-1
Devin Nunes expands Russia probe to use of dossier to snare Trump,The Washington Times,2018,1,2,0,0,1,0,-1
"Colorado gunman railed against police, University of Wyoming before killing deputy in 'ambush'",The Washington Times,2018,1,2,0,0,1,0,-1
Criminal illegal immigrants receive shorter sentences due to legal quirk,The Washington Times,2018,1,2,0,0,1,0,-1
Is President Trump’s foreign policy better than we think?,The Washington Post,2018,1,9,1,0,0,1,0
Fusion GPS Founder Hauled From the Shadows for the Russia Election Investigation,The New York Times,2018,1,9,1,0,0,1,-1
"North Korea to Send Olympic Athletes to South Korea, in Breakthrough",The New York Times,2018,1,9,1,0,0,1,1
These Billion-Dollar Natural Disasters Set a U.S. Record in 2017,The New York Times,2018,1,9,1,0,0,1,0
Mueller Interview With Trump Is Said to Be Likely,The New York Times,2018,1,9,1,0,0,1,0
Toymaker VTech Settles Charges of Violating Child Privacy Law,The New York Times,2018,1,9,1,0,0,1,-1
"After Globes, Women Declare Success. But What About the Men?",The New York Times,2018,1,9,1,0,0,1,0
A Mega-Dealer Expands: David Zwirner Plans a New Art Gallery,The New York Times,2018,1,9,1,0,0,1,1
"In Deepest Cold, a Subway Car Becomes the Shelter of Last Resort",The New York Times,2018,1,9,1,0,0,1,-1
"Making a Home Her Own, and a Refuge for Others",The New York Times,2018,1,9,1,0,0,1,1
"In Africa, Geneticists Are Hunting Poachers",The New York Times,2018,1,9,1,0,0,1,-1
"W.H.O. Approves a Safe, Inexpensive Typhoid Vaccine",The New York Times,2018,1,9,1,0,0,1,1
"Ray Thomas, Founding Member of the Moody Blues, Dies at 76",The New York Times,2018,1,9,1,0,0,1,-1
What the President Doesn’t Get About Dogs,The New York Times,2018,1,9,1,0,0,1,0
We’re Not Ready for a Flu Pandemic,The New York Times,2018,1,9,1,0,0,1,-1
Jump in HIV Cases Among Drug Users Seen in Northern Kentucky,The Wall Street Journal,2018,1,9,1,0,1,1,0
The House Chairmen’s Plan for Immigration Reform,The Wall Street Journal,2018,1,9,1,0,1,1,1
Raising Good Men in Our Enlightened Age,The Wall Street Journal,2018,1,9,1,0,1,1,1
Ecuador Seeks Arrangement for Assange to Leave Embassy,The Wall Street Journal,2018,1,9,1,0,1,1,-1
Trump Signs Order Expanding Mental-Health Help for New Veterans,The Wall Street Journal,2018,1,9,1,0,1,1,-1
Mike Pence to Lead U.S. Delegation to Olympics in South Korea,The Wall Street Journal,2018,1,9,1,0,1,1,1
"Trump, GOP seek actions to undercut Obamacare",The Washington Times,2018,1,9,1,0,1,0,-1
"Pizza Hut, Toyota plan self-driving car that can deliver meals, possibly cook on the road",The Washington Times,2018,1,9,1,0,1,0,1
"Donald Trump warns farmers that Democrats want to raise taxes, regulations",The Washington Times,2018,1,9,1,0,1,0,-1
Josh Doctson graded on a 'rookie' curve,The Washington Times,2018,1,9,1,0,1,0,1
"Georgetown becomes school for exploring gender, sex",The Washington Times,2018,1,9,1,0,1,0,1
White House says no way back for Steve Bannon after apology,The Washington Times,2018,1,9,1,0,1,0,-1
Coalition of local businesses offer hope of Metro funding,The Washington Times,2018,1,9,1,0,1,0,0
Supreme Court declines to review Mississippi religious liberty law,The Washington Times,2018,1,9,1,0,1,0,-1
EDITORIAL: Cryptocurrency not a great alternative to greenbacks,The Washington Times,2018,1,9,1,0,1,0,-1
Senate Leaders Reach Budget Deal to Raise Spending Over Two Years,The New York Times,2018,2,8,2,0,0,1,1
Pelosi Stands Up for ‘Dreamers’,The New York Times,2018,2,8,2,0,0,1,1
"In ‘Brotopia,’ Silicon Valley Disrupts Everything but the Boys’ Club",The New York Times,2018,2,8,2,0,0,1,0
Success of Russia’s Female Figure Skaters Takes a Toll in Injuries and Stress,The New York Times,2018,2,8,2,0,0,1,1
Curious About the Lives of North Korea’s Isolated Athletes? Here’s a Glimpse,The New York Times,2018,2,8,2,0,0,1,1
Plagiarism Software Unveils a New Source for 11 of Shakespeare’s Plays,The New York Times,2018,2,8,2,0,0,1,-1
How Did ‘The Shape of Water’ Become the Film to Beat at the Oscars?,The New York Times,2018,2,8,2,0,0,1,-1
"The Subway Is Being Fixed, but Can Riders Tell?",The New York Times,2018,2,8,2,0,0,1,-1
"Archbishop Sheen’s Body to Stay in New York, for Now",The New York Times,2018,2,8,2,0,0,1,1
A Crazy Idea for Funding Local News: Charge People for It,The New York Times,2018,2,8,2,0,0,1,-1
‘I Try Not to Look as if I’m Trying Too Hard’,The New York Times,2018,2,8,2,0,0,1,-1
"Dr. Victor Sidel, Public Health Champion, Is Dead at 86",The New York Times,2018,2,8,2,0,0,1,-1
Trump’s Backward View of Immigration,The New York Times,2018,2,8,2,0,0,1,-1
Don’t Give Up on the International Space Station,The New York Times,2018,2,8,2,0,0,1,1
"President Trump, if You’re Innocent, Why Act So Guilty?",The New York Times,2018,2,8,2,0,0,1,-1
"I Love a Parade, but Not This One",The Wall Street Journal,2018,2,8,2,0,1,1,-1
China Inflation Moderates in January,The Wall Street Journal,2018,2,8,2,0,1,1,-1
Oil Down Another 1% in Asia as Iran Looks to Pump,The Wall Street Journal,2018,2,8,2,0,1,1,-1
Scott Walker’s Subsidy Blowback,The Wall Street Journal,2018,2,8,2,0,1,1,0
Ascent Resources Marcellus Makes Bankruptcy Court Debut,The Wall Street Journal,2018,2,8,2,0,1,1,1
Who Made Xi Jinping Pope?,The Wall Street Journal,2018,2,8,2,0,1,1,-1
Shares of Victory Capital Down in IPO,The Wall Street Journal,2018,2,8,2,0,1,1,-1
Boeing in Talks to Buy Aerospace-Parts Maker Woodward,The Wall Street Journal,2018,2,8,2,0,1,1,-1
Transcript: Bloomberg TV Interview With New York Fed’s William Dudley,The Wall Street Journal,2018,2,8,2,0,1,1,-1
Nancy Pelosi sets record for longest speech on House floor,The Washington Times,2018,2,8,2,0,1,0,1
"Eagles planning to skip White House visit include Long, Jenkins",The Washington Times,2018,2,8,2,0,1,0,-1
Cory Booker raises 2020 profile with incendiary rhetoric,The Washington Times,2018,2,8,2,0,1,0,0
'Cliff Burton Day' designated for late Metallica bassist,The Washington Times,2018,2,8,2,0,1,0,-1
California rejects Trump offshore oil drilling proposal,The Washington Times,2018,2,8,2,0,1,0,-1
Uber says 'no justification' for delayed breach disclosure; defends bug-bounty payouts,The Washington Times,2018,2,8,2,0,1,0,-1
Kudlownomics: Thoughts on new economics chief Larry Kudlow from an old friend/adversary,The Washington Post,2018,3,14,3,0,0,1,1
"In Replacing Tillerson With Pompeo, Trump Turns to Loyalists Who Reflect ‘America First’ Views",The New York Times,2018,3,14,3,0,0,1,-1
"Gina Haspel, Trump’s Choice for C.I.A., Played Role in Torture Program",The New York Times,2018,3,14,3,0,0,1,-1
Why Trump Chose Mike Pompeo,The New York Times,2018,3,14,3,0,0,1,-1
Japan Fears Being Left Behind by Trump’s Talks With Kim Jong-un,The New York Times,2018,3,14,3,0,0,1,-1
Explosions Rattle Austin as Calls About Suspicious Packages Mount,The New York Times,2018,3,14,3,0,0,1,-1
"No Result Yet in Pennsylvania House Race, but Democrat Declares Victory",The New York Times,2018,3,14,3,0,0,1,1
Trump Finds Unlikely Culprit in School Shootings: Obama Discipline Policies,The New York Times,2018,3,14,3,0,0,1,-1
"In California, Trump Attacks Jerry Brown and ‘Sanctuary Policies’",The New York Times,2018,3,14,3,0,0,1,-1
Google’s Security Sweep for Apps,The New York Times,2018,3,14,3,0,0,1,0
Madison Square Garden Has Used Face-Scanning Technology on Customers,The New York Times,2018,3,14,3,0,0,1,1
Three Views of the Crisis in Women’s Health,The New York Times,2018,3,14,3,0,0,1,1
"Ken Dodd, Veteran British Comedian, Is Dead at 90",The New York Times,2018,3,14,3,0,0,1,-1
"Oskar Gröning, the ‘Bookkeeper of Auschwitz,’ Is Dead at 96",The New York Times,2018,3,14,3,0,0,1,-1
Turning Back the Clock on Protecting Alaska’s Wild Lands,The New York Times,2018,3,14,3,0,0,1,-1
Use Blockchain to Hold Assad Accountable,The Wall Street Journal,2018,3,14,3,0,1,1,1
Former Equifax Executive Charged With Insider Trading,The Wall Street Journal,2018,3,14,3,0,1,1,1
Tempers Flare in U.S.-EU Spat Over Clearinghouse Supervision,The Wall Street Journal,2018,3,14,3,0,1,1,-1
The Dark Underbelly of Europe’s Financial System,The Wall Street Journal,2018,3,14,3,0,1,1,-1
Weak Consumer Spending Presents a Puzzle,The Wall Street Journal,2018,3,14,3,0,1,1,-1
Theranos Founder Elizabeth Holmes Charged With Fraud,The Wall Street Journal,2018,3,14,3,0,1,1,-1
Photos of the Day: March 14,The Wall Street Journal,2018,3,14,3,0,1,1,1
"Tom Price, ousted health secretary, repaid $60K for his travel",The Washington Times,2018,3,14,3,0,1,0,0
Bashaud Breeland to sign three-year deal with Panthers,The Washington Times,2018,3,14,3,0,1,0,0
Eric Swalwell pushes for release of House Intel Committee transcripts in Russia case,The Washington Times,2018,3,14,3,0,1,0,-1
Eric Holder rips Republicans for Russia collusion 'coverup',The Washington Times,2018,3,14,3,0,1,0,-1
"Pompeo, Trump developed chemistry during daily top-secret briefings",The Washington Times,2018,3,14,3,0,1,0,1
Max Scherzer appears to be in midseason form with Nationals,The Washington Times,2018,3,14,3,0,1,0,-1
BOOK REVIEW: 'The Age of Eisenhower' by William I. Hitchcock,The Washington Times,2018,3,14,3,0,1,0,1
Paul RIchardson gives Redskins missing 'burner' element,The Washington Times,2018,3,14,3,0,1,0,-1
How Sinclair became the most insidious force in local TV news,The Washington Post,2018,4,10,4,0,0,1,0
Does Facebook Know You Better Than You Do?,The New York Times,2018,4,10,4,0,0,1,-1
Pope Francis Puts Caring for Migrants and Opposing Abortion on Equal Footing,The New York Times,2018,4,10,4,0,0,1,1
Federal Budget Deficit Projected to Soar to Over $1 Trillion in 2020,The New York Times,2018,4,10,4,0,0,1,-1
Trump Denounces F.B.I. Raid on His Lawyer’s Office as ‘Attack on Our Country’,The New York Times,2018,4,10,4,0,0,1,-1
Tammy Duckworth Becomes First U.S. Senator to Give Birth While in Office,The New York Times,2018,4,10,4,0,0,1,0
The Big Question for Markets: Is There a Kudlow or Powell ‘Put’?,The New York Times,2018,4,10,4,0,0,1,-1
Mark Zuckerberg Meets With Top Lawmakers Before Hearings,The New York Times,2018,4,10,4,0,0,1,1
What Mark Zuckerberg Will Be Grilled On at the Congressional Hearings,The New York Times,2018,4,10,4,0,0,1,1
"Failed by Facebook, We’ll Return to the Scene of the Crime. We Always Do.",The New York Times,2018,4,10,4,0,0,1,-1
"As Cleveland Indians Prepare to Part With Chief Wahoo, Tensions Reignite",The New York Times,2018,4,10,4,0,0,1,-1
Congestion Pricing Plan for Manhattan Ran Into Politics. Politics Won.,The New York Times,2018,4,10,4,0,0,1,-1
Bananas vs. Sports Drinks? Bananas Win in Study,The New York Times,2018,4,10,4,0,0,1,1
The Failures of Anti-Trumpism,The New York Times,2018,4,10,4,0,0,1,-1
Turning Revulsion Into Votes,The New York Times,2018,4,10,4,0,0,1,-1
Navy Admiral Tapped to Head U.S. Forces in the Pacific,The Wall Street Journal,2018,4,10,4,0,1,1,1
U.S. Presses Allies to Back a Military Strike on Syria,The Wall Street Journal,2018,4,10,4,0,1,1,-1
Notable & Quotable: Penn Law,The Wall Street Journal,2018,4,10,4,0,1,1,1
White House Homeland Security Adviser Bossert Exits,The Wall Street Journal,2018,4,10,4,0,1,1,0
Beijing’s Trade Straddle,The Wall Street Journal,2018,4,10,4,0,1,1,-1
What If President Donald Trump Tries to Fire Robert Mueller?,The Wall Street Journal,2018,4,10,4,0,1,1,-1
U.S. Is Reducing African Front-Line Presence,The Wall Street Journal,2018,4,10,4,0,1,1,-1
Max Scherzer dominates as Nationals end losing skid,The Washington Times,2018,4,10,4,0,1,0,1
Nationals swept by Mets after 12-inning loss,The Washington Times,2018,4,10,4,0,1,0,-1
Capital gains must be protected from inflation,The Washington Times,2018,4,10,4,0,1,0,0
'The Greatest Showman' 4K UHD review,The Washington Times,2018,4,10,4,0,1,0,0
"Jamie Allman, Sinclair commentator, resigns after David Hogg 'hot poker' comment backlash",The Washington Times,2018,4,10,4,0,1,0,-1
"Wells Fargo resists pressure to stop offering banking services to NRA, gun makers",The Washington Times,2018,4,10,4,0,1,0,-1
Ben Shapiro joins roast of London Mayor Sadiq Khan over knife control vow,The Washington Times,2018,4,10,4,0,1,0,-1
"Fear, loathing and John Bolton",The Washington Times,2018,4,10,4,0,1,0,-1
"Hawaii has made peace with its angry volcano; not so its tsunamis, hurricanes and heating Earth",The Washington Post,2018,5,8,5,0,0,1,1
Why can’t the Trump administration brand more of its foreign policy?,The Washington Post,2018,5,8,5,0,0,1,-1
"Gina Haspel Has the Experience to Run the C.I.A., and That May Be Her Biggest Problem",The New York Times,2018,5,8,5,0,0,1,-1
Opponents of Iran Deal Hired Investigators to Dig Up Dirt on Obama Aide,The New York Times,2018,5,8,5,0,0,1,-1
"200 Years On, Chinese-Australians Are Still Proving They Belong",The New York Times,2018,5,8,5,0,0,1,1
"The Pleasure and Pain of Being California, the World’s 5th-Largest Economy",The New York Times,2018,5,8,5,0,0,1,1
Trump Administration Threatens Jail and Separating Children From Parents for Those Who Illegally Cross Southwest Border,The New York Times,2018,5,8,5,0,0,1,-1
Trump Weighs In on West Virginia Senate Race in Sign of Republican Anxiety,The New York Times,2018,5,8,5,0,0,1,-1
"Elon Musk Wants to Fill Warren Buffett’s ‘Moat’ With Candy, but It Still Holds Water",The New York Times,2018,5,8,5,0,0,1,-1
Bitcoin Sees Wall Street Warm to Trading Virtual Currency,The New York Times,2018,5,8,5,0,0,1,1
"After Fatal Uber Crash, a Self-Driving Start-Up Moves Forward",The New York Times,2018,5,8,5,0,0,1,1
"To Dominate in New Orleans and Beyond, the Warriors Head to the Hamptons",The New York Times,2018,5,8,5,0,0,1,1
"On the Mattress for ‘Sleep,’ an 8-Hour Lullaby",The New York Times,2018,5,8,5,0,0,1,-1
Nixon Pushes Cuomo to Debate: ‘What’s It Going to Be Andrew?’,The New York Times,2018,5,8,5,0,0,1,1
What Will New York Do About Its Uber Problem?,The New York Times,2018,5,8,5,0,0,1,-1
Why Ben Carson Is Raising Rents,The Wall Street Journal,2018,5,8,5,0,1,1,-1
Energy Stocks Flip From Market Dud to Darling,The Wall Street Journal,2018,5,8,5,0,1,1,-1
Trump Needs to Learn How to Trust,The Wall Street Journal,2018,5,8,5,0,1,1,-1
Trial Begins on Orianna Restructuring Decried by Creditors,The Wall Street Journal,2018,5,8,5,0,1,1,-1
Haspel to Tell Senators CIA Won’t Revive Old Interrogation Methods,The Wall Street Journal,2018,5,8,5,0,1,1,-1
Fifth Wall Aims to Raise $200 Million Retail Fund,The Wall Street Journal,2018,5,8,5,0,1,1,1
Google Wants You to Get Off Your Phone Every Once in a While,The Wall Street Journal,2018,5,8,5,0,1,1,-1
Senate Banking Committee Sets Confirmation Hearing for Two Fed Nominations,The Wall Street Journal,2018,5,8,5,0,1,1,1
George Zimmerman charged with stalking investigator,The Washington Times,2018,5,8,5,0,1,0,-1
"Evgeny Kuznetsov scores OT goal, Capitals advance to conference finals",The Washington Times,2018,5,8,5,0,1,0,1
EDITORIAL: Barack Obama's memoir will evoke nothing more than 'the way we were',The Washington Times,2018,5,8,5,0,1,0,-1
DHS to push for criminal charges against all border jumpers,The Washington Times,2018,5,8,5,0,1,0,0
Melania Trump unveils 'Be Best' agenda to promote children's well-being,The Washington Times,2018,5,8,5,0,1,0,0
"Eric Schneiderman, New York AG, accused of sexual abuse by four women",The Washington Times,2018,5,8,5,0,1,0,-1
'Rescission' package: Donald Trump to demand Congress cut $15 billion in spending,The Washington Times,2018,5,8,5,0,1,0,-1
"Trump to Invite Putin to Washington, Blindsiding His Intelligence Chief",The New York Times,2018,7,20,6,0,0,1,-1
Israeli Law Declares the Country the ‘Nation-State of the Jewish People’,The New York Times,2018,7,20,6,0,0,1,1
Trump’s Mixed Messages on Russian Meddling,The New York Times,2018,7,20,6,0,0,1,-1
You’ve Heard of Berkeley. Is Merced the Future of the University of California?,The New York Times,2018,7,20,6,0,0,1,1
Trump Tries a Familiar Tactic: Providing a New Story Line,The New York Times,2018,7,20,6,0,0,1,-1
Republicans Block Anti-Putin Resolutions Before Senate Approves One Rebuke,The New York Times,2018,7,20,6,0,0,1,-1
"On Trump’s Car Tariffs, Companies Are United in Dissent",The New York Times,2018,7,20,6,0,0,1,0
U.S.-Funded Broadcaster Directed Ads to Americans,The New York Times,2018,7,20,6,0,0,1,-1
"Brittany Lincicome Shoots a 78 in a PGA Tour Event, but Finds a Bright Side",The New York Times,2018,7,20,6,0,0,1,1
"Carnoustie’s 18th Hole Is Ready to Make, or Break, Another Legacy",The New York Times,2018,7,20,6,0,0,1,1
Review: Taming ‘The Taming of the Shrew’ Under a Tent,The New York Times,2018,7,20,6,0,0,1,-1
The Cement Mixer as Muse,The New York Times,2018,7,20,6,0,0,1,1
Asbestos Confirmed in Steam Pipe That Exploded in Manhattan,The New York Times,2018,7,20,6,0,0,1,-1
Want Reliable Medical Information? The Trump Administration Doesn’t,The New York Times,2018,7,20,6,0,0,1,-1
The Localist Revolution,The New York Times,2018,7,20,6,0,0,1,1
Deal Close Announcements: July 16-20,The Wall Street Journal,2018,7,20,6,0,1,1,-1
Pompeo Warns Against Easing Pressure on North Korea,The Wall Street Journal,2018,7,20,6,0,1,1,-1
Dollar’s Plunge Lifts Gold,The Wall Street Journal,2018,7,20,6,0,1,1,0
"Trump Continues Fed Criticism, Renews Threat on China Imports",The Wall Street Journal,2018,7,20,6,0,1,1,-1
Skechers Shares Fall Amid Higher Costs,The Wall Street Journal,2018,7,20,6,0,1,1,-1
Ortega’s Reign of Terror,The Wall Street Journal,2018,7,20,6,0,1,1,-1
Is President Trump Illegitimate?,The Wall Street Journal,2018,7,20,6,0,1,1,-1
WhatsApp to Limit Forwarding After Rumor-Led Violence in India,The Wall Street Journal,2018,7,20,6,0,1,1,-1
Transcript: Media Q&A With St. Louis Fed President James Bullard,The Wall Street Journal,2018,7,20,6,0,1,1,-1
"Brian Landrum says Stephanie Saul, New York Times reporter, broke into his apartment",The Washington Times,2018,7,20,6,0,1,0,-1
Paul Manafort's luxurious lifestyle detailed in new court filings,The Washington Times,2018,7,20,6,0,1,0,1
"Donald Trump economy threatened by tariff wars, Federal Reserve interest rate hikes",The Washington Times,2018,7,20,6,0,1,0,-1
Capitals re-sign defenseman Madison Bowey,The Washington Times,2018,7,20,6,0,1,0,0
Montenegro responds to Trump: U.S. alliance is 'strong and permanent',The Washington Times,2018,7,20,6,0,1,0,0
Synthetic pot crisis strains District's Fire and Emergency Services Department,The Washington Times,2018,7,20,6,0,1,0,-1
Not all senior citizens need discounts. But all low-income people do.,The Washington Post,2018,10,15,7,0,0,1,-1
What Jamal Khashoggi and Edward Snowden have in common,The Washington Post,2018,10,15,7,0,0,1,1
Abortion Was Illegal. This Secret Group Defied the Law.,The New York Times,2018,10,15,7,0,0,1,-1
"On Eve of Harvard Bias Trial, Dueling Rallies Show Rifts Among Asian-Americans",The New York Times,2018,10,15,7,0,0,1,-1
Democrats Want to Beat Scott Walker. But the Wisconsin Economy Is a Hurdle.,The New York Times,2018,10,15,7,0,0,1,-1
He’s ‘One of Us’: The Undying Bond Between the Bible Belt and Trump,The New York Times,2018,10,15,7,0,0,1,1
Trump Gives Mattis an Inauspicious Label: ‘Democrat’,The New York Times,2018,10,15,7,0,0,1,-1
"Racial Abuse, Then a Beating, on a French Soccer Field",The New York Times,2018,10,15,7,0,0,1,-1
"Helmet-to-Helmet Hits in N.F.L. Haven’t Diminished, but Penalty Flags Have",The New York Times,2018,10,15,7,0,0,1,-1
Brazil Enthralls With an Art Show of Afro-Atlantic History,The New York Times,2018,10,15,7,0,0,1,1
"Review: Rufus Wainwright’s ‘Hadrian’ Is a Step Forward, but Still Frustrating",The New York Times,2018,10,15,7,0,0,1,0
He Wanted to Be an Informant. The F.B.I. Arrested Him Instead.,The New York Times,2018,10,15,7,0,0,1,-1
Reality Breaks Up a Saudi Prince Charming’s Media Narrative,The New York Times,2018,10,15,7,0,0,1,-1
"Jeanne Ashworth, Pioneering Speedskating Olympian, Dies at 80",The New York Times,2018,10,15,7,0,0,1,-1
What Civil Rights History Can Teach Kavanaugh’s Critics,The New York Times,2018,10,15,7,0,0,1,1
Judge Dismisses Stormy Daniels’ Defamation Suit Against Trump,The Wall Street Journal,2018,10,15,7,0,1,1,-1
The American Arsenal Is Vulnerable to Cyberattacks,The Wall Street Journal,2018,10,15,7,0,1,1,-1
Google’s CEO Defends Potential Return to China,The Wall Street Journal,2018,10,15,7,0,1,1,-1
"Sears, a Onetime Retail Giant, Now Banks on Bankruptcy",The Wall Street Journal,2018,10,15,7,0,1,1,-1
"U.S. Dollar Down Amid Weaker Data, Uncertain Stock Markets",The Wall Street Journal,2018,10,15,7,0,1,1,-1
Top Wall Street Executives Shun Saudi Conference,The Wall Street Journal,2018,10,15,7,0,1,1,-1
Hollywood Talent Agency Seeks to Cancel Investment From Saudi Arabia,The Wall Street Journal,2018,10,15,7,0,1,1,-1
The U.N.’s Doomsday Climate Clock,The Wall Street Journal,2018,10,15,7,0,1,1,-1
Transom Buys Gene Juarez Salons From Evergreen Pacific,The Wall Street Journal,2018,10,15,7,0,1,1,-1
Treasurys Weaken as Stocks Stabilize,The Wall Street Journal,2018,10,15,7,0,1,1,-1
DC United move into playoff position with 1-0 win over FC Dallas,The Washington Times,2018,10,15,7,0,1,0,1
Marco Rubio calls on White House to boycott Saudi conference over missing journalist,The Washington Times,2018,10,15,7,0,1,0,-1
How Hillary Clinton and the left fuel relentless rage and incivility,The Washington Times,2018,10,15,7,0,1,0,-1
Newt Gingrich can represent Trump foreign policy at U.N. like nobody else,The Washington Times,2018,10,15,7,0,1,0,1
Redskins take step back in attendance for Panthers,The Washington Times,2018,10,15,7,0,1,0,0
Whitey Bulger Is Dead in Prison at 89; Long-Hunted Boston Mob Boss,The New York Times,2018,10,31,8,0,0,1,1
"Female Candidates Break Barriers, Except When It Comes to Money",The New York Times,2018,10,31,8,0,0,1,1
You’re Disillusioned. That’s Fine. Vote Anyway.,The New York Times,2018,10,31,8,0,0,1,0
Fire the Gun or Film the Ultrasound? How Women Running for Office Define Toughness.,The New York Times,2018,10,31,8,0,0,1,-1
"As Merkel Eyes Exit, Nervous E.U. Wonders Who’ll Take the Stage",The New York Times,2018,10,31,8,0,0,1,0
"As World’s Air Gets Worse, India Struggles to Breathe",The New York Times,2018,10,31,8,0,0,1,-1
Indonesia Plane Crash Leaves Experts Puzzled,The New York Times,2018,10,31,8,0,0,1,-1
"In North Dakota, Native Americans Try to Turn an ID Law to Their Advantage",The New York Times,2018,10,31,8,0,0,1,-1
The Number 7 Could Make China’s Currency a Trade-War Weapon,The New York Times,2018,10,31,8,0,0,1,-1
Parts of America Are Still Struggling Economically. They Don’t Matter Much in the Midterms.,The New York Times,2018,10,31,8,0,0,1,-1
Job No. 1 for G.E.’s New Chief: Fix Its Ailing Power Business,The New York Times,2018,10,31,8,0,0,1,1
Apple Unveils New iPad and MacBook Air,The New York Times,2018,10,31,8,0,0,1,1
Barbra Streisand Can’t Get Trump Out of Her Head. So She Sang About Him.,The New York Times,2018,10,31,8,0,0,1,1
"John Ziegler Jr., Former N.H.L. President, Is Dead at 84",The New York Times,2018,10,31,8,0,0,1,-1
"I Thought the Web Would Stop Hate, Not Spread It",The New York Times,2018,10,31,8,0,0,1,-1
A Referendum on Trump,The Wall Street Journal,2018,10,31,8,0,1,1,-1
Bankrupt Kaiser Gypsum Clashes With Regulators Over Plant Cleanup,The Wall Street Journal,2018,10,31,8,0,1,1,-1
NYC Student Suspensions Rise as Advocates Call for Change,The Wall Street Journal,2018,10,31,8,0,1,1,-1
Neighbor of Slain Manhattan Copywriter Arrested in Killing,The Wall Street Journal,2018,10,31,8,0,1,1,1
A Red Sox Strategy to Conquer the Premier League,The Wall Street Journal,2018,10,31,8,0,1,1,1
"Alta Growth, Nexxus Capital Back Mexican Retail Company",The Wall Street Journal,2018,10,31,8,0,1,1,1
PatientPop Boosts Funding to $75 Million With Leerink Transformation Investment,The Wall Street Journal,2018,10,31,8,0,1,1,1
Oil Rebounds After Inventory Data,The Wall Street Journal,2018,10,31,8,0,1,1,-1
"'Roe exception' challenge needed after fetal homicide law upheld, Alabama justice Tom Parker says",The Washington Times,2018,10,31,8,0,1,0,1
"Le'Veon Bell, Demaryius Thomas lead NFL rumor mill as trade deadline approaches",The Washington Times,2018,10,31,8,0,1,0,-1
Obesity epidemic costs U.S. economy $1.72 trillion,The Washington Times,2018,10,31,8,0,1,0,-1
"U.S. trade war with China casts specter on Halloween industry, advocacy group warns",The Washington Times,2018,10,31,8,0,1,0,-1
"Manchin, Morrisey clash on health care as crucial West Virginia Senate contest looms",The Washington Times,2018,10,31,8,0,1,0,-1
Redskins acquire safety Ha Ha Clinton-Dix from Packers,The Washington Times,2018,10,31,8,0,1,0,0
Beto O'Rourke probed on MSNBC Chris Matthews show of Democrats shift,The Washington Times,2018,10,31,8,0,1,0,-1
The Resistance Strikes Back,The New York Times,2018,11,11,9,0,0,1,0
Who Is Matthew Whitaker? A Vocal Mueller Critic With Ties to a Shady Business,The New York Times,2018,11,11,9,0,0,1,-1
‘Paradise Is Gone’: California Fires Devastate Communities,The New York Times,2018,11,11,9,0,0,1,-1
Sundar Pichai of Google: ‘Technology Doesn’t Solve Humanity’s Problems’,The New York Times,2018,11,11,9,0,0,1,-1
"‘Seriously, You Chose Her?’: U.S.A. Gymnastics’ Trouble at the Top",The New York Times,2018,11,11,9,0,0,1,-1
"At Manchester City, Uncommon Greatness. But at What Cost?",The New York Times,2018,11,11,9,0,0,1,1
U.S. Law Enforcement Failed to See the Threat of White Nationalism. Now They Don’t Know How to Stop It.,The New York Times,2018,11,11,9,0,0,1,-1
How Safe Is Your Airline?,The New York Times,2018,11,11,9,0,0,1,-1
The Dog Is In Charge,The New York Times,2018,11,11,9,0,0,1,1
Can’t Take Your Fancy Dog Hiking in the Country? Hire a Pro,The New York Times,2018,11,11,9,0,0,1,-1
Victoria’s Secret Is Trying to Change With the Times. Or Is It?,The New York Times,2018,11,11,9,0,0,1,0
"A Fairy Tale Set in Florida, in 10 Parts",The New York Times,2018,11,11,9,0,0,1,1
The Imagined Story Behind Leonard Cohen’s ‘Suzanne’,The New York Times,2018,11,11,9,0,0,1,1
Who’s the Real American Psycho?,The New York Times,2018,11,11,9,0,0,1,-1
A Defeat for White Identity,The New York Times,2018,11,11,9,0,0,1,-1
The Anti-Manufacturing Tariff,The Wall Street Journal,2018,11,11,9,0,1,1,1
The Coup That Wasn’t,The Wall Street Journal,2018,11,11,9,0,1,1,0
The Quiet Efforts to Battle Silicon Valley’s Bro Culture,The Wall Street Journal,2018,11,11,9,0,1,1,1
Why Did Facebook Fire a Top Executive? Hint: It Had Something to Do With Trump,The Wall Street Journal,2018,11,11,9,0,1,1,-1
Gadgets Won’t Save Us From Our Gadgets,The Wall Street Journal,2018,11,11,9,0,1,1,-1
Government Motors Is Back,The Wall Street Journal,2018,11,11,9,0,1,1,0
Parents Petition to Stop Small Tribeca School Move,The Wall Street Journal,2018,11,11,9,0,1,1,-1
Mueller Probe Tops Democrats’ Oversight Priorities,The Wall Street Journal,2018,11,11,9,0,1,1,0
New York City Raids Condo Building in Crackdown on Airbnb Rentals,The Wall Street Journal,2018,11,11,9,0,1,1,-1
"Florida Senate, Governor Races Set for Recounts",The Wall Street Journal,2018,11,11,9,0,1,1,-1
At Least 25 Dead as Wildfires Hit California in North and South,The Wall Street Journal,2018,11,11,9,0,1,1,-1
Europe Marks 100th Anniversary of the End of World War I,The Wall Street Journal,2018,11,11,9,0,1,1,1
Brain Tech Specialist MindMaze Acquires Startup to Expand VR Treatment,The Wall Street Journal,2018,11,11,9,0,1,1,1
Unions Will Improve When Workers Have a Real Choice,The Wall Street Journal,2018,11,11,9,0,1,1,1
Alibaba Pulls In Record ‘Singles Day’ Sales,The Wall Street Journal,2018,11,11,9,0,1,1,1
How I fell in love with Kansas — and spent the next five years trying to change it,The Washington Post,2018,11,27,10,0,0,1,1
"Manafort Breached Plea Deal by Repeatedly Lying, Mueller Says",The New York Times,2018,11,27,10,0,0,1,-1
G.M. to Idle Plants and Cut Thousands of Jobs as Sales Slow,The New York Times,2018,11,27,10,0,0,1,-1
NASA’s InSight Mission Has Touched Down on Mars to Study the Red Planet’s Deep Secrets,The New York Times,2018,11,27,10,0,0,1,1
"World’s First Gene-Edited Babies Born This Month, Researcher Says",The New York Times,2018,11,27,10,0,0,1,0
"Trump Has ‘No Real Relationships,’ Mia Love Says",The New York Times,2018,11,27,10,0,0,1,-1
Russia-Ukraine Fight Over Narrow Sea Passage Risks Wider War,The New York Times,2018,11,27,10,0,0,1,-1
Chinese Scientist Claims to Use Crispr to Make First Genetically Edited Babies,The New York Times,2018,11,27,10,0,0,1,-1
"$3,700 Generators and $666 Sinks: FEMA Contractors Charged Steep Markups on Puerto Rico Repairs",The New York Times,2018,11,27,10,0,0,1,-1
"Trump, in Mississippi, Seeks to Shore Up Senate Candidate Engulfed in Controversy",The New York Times,2018,11,27,10,0,0,1,-1
The Suburbs Are Changing. But Not in All the Ways Liberals Hope.,The New York Times,2018,11,27,10,0,0,1,-1
One Constant of the Tennis Season: Mixed Emotions,The New York Times,2018,11,27,10,0,0,1,1
"Bernardo Bertolucci, Director of ‘Last Tango in Paris,’ Dies at 77",The New York Times,2018,11,27,10,0,0,1,-1
The Depravity of Climate-Change Denial,The New York Times,2018,11,27,10,0,0,1,-1
"When Blue Chip Companies Pile on Debt, It’s Time to Worry",The New York Times,2018,11,27,10,0,0,1,-1
SFW Capital Sells Spectro Scientific for Nine-Times Its Purchase Price,The Wall Street Journal,2018,11,27,10,0,1,1,0
Ways to Make Putin Pay for Ukraine,The Wall Street Journal,2018,11,27,10,0,1,1,-1
Garcia’s Take: Investor Concerns About Obrador Don’t Bode Well for Mexican Firms,The Wall Street Journal,2018,11,27,10,0,1,1,1
Big Tech Expands Footprint in Health,The Wall Street Journal,2018,11,27,10,0,1,1,1
Salesforce Lifts the Cloud,The Wall Street Journal,2018,11,27,10,0,1,1,1
The Struggle to Retrieve American Missionary’s Body From a Remote Island,The Wall Street Journal,2018,11,27,10,0,1,1,0
The Add-On Deal Roundup: Nov. 27,The Wall Street Journal,2018,11,27,10,0,1,1,0
The U.S.-Saudi Partnership Is Vital,The Wall Street Journal,2018,11,27,10,0,1,1,1
"CVS, Aetna say $69B deal to be finalized this week",The Washington Times,2018,11,27,10,0,1,0,-1
BOOK REVIEW: 'The Zinoviev Letter' by Gill Bennett,The Washington Times,2018,11,27,10,0,1,0,1
"George Papadopoulos, ex-Trump campaign adviser, reports to prison",The Washington Times,2018,11,27,10,0,1,0,-1
Barbra Streisand: Women supporting Trump 'don't believe enough in their own thoughts',The Washington Times,2018,11,27,10,0,1,0,0
Ex-DOJ attorney: Trump criticism of immigration judges led to resignation,The Washington Times,2018,11,27,10,0,1,0,-1
Trump administration proposes Medicare Part D changes to bolster negotiating power,The Washington Times,2018,11,27,10,0,1,0,-1
Joe Flacco or no Joe Flacco: it's Lamar Jackson time,The Washington Times,2018,11,27,10,0,1,0,1
Why people still think George H.W. Bush didn’t understand a grocery checkout,The Washington Post,2018,12,4,11,0,0,1,-1
"Trump’s China Truce Calms Markets, but He Chooses a Hard-Liner to Lead Talks",The New York Times,2018,12,4,11,0,0,1,-1
"With U.S. Soil Achingly Close, Decision Time for Caravan Migrants",The New York Times,2018,12,4,11,0,0,1,1
Netanyahu’s Obsession With Image Could Be His Downfall,The New York Times,2018,12,4,11,0,0,1,-1
"After a California Wildfire, New and Old Homeless Populations Collide",The New York Times,2018,12,4,11,0,0,1,0
"Bush Made Willie Horton an Issue in 1988, and the Racial Scars Are Still Fresh",The New York Times,2018,12,4,11,0,0,1,1
Trump Says China Will Curtail Fentanyl. The U.S. Has Heard That Before.,The New York Times,2018,12,4,11,0,0,1,-1
"Ray Kelvin, Ted Baker C.E.O., Is Accused of Harassment",The New York Times,2018,12,4,11,0,0,1,-1
The Race Is On to Protect Data From the Next Leap in Computers. And China Has the Lead.,The New York Times,2018,12,4,11,0,0,1,1
Want to See All the Vermeers in the World? Now’s Your Chance,The New York Times,2018,12,4,11,0,0,1,1
"Review: In ‘The Cher Show,’ I Got You, Babe. And You. And You.",The New York Times,2018,12,4,11,0,0,1,1
‘Milkman’ Slogs Through Political and Cultural Tensions in Northern Ireland,The New York Times,2018,12,4,11,0,0,1,-1
"Ruth Haring, Top Chess Player Who Led Federation, Dies at 63",The New York Times,2018,12,4,11,0,0,1,-1
No News Is Bad News for Hungary,The New York Times,2018,12,4,11,0,0,1,1
"Victims of War, and Now Victims of the Trump Administration",The New York Times,2018,12,4,11,0,0,1,-1
Mayor Says Emergency Chief’s Firing Unrelated to Snowstorm,The Wall Street Journal,2018,12,4,11,0,1,1,-1
Special Counsel Mueller Asks for No Jail Time for Mike Flynn,The Wall Street Journal,2018,12,4,11,0,1,1,1
Canada’s Spy Chief Warns of Economic Espionage,The Wall Street Journal,2018,12,4,11,0,1,1,0
Solemn Rites as Bush’s Casket Arrives at Capitol,The Wall Street Journal,2018,12,4,11,0,1,1,1
Cash’s Star Shines in a Tumultuous Year for Global Markets,The Wall Street Journal,2018,12,4,11,0,1,1,1
Reading the Tea Leaves on Trade With China,The Wall Street Journal,2018,12,4,11,0,1,1,1
Many French protesters see a deeper rot in system,The Washington Times,2018,12,4,11,0,1,0,-1
Comey to sit for closed door session with lawmakers on Friday,The Washington Times,2018,12,4,11,0,1,0,1
Meghan McCain snaps after Joy Behar bashes Trump in segment honoring Bush: 'I don't care!',The Washington Times,2018,12,4,11,0,1,0,-1
China declares fentanyl illegal amid Trump pressure,The Washington Times,2018,12,4,11,0,1,0,-1
Too little progress against death and taxes,The Washington Times,2018,12,4,11,0,1,0,-1
Pompeo at NATO as U.S. and allies prepare response to Russian aggression in Ukraine,The Washington Times,2018,12,4,11,0,1,0,-1
"Donald Trump, Melania Trump pay respects to George H.W. Bush",The Washington Times,2018,12,4,11,0,1,0,1
D.C. streets closed for President George H.W. Bush's motorcade,The Washington Times,2018,12,4,11,0,1,0,-1
Pentagon yet to sign off on longer deployment of troops on Mexican border,The Washington Times,2018,12,4,11,0,1,0,0
Texas Judge Strikes Down Obama’s Affordable Care Act as Unconstitutional,The New York Times,2018,12,15,12,0,0,1,-1
Trump Names Mick Mulvaney Acting Chief of Staff,The New York Times,2018,12,15,12,0,0,1,-1
Walker Defends Legacy After Signing Bills Limiting Successor’s Power,The New York Times,2018,12,15,12,0,0,1,1
Theresa May Finds No Joy in Brussels. Now What for Brexit?,The New York Times,2018,12,15,12,0,0,1,-1
Wisconsin’s Scott Walker Signs Bills Stripping Powers From Incoming Governor,The New York Times,2018,12,15,12,0,0,1,-1
"The Senate Passed the Criminal Justice Bill. For Jared Kushner, It’s a Personal Issue and a Rare Victory.",The New York Times,2018,12,15,12,0,0,1,1
How a National Security Investigation of Huawei Set Off an International Incident,The New York Times,2018,12,15,12,0,0,1,-1
The Simplest Annuity Explainer We Could Write,The New York Times,2018,12,15,12,0,0,1,-1
How YouTube’s Year-in-Review ‘Rewind’ Video Set Off a Civil War,The New York Times,2018,12,15,12,0,0,1,-1
"After Yellow Vests Come Off, Activists in France Use Facebook to Protest and Plan",The New York Times,2018,12,15,12,0,0,1,-1
The People of Mbomo Tell Their Stories,The New York Times,2018,12,15,12,0,0,1,1
"Springsteen on Netflix, Where Everyone Can Get a Ticket",The New York Times,2018,12,15,12,0,0,1,1
You Want Snacks With That? New Jersey Bill Considers Marijuana Delivery,The New York Times,2018,12,15,12,0,0,1,-1
A Partisan Ruling on Obamacare,The New York Times,2018,12,15,12,0,0,1,1
New Jersey Democrats Play Power Games Too,The New York Times,2018,12,15,12,0,0,1,1
Headspace vs. Calm: The Meditation Battle That’s Anything but Zen,The Wall Street Journal,2018,12,15,12,0,1,1,1
A Stranger Comes to a New England Village’s Aid,The Wall Street Journal,2018,12,15,12,0,1,1,1
Justice Department Chides McKinsey in Another Bankruptcy Case,The Wall Street Journal,2018,12,15,12,0,1,1,-1
The Best Ways to Get Out of Debt,The Wall Street Journal,2018,12,15,12,0,1,1,1
Fewer ‘Yellow Vest’ Protesters Turn Out Across France,The Wall Street Journal,2018,12,15,12,0,1,1,-1
Ruling Against Health Law Puts Political Divide in Stark Relief,The Wall Street Journal,2018,12,15,12,0,1,1,1
"‘If He’s Hiding, I Will Find Him.’ One Man’s Hunt for the Militants Who Killed His Father",The Wall Street Journal,2018,12,15,12,0,1,1,0
Ukraine Creates ‘a Church Without Putin’,The Wall Street Journal,2018,12,15,12,0,1,1,0
Russian Lawyers Find Lucrative Niche Counseling Clients Hit by Sanctions,The Wall Street Journal,2018,12,15,12,0,1,1,0
Federal Judge Deals New Blow to Affordable Care Act,The Wall Street Journal,2018,12,15,12,0,1,1,-1
State and Local Investment Gets Lift From Rising Revenues,The Wall Street Journal,2018,12,15,12,0,1,1,1
Box Lacrosse Set to Return to Long Island. Will It Stick This Time?,The Wall Street Journal,2018,12,15,12,0,1,1,-1
New Jersey Democratic Leaders Pull Redistricting Bill After Criticism,The Wall Street Journal,2018,12,15,12,0,1,1,-1
U.N. Monitoring Unit to Oversee Yemen Cease-Fire Implementation,The Wall Street Journal,2018,12,15,12,0,1,1,1
Investors Turn Focus to Fed’s 2019 Rate Path,The Wall Street Journal,2018,12,15,12,0,1,1,0
How McKinsey Has Helped Raise the Stature of Authoritarian Governments,The New York Times,2018,12,16,13,0,0,1,1
Brazil’s Violent Drug Trade Overruns Paraguay: ‘Scenes You Only See in Movies’,The New York Times,2018,12,16,13,0,0,1,-1
‘Yellow Vest’ Protests Dwindle Amid Warnings and Concessions,The New York Times,2018,12,16,13,0,0,1,-1
"A Museum Honoring Judy Chicago, Star of Feminist Art? Not in This ‘Sleepy Little Town’",The New York Times,2018,12,16,13,0,0,1,-1
"As the Trumps Dodged Taxes, Their Tenants Paid a Price",The New York Times,2018,12,16,13,0,0,1,0
Mulvaney Called Trump a ‘Terrible Human Being’ in 2016,The New York Times,2018,12,16,13,0,0,1,-1
‘Clueless’ Was Amy Heckerling’s Masterpiece. Is She Done With It? As If.,The New York Times,2018,12,16,13,0,0,1,-1
Rib-Eye Steak With a Side of Shakespeare,The New York Times,2018,12,16,13,0,0,1,1
"The Director James Wan: If ‘Aquaman’ Doesn’t Work, Blame Me",The New York Times,2018,12,16,13,0,0,1,-1
"After ‘Gravity,’ Alfonso Cuarón Had His Pick of Directing Blockbusters. Instead, He Went Home to Make ‘Roma.’",The New York Times,2018,12,16,13,0,0,1,-1
What Happens When Facebook Goes the Way of Myspace?,The New York Times,2018,12,16,13,0,0,1,-1
The Octomom Has Proved Us All Wrong,The New York Times,2018,12,16,13,0,0,1,-1
Where to Find a Ceramic Christmas Tree?,The New York Times,2018,12,16,13,0,0,1,-1
"Fred Greenstein, 88, Dies; Political ‘Psychologist’ Assessed Presidents",The New York Times,2018,12,16,13,0,0,1,-1
"Joan Steinbrenner, 83, Yankees Vice-Chairwoman and Owner’s Widow, Dies",The New York Times,2018,12,16,13,0,0,1,-1
How to Get Employees to Give More to Charity,The Wall Street Journal,2018,12,16,13,0,1,1,0
Criminal Justice Advances,The Wall Street Journal,2018,12,16,13,0,1,1,1
A Seattle Couple Looks to Grow Their Recreational Marijuana Business,The Wall Street Journal,2018,12,16,13,0,1,1,1
A Young Librarian Hopes to Become a Full-Time Writer. Can She Afford To?,The Wall Street Journal,2018,12,16,13,0,1,1,1
"Global Week Ahead: U.S. Trade Data, Home Sales, Federal Reserve Meeting",The Wall Street Journal,2018,12,16,13,0,1,1,1
The Best Art of 2018: Diving Into the Beauty of the Past to Escape a Hectic Present,The Wall Street Journal,2018,12,16,13,0,1,1,1
"Germans, Take a Stand Against Nord Stream 2",The Wall Street Journal,2018,12,16,13,0,1,1,-1
Let the Good Times…Stay a Little Longer?,The Wall Street Journal,2018,12,16,13,0,1,1,-1
When Couples Retire—and Then Start a Business,The Wall Street Journal,2018,12,16,13,0,1,1,1
Lull in French Protests Offers Macron a Brief Respite,The Wall Street Journal,2018,12,16,13,0,1,1,1
Let’s See How Ready for Retirement You Really Are,The Wall Street Journal,2018,12,16,13,0,1,1,0
2018 Voting Threw Rifts Into Stark Relief,The Wall Street Journal,2018,12,16,13,0,1,1,1
Democrats Outline Plans for Trump Oversight,The Wall Street Journal,2018,12,16,13,0,1,1,-1
The Rocky Stock Market Still Pays Dividends to Investors,The Wall Street Journal,2018,12,16,13,0,1,1,1
People In Some Jobs Last Longer Than You’d Think,The Wall Street Journal,2018,12,16,13,0,1,1,1
Stocks Bounce Back From Edge of Bear Market,The New York Times,2018,12,27,14,0,0,1,-1
‘A Breaking Point’: Second Child’s Death Prompts New Procedures for Border Agency,The New York Times,2018,12,27,14,0,0,1,1
Trek Into Congo Forest Reveals an Ebola Crisis Fueled by Violence,The New York Times,2018,12,27,14,0,0,1,-1
Iran’s Economic Crisis Drags Down the Middle Class Almost Overnight,The New York Times,2018,12,27,14,0,0,1,-1
"First Las Vegas, Then Thousand Oaks. Now He Must Survive in Afghanistan.",The New York Times,2018,12,27,14,0,0,1,1
"Federal Workers, Some in ‘Panic Mode,’ Share Shutdown Fears on Social Media",The New York Times,2018,12,27,14,0,0,1,-1
India Curbs Power of Amazon and Walmart to Sell Products Online,The New York Times,2018,12,27,14,0,0,1,-1
"Japan to Resume Commercial Whaling, Defying International Ban",The New York Times,2018,12,27,14,0,0,1,-1
LinkedIn Co-Founder Apologizes for Deception in Alabama Senate Race,The New York Times,2018,12,27,14,0,0,1,-1
One Giant Step for a Chess-Playing Machine,The New York Times,2018,12,27,14,0,0,1,1
"The Town Where the Shots Go Up, and the Records Fall",The New York Times,2018,12,27,14,0,0,1,-1
There Are Lakers Not Named LeBron James — and They Are Not So Bad,The New York Times,2018,12,27,14,0,0,1,1
"In a Season of Boys’ Choirs, a Question: Why No Girls?",The New York Times,2018,12,27,14,0,0,1,0
‘What the Hell Is This?’ Officer in Viral Subway Video Didn’t Know He Had Gone Viral,The New York Times,2018,12,27,14,0,0,1,-1
Our Cellphones Aren’t Safe,The New York Times,2018,12,27,14,0,0,1,-1
U.S. Jobless Claims Fell Last Week,The Wall Street Journal,2018,12,27,14,0,1,1,-1
Sen. Johnny Isakson Called FBI on Behalf of MiMedx Group,The Wall Street Journal,2018,12,27,14,0,1,1,-1
Rediscover the Art of the Pop-In,The Wall Street Journal,2018,12,27,14,0,1,1,1
The Hidden Cost of a Government Shutdown,The Wall Street Journal,2018,12,27,14,0,1,1,-1
U.K. Investigates Leaks in Insider Trading Probe,The Wall Street Journal,2018,12,27,14,0,1,1,-1
‘Hollywood Godfather’ Review: Shaking Down Tinseltown,The Wall Street Journal,2018,12,27,14,0,1,1,1
Claire McCaskill on Alexandria Ocasio-Cortez: 'Rhetoric is cheap',The Washington Times,2018,12,27,14,0,1,0,-1
"Young America's Foundation sues University of Florida over hurdles for D'Souza, star pundits",The Washington Times,2018,12,27,14,0,1,0,-1
UMass Amherst disavows email asking student to remove 'f--- Nazis' sign,The Washington Times,2018,12,27,14,0,1,0,-1
Residents in D.C. hotel for homeless report mold,The Washington Times,2018,12,27,14,0,1,0,-1
"DHS begs for help, orders full review after second migrant child's death",The Washington Times,2018,12,27,14,0,1,0,0
Jay Gruden: Swearinger release 'right decision',The Washington Times,2018,12,27,14,0,1,0,0
Paul McCartney says he still dreams about playing music with late Beatles bandmates,The Washington Times,2018,12,27,14,0,1,0,1
Trump plans border wall visit with no end to shutdown near,The Washington Times,2018,12,27,14,0,1,0,-1
Amazon touts record-setting holiday season after customers complain of Alexa outage across Europe,The Washington Times,2018,12,27,14,0,1,0,1
Political economy predictions for 2019 (with subjective probabilities),The Washington Post,2019,1,2,15,0,0,1,0
"Kim and Trump Back at Square 1: If U.S. Keeps Sanctions, North Will Keep Nuclear Program",The New York Times,2019,1,2,15,0,0,1,0
Xi Jinping Warns Taiwan That Unification Is the Goal and Force Is an Option,The New York Times,2019,1,2,15,0,0,1,0
Mitt Romney Says Trump ‘Has Not Risen to the Mantle of the Office’,The New York Times,2019,1,2,15,0,0,1,-1
Will 2019 Be a Good Year for Investors? Here Are 4 Key Factors Affecting Stocks and the Economy,The New York Times,2019,1,2,15,0,0,1,1
"In the Race for Content, Hollywood Is Buying Up Hit Podcasts",The New York Times,2019,1,2,15,0,0,1,0
"In High-Tech Cities, No More Potholes, but What About Privacy?",The New York Times,2019,1,2,15,0,0,1,1
"Big Tech May Look Troubled, but It’s Just Getting Started",The New York Times,2019,1,2,15,0,0,1,1
"In Stories From an Argentine Surrealist, Circles of Madness and Violence",The New York Times,2019,1,2,15,0,0,1,1
Why the West Coast Is Suddenly Beating the East Coast on Transportation,The New York Times,2019,1,2,15,0,0,1,1
"At Inauguration, Cuomo Rallies State Against Trump",The New York Times,2019,1,2,15,0,0,1,0
How to Eat in 2019,The New York Times,2019,1,2,15,0,0,1,1
Bangladeshi Food Is a Rarity Around New York. This Place Helps Fill the Void.,The New York Times,2019,1,2,15,0,0,1,1
"Judith Rich Harris, 80, Dies; Author Played Down the Role of Parents",The New York Times,2019,1,2,15,0,0,1,-1
The Trump Tax Cut: Even Worse Than You’ve Heard,The New York Times,2019,1,2,15,0,0,1,-1
Sempra Energy Selling $332 Million Worth of Natural Gas Assets to ArcLight,The Wall Street Journal,2019,1,2,15,0,1,1,-1
Atlas Venture Rounds Up $250 Million for Later-Stage Biotech Fund,The Wall Street Journal,2019,1,2,15,0,1,1,0
Sears Swap Holders Make Peace With $82.5 Million Cyrus Deal,The Wall Street Journal,2019,1,2,15,0,1,1,-1
‘Judicial Fortitude’ Review: Time for Congress to Do Its Job,The Wall Street Journal,2019,1,2,15,0,1,1,0
Apple Makes Rare Cut to Sales Forecast,The Wall Street Journal,2019,1,2,15,0,1,1,1
"Give Me Your Tired, Your Poor and Overtaxed",The Wall Street Journal,2019,1,2,15,0,1,1,-1
Trump Predicts Romney Will Fall in Line Behind Him,The Wall Street Journal,2019,1,2,15,0,1,1,-1
U.S. Dollar Advances as Stocks Fall,The Wall Street Journal,2019,1,2,15,0,1,1,-1
Investors Are Betting That the Fed Hits Pause on Rate Hikes,The Wall Street Journal,2019,1,2,15,0,1,1,-1
Deaths Level Off—and Even Decline—in Some Opioid Hotspots,The Wall Street Journal,2019,1,2,15,0,1,1,-1
Brazil’s New Leader Moves to Revamp Economy,The Wall Street Journal,2019,1,2,15,0,1,1,0
Mitt Romney Washington Post op-ed assails Donald Trump,The Washington Times,2019,1,2,15,0,1,0,-1
"Drones likely to be regulated by state, city governments in 2019",The Washington Times,2019,1,2,15,0,1,0,-1
BOOK REVIEW: 'Presidents of War' by Michael Beschloss,The Washington Times,2019,1,2,15,0,1,0,1
Border Patrol agents repel migrant caravan 'violent mob' with tear gas,The Washington Times,2019,1,2,15,0,1,0,-1
"She’s on a #MeToo Mission in China, Battling Censors and Lawsuits",The New York Times,2019,1,5,16,0,0,1,-1
‘I Did Say That’: Trump Suggests Shutdown Could Last for Months,The New York Times,2019,1,5,16,0,0,1,-1
The Price of Trump’s Migrant Deterrence Strategy: New Chaos on the Border,The New York Times,2019,1,5,16,0,0,1,0
U.S. to Investigate Discrimination Against Native Students on Montana Reservation,The New York Times,2019,1,5,16,0,0,1,0
"Alexandria Ocasio-Cortez Dancing Video Was Meant as a Smear, but It Backfired",The New York Times,2019,1,5,16,0,0,1,-1
This Expert Called the Market Plunge. Here’s What He Sees in 2019.,The New York Times,2019,1,5,16,0,0,1,-1
"Hackers Leak Details of German Lawmakers, Except Those on Far Right",The New York Times,2019,1,5,16,0,0,1,-1
Marriott Concedes 5 Million Passport Numbers Lost to Hackers Were Not Encrypted,The New York Times,2019,1,5,16,0,0,1,-1
"In Price and Value, Chinese Phone Makers Outpace Apple in Much of the World",The New York Times,2019,1,5,16,0,0,1,1
4 Reasons the Tampa Bay Lightning Have Dominated the N.H.L.,The New York Times,2019,1,5,16,0,0,1,1
"‘Bandersnatch’ Has Many Paths, but Do Any of Them Add Up to Anything?",The New York Times,2019,1,5,16,0,0,1,0
Ellen DeGeneres: Academy Should Reinstate Kevin Hart as Oscars Host,The New York Times,2019,1,5,16,0,0,1,-1
"Dean Ford, Singer on Marmalade’s ‘Reflections,’ Is Dead at 72",The New York Times,2019,1,5,16,0,0,1,-1
"Honey Lantree, 75, Rarity as a Female ’60s Rock Drummer, Is Dead",The New York Times,2019,1,5,16,0,0,1,-1
The Latest Front Against Civil Rights,The New York Times,2019,1,5,16,0,0,1,0
Your Ice Cream Will Ride in a Self-Driving Car Before You Do,The Wall Street Journal,2019,1,5,16,0,1,1,-1
Clashes Break Out as France’s ‘Yellow-Vest’ Protests Show Signs of Revival,The Wall Street Journal,2019,1,5,16,0,1,1,0
‘Goldbergs’ Spinoff ‘Schooled’ Is In Session,The Wall Street Journal,2019,1,5,16,0,1,1,-1
The Two NFL Teams Nobody Wants to Play Are Playing Each Other,The Wall Street Journal,2019,1,5,16,0,1,1,-1
Bolton Warns Syria Not to Use Chemical Weapons,The Wall Street Journal,2019,1,5,16,0,1,1,0
Blast at Cairo Church Kills Police Officer,The Wall Street Journal,2019,1,5,16,0,1,1,-1
"Landlords Boosted Rents Last Year, but Tenants May Soon Have the Edge",The Wall Street Journal,2019,1,5,16,0,1,1,0
Pepper...and Salt,The Wall Street Journal,2019,1,5,16,0,1,1,1
Vatican Aims to Expedite Trial of U.S. Archbishop McCarrick,The Wall Street Journal,2019,1,5,16,0,1,1,-1
Michael Che of ‘SNL’ Stands Up for NYCHA Residents,The Wall Street Journal,2019,1,5,16,0,1,1,1
"Serial Pickpockets to Blame for Bump in New York City Subway Crime, Police Say",The Wall Street Journal,2019,1,5,16,0,1,1,-1
Put Down That Spoon—This Soup Is For Drinking,The Wall Street Journal,2019,1,5,16,0,1,1,1
Apple and the Art of Guidance,The Wall Street Journal,2019,1,5,16,0,1,1,1
Jeff Bezos and Jamie Dimon: Best of Frenemies,The Wall Street Journal,2019,1,5,16,0,1,1,1
The Butterfly Effect That Powers a Masters Swimmer,The Wall Street Journal,2019,1,5,16,0,1,1,1
"Trump’s Emergency Powers Threat Could End Shutdown Crisis, but at What Cost?",The New York Times,2019,1,10,17,0,0,1,-1
Schumer Accuses Trump of ‘Temper Tantrum’ in Shutdown Meeting,The New York Times,2019,1,10,17,0,0,1,-1
"American Boy, 16, Caught Fighting for ISIS in Syria, Militia Says",The New York Times,2019,1,10,17,0,0,1,-1
Judge Dismisses Part of Ashley Judd’s Lawsuit Against Harvey Weinstein,The New York Times,2019,1,10,17,0,0,1,-1
"Tom Steyer, Billionaire Impeachment Activist, Won’t Run Against Trump",The New York Times,2019,1,10,17,0,0,1,1
CES 2019: It’s the Year of Virtual Assistants and 5G,The New York Times,2019,1,10,17,0,0,1,1
"In Adam Gase, Jets Pick a Coach They Could Rarely Beat",The New York Times,2019,1,10,17,0,0,1,1
Wakanda for Oscar?,The New York Times,2019,1,10,17,0,0,1,0
"Paid Vacation to Be Required for Private Sector Workers, Mayor Says",The New York Times,2019,1,10,17,0,0,1,1
Colorado’s Got a Gay Governor. Who Cares?,The New York Times,2019,1,10,17,0,0,1,-1
"Larry Langford, Convicted Former Birmingham Mayor, Dies at 72",The New York Times,2019,1,10,17,0,0,1,-1
"Peter Meldrum, Who Lost a Fight to Patent Genes, Dies at 71",The New York Times,2019,1,10,17,0,0,1,0
You Should Meditate Every Day,The New York Times,2019,1,10,17,0,0,1,1
Have We Had Enough of the Imperial Presidency Yet?,The New York Times,2019,1,10,17,0,0,1,1
I Am Pro-Life. Don’t Call Me Anti-Abortion.,The New York Times,2019,1,10,17,0,0,1,0
U.S. Stocks Regain Ground Despite Concerns About Global Growth,The Wall Street Journal,2019,1,10,17,0,1,1,0
Copper Edges Lower After More Weak China Data,The Wall Street Journal,2019,1,10,17,0,1,1,-1
New Florida GOP Governor Moves Quickly,The Wall Street Journal,2019,1,10,17,0,1,1,1
U.K. Receives Record Number of Suspicious-Activity Reports,The Wall Street Journal,2019,1,10,17,0,1,1,-1
"Trump Cancels Davos Trip, Digs In on Border-Wall Funding",The Wall Street Journal,2019,1,10,17,0,1,1,-1
The Fatalism of a True Football Fan,The Wall Street Journal,2019,1,10,17,0,1,1,-1
Amazon’s IMDb Launches Free Streaming-Video Service,The Wall Street Journal,2019,1,10,17,0,1,1,-1
Families set new record for illegal immigration,The Washington Times,2019,1,10,17,0,1,0,1
Donald Trump rebuffs Dems' border security plan: 'They don't come in through checkpoints',The Washington Times,2019,1,10,17,0,1,0,-1
Scientists test small sponge to filter chemotherapy drugs in cancer patients,The Washington Times,2019,1,10,17,0,1,0,1
"The Golden Globes show wallows in screeds, name-calling",The Washington Times,2019,1,10,17,0,1,0,-1
House votes to intervene in Obamacare lawsuit,The Washington Times,2019,1,10,17,0,1,0,1
Why Trump is winning the battle of the wall,The Washington Times,2019,1,10,17,0,1,0,-1
Former top Gitmo officer indicted for obstruction of justice,The Washington Times,2019,1,10,17,0,1,0,1
Iran's navy plans operations in Atlantic,The Washington Times,2019,1,10,17,0,1,0,1
Building on Ocasio-Cortez: More progressive ways to raise much-needed tax revenues,The Washington Post,2019,1,16,18,0,0,1,1
"Shutdown’s Economic Damage Starts to Pile Up, Threatening an End to Growth",The New York Times,2019,1,16,18,0,0,1,-1
House Passes Resolution Condemning White Supremacy,The New York Times,2019,1,16,18,0,0,1,0
Barr: Mueller Should ‘Complete His Work’,The New York Times,2019,1,16,18,0,0,1,-1
Who Is Kirsten Gillibrand? | 2020 Presidential Candidate,The New York Times,2019,1,16,18,0,0,1,1
"Venezuela Opposition Declares Maduro Illegitimate, and Urges Defections",The New York Times,2019,1,16,18,0,0,1,-1
‘The Shutdown Makes Me Nervous’: Young People Caught Up in Impasse,The New York Times,2019,1,16,18,0,0,1,-1
Here’s How the Shutdown Is Delaying Climate Data and Undercutting Scientists,The New York Times,2019,1,16,18,0,0,1,-1
Republicans Rebuke Steve King but Face Vexing Question: Why Not Sooner?,The New York Times,2019,1,16,18,0,0,1,-1
Supreme Court Concludes That Snatching a Necklace Is a Violent Felony,The New York Times,2019,1,16,18,0,0,1,-1
Senegal’s Museum of Black Civilizations Welcomes Some Treasures Home,The New York Times,2019,1,16,18,0,0,1,1
M. Night Shyamalan’s Biggest Twist? Coming Full Circle,The New York Times,2019,1,16,18,0,0,1,1
"Benno, Proudly Out of Step With the Age",The New York Times,2019,1,16,18,0,0,1,1
"J.D. Gibbs, Who Helped Make Nascar Stars, Is Dead at 49",The New York Times,2019,1,16,18,0,0,1,-1
"Republicans, Racism and Steve King",The New York Times,2019,1,16,18,0,0,1,-1
Watchdog Finds Flaws in Review of Trump Hotel Lease,The Wall Street Journal,2019,1,16,18,0,1,1,-1
"‘God in the Qur’an’ Review: Allah, a Biography",The Wall Street Journal,2019,1,16,18,0,1,1,1
"With Back Pay Promised, Job-Growth Streak Likely to Continue",The Wall Street Journal,2019,1,16,18,0,1,1,1
Cuomo’s Budget Proposal Cuts Aid to Municipalities,The Wall Street Journal,2019,1,16,18,0,1,1,-1
"Bernie Sanders, Former Staffers Meet After Harassment Allegations",The Wall Street Journal,2019,1,16,18,0,1,1,-1
"‘Metaphysical Masterpieces 1916-1920: Morandi, Sironi, and Carrà’ Review: Every Object’s Mysteries",The Wall Street Journal,2019,1,16,18,0,1,1,1
"Former Fed Leaders, Economists Rally Around Carbon Tax",The Wall Street Journal,2019,1,16,18,0,1,1,-1
"Anastasia Vashukevich, who claims Manafort evidence, convicted in Thailand",The Washington Times,2019,1,16,18,0,1,0,0
WikiLeaks takes on The Guardian for alleging ties to Paul Manafort: 'Legal action will now commence',The Washington Times,2019,1,16,18,0,1,0,-1
Top N. Korean nuclear negotiator headed to Washington: Reports,The Washington Times,2019,1,16,18,0,1,0,1
Donald Trump points to new migrant caravan in border wall demand,The Washington Times,2019,1,16,18,0,1,0,-1
"Steven Mnuchin will lead pared-down U.S. delegation to economic meeting in Davos, Switzerland",The Washington Times,2019,1,16,18,0,1,0,1
Alexandria Ocasio-Cortez to join House Financial Services Committee,The Washington Times,2019,1,16,18,0,1,0,1
Laura Loomer sets up illegal immigrant 'sanctuary' on Nancy Pelosi's lawn,The Washington Times,2019,1,16,18,0,1,0,0
Blu-ray & 4K reviews: 'When Harry Met Sally ...' and  'Bad Times at The El Royale',The Washington Times,2019,1,16,18,0,1,0,0
Video Shows Deadly Blast in Syria,The New York Times,2019,1,17,19,0,0,1,-1
Pelosi Calls for Postponing State of the Union,The New York Times,2019,1,17,19,0,0,1,-1
Death Toll Rises in Kenya Attack as Distraught Relatives Scramble,The New York Times,2019,1,17,19,0,0,1,-1
"Andrew Wheeler, at E.P.A. Confirmation Hearing, Walks a Fine Line on Climate Change",The New York Times,2019,1,17,19,0,0,1,1
"As Republicans Rush to Condemn Steve King, Some Ask: Why Not Trump?",The New York Times,2019,1,17,19,0,0,1,-1
French Government Calls for Carlos Ghosn to Be Replaced as Renault’s Leader,The New York Times,2019,1,17,19,0,0,1,-1
YouTube Bans Risky Prank Videos Amid Spate of ‘Bird Box’ Challenge Stunts,The New York Times,2019,1,17,19,0,0,1,-1
How to Sort Through a Cornucopia of Television Shows,The New York Times,2019,1,17,19,0,0,1,-1
The Warriors Prepare to Add Another Star: DeMarcus Cousins,The New York Times,2019,1,17,19,0,0,1,1
‘Project Blue Book’ Is Based on a True U.F.O. Story. Here It Is.,The New York Times,2019,1,17,19,0,0,1,1
"Facebook Advertising Profiles Are a Mystery to Most Users, Survey Says",The New York Times,2019,1,17,19,0,0,1,-1
The Gay Penguins of Australia,The New York Times,2019,1,17,19,0,0,1,-1
"Jo Andres, Innovative Choreographer and Filmmaker, Dies at 64",The New York Times,2019,1,17,19,0,0,1,-1
"Bob Kuechenberg, 71, Dies; Gritty Guard With Champion Dolphins",The New York Times,2019,1,17,19,0,0,1,1
"Theo Adam, Acclaimed in Wagner Operas, Is Dead at 92",The New York Times,2019,1,17,19,0,0,1,-1
These Apple Ciders Are Wild—Literally,The Wall Street Journal,2019,1,17,19,0,1,1,1
Stocks Jump on Trade Hopes,The Wall Street Journal,2019,1,17,19,0,1,1,-1
Mads Mikkelsen Helps Build the Death Star (Again),The Wall Street Journal,2019,1,17,19,0,1,1,1
"In Canada, Oil Output Cuts Pay Off as Prices Rally",The Wall Street Journal,2019,1,17,19,0,1,1,-1
"Apple Supplier Issues Profit Warning, Blames Weak Chinese Demand",The Wall Street Journal,2019,1,17,19,0,1,1,-1
Aide to New York Mayor Quit After Sexual-Harassment Accusations,The Wall Street Journal,2019,1,17,19,0,1,1,-1
NYPD Emails Show Officers Surveilled Black Lives Matter Protesters,The Wall Street Journal,2019,1,17,19,0,1,1,0
Johnson & Johnson to Use Apple Watch App for Heart-Health Study,The Wall Street Journal,2019,1,17,19,0,1,1,1
What would Tony Soprano think of Donald Trump?,The Washington Times,2019,1,17,19,0,1,0,-1
Trump announces six new federal court picks,The Washington Times,2019,1,17,19,0,1,0,-1
Trump's move to ease Russia sanctions survives Senate vote,The Washington Times,2019,1,17,19,0,1,0,0
"Ed Case, Hawaii Democrat, claims he's 'an Asian trapped in a white body'",The Washington Times,2019,1,17,19,0,1,0,-1
Trump base willing to endure pain of shutdown,The Washington Times,2019,1,17,19,0,1,0,-1
Sen. Kennedy: Trump is a 'carnivore' when it comes to border wall demands,The Washington Times,2019,1,17,19,0,1,0,-1
Dianne Feinstein: AG nominee William Barr gave 'confusing' answers on releasing Mueller report,The Washington Times,2019,1,17,19,0,1,0,-1
Pompeo to O.A.S. Members: Recognize Guaidó as Venezuela’s New President,The New York Times,2019,1,25,20,0,0,1,1
"Down to Its Last 2 Villages in Syria, ISIS Still Fights Back",The New York Times,2019,1,25,20,0,0,1,-1
‘We Didn’t Get Ph.D.s Just to Sit Around’: Civil Servants’ Good Will Erodes,The New York Times,2019,1,25,20,0,0,1,-1
"After Falling Under Obama, America’s Uninsured Rate Looks to Be Rising",The New York Times,2019,1,25,20,0,0,1,0
A ‘Let Them Eat Cake’ Shutdown? Democrats Make the Most of an Administration’s Missteps,The New York Times,2019,1,25,20,0,0,1,-1
Warren’s Plan Is Latest Push by Democrats to Raise Taxes on the Rich,The New York Times,2019,1,25,20,0,0,1,-1
Amazon Is Pushing Facial Technology That a Study Says Could Be Biased,The New York Times,2019,1,25,20,0,0,1,-1
Review: Ethan Hawke and Paul Dano Go Mano a Mano in the Riveting ‘True West’,The New York Times,2019,1,25,20,0,0,1,1
"‘The Image Book’ Review: Godard Looks at Violence, and Movies",The New York Times,2019,1,25,20,0,0,1,0
The L Train Shutdown Was Averted. Can the Brooklyn Promenade Stay Open Too?,The New York Times,2019,1,25,20,0,0,1,-1
"Trump and Cohen Received Gun Licenses in Exchange for Favors, Former Police Official Alleges",The New York Times,2019,1,25,20,0,0,1,-1
Diana Athill Dies at 101; Wrote Cleareyed Memoirs of Love and Sex,The New York Times,2019,1,25,20,0,0,1,1
"Rita Vidaurri, Ranchera Singer Who Reclaimed Her Career, Dies at 94",The New York Times,2019,1,25,20,0,0,1,-1
Venezuela: Between Maduro and a Hard Place,The New York Times,2019,1,25,20,0,0,1,1
Our Longest War Is Still an Important War,The New York Times,2019,1,25,20,0,0,1,1
Former Tesco Subsidiary Executive Acquitted in Fraud Case,The Wall Street Journal,2019,1,25,20,0,1,1,1
Dollar Declines to End Week,The Wall Street Journal,2019,1,25,20,0,1,1,-1
How the News Became Fake,The Wall Street Journal,2019,1,25,20,0,1,1,-1
Stone Charged in Mueller Probe,The Wall Street Journal,2019,1,25,20,0,1,1,0
Beyond the Shutdown: The Trump-Pelosi Dynamic Defines Washington,The Wall Street Journal,2019,1,25,20,0,1,1,1
Elegy for the Floating City,The Wall Street Journal,2019,1,25,20,0,1,1,1
Signs of progress in U.S. talks with Taliban; cease-fire discussed,The Washington Times,2019,1,25,20,0,1,0,0
"Michael Ertel, Florida secretary of state, resigns over Halloween blackface photos",The Washington Times,2019,1,25,20,0,1,0,-1
Nathan Phillips on Covington Catholic controversy: 'I still have that forgiveness in my heart',The Washington Times,2019,1,25,20,0,1,0,1
Covington: The canary in the coal mine for mainstream media,The Washington Times,2019,1,25,20,0,1,0,1
"Workers reach settlement with union over membership resignations, dues",The Washington Times,2019,1,25,20,0,1,0,0
Lanny Davis says Michael Cohen will comply with Senate subpoena,The Washington Times,2019,1,25,20,0,1,0,0
"The Daily Mail, British tabloid, rejects Microsoft app flagging outlet as unreliable",The Washington Times,2019,1,25,20,0,1,0,-1
Researchers sound alarm on measles hot spots,The Washington Times,2019,1,25,20,0,1,0,-1
D.J. Swearinger says Redskins will 'never win big' with Jay Gruden,The Washington Times,2019,1,25,20,0,1,0,-1
"In Conservative Districts, Democrats Have to Answer for Party’s Left Wing",The New York Times,2019,2,25,21,0,0,1,-1
"Oscars 2019: ‘Green Book,’ Rami Malek and Olivia Colman Are Winners",The New York Times,2019,2,25,21,0,0,1,1
How the Upper Middle Class Is Really Doing,The New York Times,2019,2,25,21,0,0,1,1
The Police Were Called for Help. They Arrested Her Instead.,The New York Times,2019,2,25,21,0,0,1,-1
40-Foot Cross Divides a Community and Prompts a Supreme Court Battle,The New York Times,2019,2,25,21,0,0,1,1
How to Make Time With Family and Loved Ones Count,The New York Times,2019,2,25,21,0,0,1,1
Huawei’s Plight Hangs Over Wireless Industry Showcase,The New York Times,2019,2,25,21,0,0,1,-1
When the Waiting Room Is Your Living Room,The New York Times,2019,2,25,21,0,0,1,1
Stevie Johnson Still Carries His Grief Onto the Tennis Court,The New York Times,2019,2,25,21,0,0,1,1
Liverpool Draws at Manchester United and Lives to Fight Another Day,The New York Times,2019,2,25,21,0,0,1,0
Mapping Oliver Jeffers’s World,The New York Times,2019,2,25,21,0,0,1,1
"Overlooked No More: Dorothy Bolden, Who Started a Movement for Domestic Workers",The New York Times,2019,2,25,21,0,0,1,1
"Marella Agnelli, Society’s ‘Last Swan’ and a Passionate Gardener, Is Dead at 91",The New York Times,2019,2,25,21,0,0,1,-1
"David Horowitz, 81, Dies; TV Consumer Advocate Cried, ‘Fight Back!’",The New York Times,2019,2,25,21,0,0,1,-1
"Mr. Mayor, Where Did the Love Go?",The New York Times,2019,2,25,21,0,0,1,1
Cardinal George Pell Found Guilty of Sexually Assaulting Choirboys,The Wall Street Journal,2019,2,25,21,0,1,1,-1
Bernie Sanders Needs to Move Left,The Wall Street Journal,2019,2,25,21,0,1,1,-1
Manafort’s Lawyers Ask Judge for Leniency,The Wall Street Journal,2019,2,25,21,0,1,1,-1
"Etsy Stock Rises, as Users and Sellers Grow",The Wall Street Journal,2019,2,25,21,0,1,1,1
GOP’s ‘Born Alive’ Abortion Bill Fails to Advance in Senate,The Wall Street Journal,2019,2,25,21,0,1,1,-1
Investigators Search for Black Boxes in Amazon Plane Crash,The Wall Street Journal,2019,2,25,21,0,1,1,1
The Saudis Hedge Their American Bets,The Wall Street Journal,2019,2,25,21,0,1,1,-1
"Shake Shack Revenue Rises, Helped by Higher Prices",The Wall Street Journal,2019,2,25,21,0,1,1,0
"Stick to Your Guns, Microsoft",The Wall Street Journal,2019,2,25,21,0,1,1,-1
"Trump’s Retreat on Tariffs May Help Keep Inflation Pressure at Bay, Report Says",The Wall Street Journal,2019,2,25,21,0,1,1,0
Why the legacy of William Wilberforce is a potent one 200 years on,The Washington Times,2019,2,25,21,0,1,0,1
Donald Trump's summit with Kim Jong-un faces high expectations,The Washington Times,2019,2,25,21,0,1,0,0
"Michelle Lujan Grisham, New Mexico governor, defends pulling National Guard troops from border",The Washington Times,2019,2,25,21,0,1,0,1
"Donald Trump Jr: Hate hoax nominees are Nathan Phillips, Jussie Smollett, Christine Blasey Ford",The Washington Times,2019,2,25,21,0,1,0,-1
Christopher Steele libel trial to begin in fall,The Washington Times,2019,2,25,21,0,1,0,-1
"The good, the bad and the ugly of the foreign policymaking process",The Washington Post,2019,3,4,22,0,0,1,-1
Senators should stop asking about judicial nominees’ religious beliefs,The Washington Post,2019,3,4,22,0,0,1,-1
"Nursing Homes Are Closing Across Rural America, Scattering Residents",The New York Times,2019,3,4,22,0,0,1,-1
"To Woo a Skeptical Trump, Intelligence Chiefs Talk Economics Instead of Spies",The New York Times,2019,3,4,22,0,0,1,0
"Guaidó Vows a Prompt Return to Venezuela, as Unity Starts to Fray",The New York Times,2019,3,4,22,0,0,1,0
Key House Democrat Plans to Request Documents From Dozens of People Tied to Trump,The New York Times,2019,3,4,22,0,0,1,-1
Private Money Takes On Bigger Role in Airport Projects,The New York Times,2019,3,4,22,0,0,1,0
A Swimmer Saved by What She Lost,The New York Times,2019,3,4,22,0,0,1,1
Patriots Owner Robert Kraft Faces Biggest Test of His Power,The New York Times,2019,3,4,22,0,0,1,-1
Want More After ‘Apollo 11’? Here Are 5 Space Documentaries to Stream,The New York Times,2019,3,4,22,0,0,1,1
Review: An Abundance of Cunningham at Harkness Festival,The New York Times,2019,3,4,22,0,0,1,1
"Zhores Alferov, 88, Dies; Nobel Winner Paved Way for Laser Technology",The New York Times,2019,3,4,22,0,0,1,1
"Charles McCarry, 88, Spy Turned Master Spy Novelist, Is Dead",The New York Times,2019,3,4,22,0,0,1,-1
Overlooked No More: The Underground Graffiti Adventures of Dondi,The New York Times,2019,3,4,22,0,0,1,0
Mom Is Waiting on Mueller and Lots of Other Reports Too,The New York Times,2019,3,4,22,0,0,1,-1
Salesforce Raises Its Full-Year Sales Outlook as Profit Rises,The Wall Street Journal,2019,3,4,22,0,1,1,0
Salesforce: Gravity Still Applies,The Wall Street Journal,2019,3,4,22,0,1,1,1
Democrats Aim to Block Trump Administration Move on Abortion Providers,The Wall Street Journal,2019,3,4,22,0,1,1,-1
Hickenlooper Up the Middle,The Wall Street Journal,2019,3,4,22,0,1,1,-1
The Lesson From Europe Is In What Policies to Avoid,The Wall Street Journal,2019,3,4,22,0,1,1,-1
About Trump’s ‘Failure’ in Hanoi,The Wall Street Journal,2019,3,4,22,0,1,1,0
Will Democratic Primary Voters Tolerate a Liberal?,The Wall Street Journal,2019,3,4,22,0,1,1,-1
AI Efforts at Large Companies May Be Hindered by Poor Quality Data,The Wall Street Journal,2019,3,4,22,0,1,1,-1
Kenneth Kiyul Lee’s White Privilege,The Wall Street Journal,2019,3,4,22,0,1,1,1
California Court Backs Retiree Cut but Keeps Broader Worker Protections,The Wall Street Journal,2019,3,4,22,0,1,1,1
David’s Bridal Names New Leadership After Emerging From Bankruptcy,The Wall Street Journal,2019,3,4,22,0,1,1,1
Document Requests Show House Panel’s Areas of Interest in Trump Probe,The Wall Street Journal,2019,3,4,22,0,1,1,0
"Reject the sexism, discrimination of Women's History Month",The Washington Times,2019,3,4,22,0,1,0,-1
John Bolton backs Jared Kushner security clearance,The Washington Times,2019,3,4,22,0,1,0,1
"Donald Trump decries 'presidential harassment,' declares 'I am an innocent man'",The Washington Times,2019,3,4,22,0,1,0,-1
Hesitating to go see ‘Captain Marvel’? Then you must be a bad feminist.,The Washington Post,2019,3,7,23,0,0,1,-1
Here’s how to help people who have kids and aren’t rich run for Congress,The Washington Post,2019,3,7,23,0,0,1,0
Ilhan Omar Controversy Caps a Month of Stumbles for Democratic Leaders,The New York Times,2019,3,7,23,0,0,1,-1
Why Ilhan Omar Faces Accusations of Anti-Semitism,The New York Times,2019,3,7,23,0,0,1,-1
House Tour | Isaac Mizrahi,The New York Times,2019,3,7,23,0,0,1,1
Will Kim Jong-un Return to Brinkmanship? Weak Economy Is Forcing His Hand,The New York Times,2019,3,7,23,0,0,1,-1
U.K. Knife Crime Rises. Are Budget Cuts to Blame?,The New York Times,2019,3,7,23,0,0,1,-1
She Defended Iranian Women Who Removed Their Head-Coverings. Now She Is a Convict.,The New York Times,2019,3,7,23,0,0,1,1
Homeland Security Chief Spars With Democrats Over Splitting Migrant Families,The New York Times,2019,3,7,23,0,0,1,-1
U.S. and E.U. Are Headed for a Food Fight Over Trade,The New York Times,2019,3,7,23,0,0,1,-1
Slow Enough to Be a Sponsored Runner,The New York Times,2019,3,7,23,0,0,1,-1
"In ‘The Uninhabitable Earth,’ Apocalypse Is Now",The New York Times,2019,3,7,23,0,0,1,-1
She Accused 2 Police Officers of Rape. Then Her Testimony Was Questioned.,The New York Times,2019,3,7,23,0,0,1,-1
"Hugh Fordin, Writer and Record Producer, Is Dead at 83",The New York Times,2019,3,7,23,0,0,1,-1
"Marcia Dale Weary, Heartland Ballet Teacher, Is Dead at 82",The New York Times,2019,3,7,23,0,0,1,-1
U.S. Gives European Allies Friday Target to Sign on to Syria Proposal,The Wall Street Journal,2019,3,7,23,0,1,1,-1
Stock-Market Volatility Takes a Bite Out of U.S. Households’ Net Worth,The Wall Street Journal,2019,3,7,23,0,1,1,-1
Notable & Quotable: The Art of Climate Science,The Wall Street Journal,2019,3,7,23,0,1,1,1
Wisconsin’s School Monopolist,The Wall Street Journal,2019,3,7,23,0,1,1,-1
Ohio Democratic Sen. Sherrod Brown Won’t Run for President,The Wall Street Journal,2019,3,7,23,0,1,1,0
The History of the Jews in Poland Is Complex,The Wall Street Journal,2019,3,7,23,0,1,1,1
Mario Draghi’s Last Try,The Wall Street Journal,2019,3,7,23,0,1,1,-1
California’s Water Woes Are Self-Inflicted,The Wall Street Journal,2019,3,7,23,0,1,1,-1
ECB to Launch New Stimulus in Major Policy Reversal,The Wall Street Journal,2019,3,7,23,0,1,1,0
Donald Trump tells Senate Republicans: 'Stay united' on emergency wall funding,The Washington Times,2019,3,7,23,0,1,0,-1
"Voters believe Trump committed crimes before being in office, but don't want impeachment: Poll",The Washington Times,2019,3,7,23,0,1,0,0
Redskins can benefit from busy safety market,The Washington Times,2019,3,7,23,0,1,0,0
BOOK REVIEW: 'The Border' by Don Winslow,The Washington Times,2019,3,7,23,0,1,0,1
Esketamine approved by FDA to counter depression,The Washington Times,2019,3,7,23,0,1,0,1
Donald Trump threatens to boycott presidential debates after DNC excludes Fox News,The Washington Times,2019,3,7,23,0,1,0,-1
ISIS Caliphate Crumbles as Last Village in Syria Falls,The New York Times,2019,3,24,24,0,0,1,-1
Medicare for All Would Abolish Private Insurance. ‘There’s No Precedent in American History.’,The New York Times,2019,3,24,24,0,0,1,0
An ISIS Couple’s Troubling Path to Terror Recruiting,The New York Times,2019,3,24,24,0,0,1,-1
"‘I Can’t Be Myself Here’: At the Border, Transgender Women Navigate 2 Worlds",The New York Times,2019,3,24,24,0,0,1,1
Attorney General Prepares to Brief Lawmakers and Trump on Report,The New York Times,2019,3,24,24,0,0,1,0
The Great American Cardboard Comeback,The New York Times,2019,3,24,24,0,0,1,1
"This Is Lupita Nyong’o. Hollywood, Please Keep Up.",The New York Times,2019,3,24,24,0,0,1,1
"Reunion Tour! The Band Is Back! Wait, Who Are These Guys?",The New York Times,2019,3,24,24,0,0,1,1
"Rick Steves Wants to Save the World, One Vacation at a Time",The New York Times,2019,3,24,24,0,0,1,1
In Praise of Pioneer Women and Rocket Scientists,The New York Times,2019,3,24,24,0,0,1,1
Translating Broker Babble,The New York Times,2019,3,24,24,0,0,1,-1
"Reviving a Centuries-Old Abandoned Castle and, With It, a Way of Life",The New York Times,2019,3,24,24,0,0,1,1
"Anita Silvers, an Authority on Disability Rights, Dies at 78",The New York Times,2019,3,24,24,0,0,1,-1
"Stephen Moore Would Be a Loyalist, not an Expert, at the Fed",The New York Times,2019,3,24,24,0,0,1,-1
Our Chess Champion Has a Home,The New York Times,2019,3,24,24,0,0,1,1
Obama’s TPP Would’ve Helped Limit China,The Wall Street Journal,2019,3,24,24,0,1,1,-1
Stock Market Rally Trips on Global Growth Fears,The Wall Street Journal,2019,3,24,24,0,1,1,0
Robert Mueller Has a Money Problem,The Wall Street Journal,2019,3,24,24,0,1,1,-1
Stop Arbitrarily Retiring Experienced Pilots,The Wall Street Journal,2019,3,24,24,0,1,1,1
Tax Law Is Full of Exceptions,The Wall Street Journal,2019,3,24,24,0,1,1,-1
Thermo Fisher to Buy Brammer Bio for $1.7 Billion,The Wall Street Journal,2019,3,24,24,0,1,1,-1
"She’s OK Being Called NYC’s First Mom, as Long as Her Corey Is Happy",The Wall Street Journal,2019,3,24,24,0,1,1,1
"Islamic State’s Caliphate Is Gone, but Not Its Violent Extremism",The Wall Street Journal,2019,3,24,24,0,1,1,1
Harvard Should Be Crimson With Chagrin,The Wall Street Journal,2019,3,24,24,0,1,1,-1
"Democrats, Join Trump Against Russian Aggression",The Wall Street Journal,2019,3,24,24,0,1,1,-1
N.Y. Lawmakers Have Incentive to Pass Budget on Time: a Pay Raise,The Wall Street Journal,2019,3,24,24,0,1,1,0
Economy Week Ahead: New U.S. Housing and Trade Data,The Wall Street Journal,2019,3,24,24,0,1,1,1
The Mueller Conclusions,The Wall Street Journal,2019,3,24,24,0,1,1,0
Rep. Ocasio-Cortez Brings Memories of Gilda Radner,The Wall Street Journal,2019,3,24,24,0,1,1,1
Pros and Cons of 529 Accounts for College,The Wall Street Journal,2019,3,24,24,0,1,1,1
Trump’s executive order on free speech is remarkably thin — but a signal to the right,The Washington Post,2019,3,25,25,0,0,1,0
The good news from the Barr summary of the Mueller report,The Washington Post,2019,3,25,25,0,0,1,1
"Its Territory May Be Gone, but the U.S. Fight Against ISIS Is Far From Over",The New York Times,2019,3,25,25,0,0,1,-1
"In Thai Elections, Military Party Takes the Lead, Upending Polls",The New York Times,2019,3,25,25,0,0,1,-1
"After 2 Apparent Student Suicides, Parkland Grieves Again",The New York Times,2019,3,25,25,0,0,1,1
"Trump Declares Exoneration, and a War on His Enemies",The New York Times,2019,3,25,25,0,0,1,-1
Why Netflix Won’t Be Part of Apple TV,The New York Times,2019,3,25,25,0,0,1,-1
Warnings of a Dark Side to A.I. in Health Care,The New York Times,2019,3,25,25,0,0,1,-1
Why Lupita Nyong’o’s ‘Us’ Voice Sounds So Creepy,The New York Times,2019,3,25,25,0,0,1,-1
"Man Charged in Subway Attack on 78-Year-Old Woman That Was Caught on Video, Police Say",The New York Times,2019,3,25,25,0,0,1,-1
"At 374,000 Pounds, ‘Big Boy’ Plays Vital Supporting Role at Ground Zero",The New York Times,2019,3,25,25,0,0,1,1
"Godfried Danneels, Liberal Cardinal Tainted by Sex Scandal, Dies at 85",The New York Times,2019,3,25,25,0,0,1,-1
"Alessandro Mendini, Designer Known for Splash, Is Dead at 87",The New York Times,2019,3,25,25,0,0,1,-1
It’s Bigger Than Mueller and Trump,The New York Times,2019,3,25,25,0,0,1,0
A Grand Compromise on Immigration,The New York Times,2019,3,25,25,0,0,1,1
Father of Sandy Hook Shooting Victim Dies of Apparent Suicide,The Wall Street Journal,2019,3,25,25,0,1,1,0
Education Department Investigates Colleges in Admissions Cheating Scandal,The Wall Street Journal,2019,3,25,25,0,1,1,-1
Moore Says Fed’s Pivot Validates Criticism of Rate Increases,The Wall Street Journal,2019,3,25,25,0,1,1,1
France’s CMA CGM to Buy Chinese-Made Container Ships,The Wall Street Journal,2019,3,25,25,0,1,1,-1
Trump’s Golan Decision Is Moral and Strategic,The Wall Street Journal,2019,3,25,25,0,1,1,1
Mueller Exposes Spy Chiefs,The Wall Street Journal,2019,3,25,25,0,1,1,0
New York’s State Assembly Joins Cuomo in Supporting Congestion Pricing,The Wall Street Journal,2019,3,25,25,0,1,1,0
Fed’s Rosengren: Fed Balance Sheet Cuts Didn’t Cause Late 2018 Market Woes,The Wall Street Journal,2019,3,25,25,0,1,1,-1
Media pulled off big con with Russia collusion story,The Washington Times,2019,3,25,25,0,1,0,-1
Wizards turn to evaluation mode with playoff hopes all but dead,The Washington Times,2019,3,25,25,0,1,0,-1
William Barr 'principal conclusions' on Mueller report expected to be sent to Congress Sunday,The Washington Times,2019,3,25,25,0,1,0,0
Lindsey Graham suggests calling James Comey to testify,The Washington Times,2019,3,25,25,0,1,0,-1
Robert Mueller counters media reports on 6 Trump aides,The Washington Times,2019,3,25,25,0,1,0,-1
William Barr to send Mueller report findings within 45 minutes,The Washington Times,2019,3,25,25,0,1,0,-1
CNN defends Covington Catholic coverage after Nick Sandmann lawsuit,The Washington Times,2019,3,25,25,0,1,0,0
How Nipsey Hussle inspired thousands of Eritrean Americans,The Washington Post,2019,4,8,26,0,0,1,-1
Kirstjen Nielsen Resigns as Trump’s Homeland Security Secretary,The New York Times,2019,4,8,26,0,0,1,-1
Is the U.S. a Democracy? A Social Studies Battle Turns on the Nation’s Values,The New York Times,2019,4,8,26,0,0,1,0
A Family Craft With a Deadly Toll: Illegal Gun Making,The New York Times,2019,4,8,26,0,0,1,0
House Democratic Campaign Arm Nears War With Liberals Over Primary Fights,The New York Times,2019,4,8,26,0,0,1,-1
Cory Booker Raises $5 Million in First Quarter of 2020 Race,The New York Times,2019,4,8,26,0,0,1,0
Warning About Fisher-Price Rock ’n Play Issued After Infant Deaths,The New York Times,2019,4,8,26,0,0,1,-1
Stop Letting Modern Distractions Steal Your Attention,The New York Times,2019,4,8,26,0,0,1,0
The Cheerleader Who Blew the Whistle on the N.F.L. Soldiers On,The New York Times,2019,4,8,26,0,0,1,1
The Shed Opens: What Our Critics Think,The New York Times,2019,4,8,26,0,0,1,1
The Pizza-and-Beer Train: New York City’s Hidden Railroad,The New York Times,2019,4,8,26,0,0,1,1
"$3,000 to Rent a Movie? Bringing the Theater Home for the 1 Percent",The New York Times,2019,4,8,26,0,0,1,-1
"Ly Tong, Vietnamese Pilot Who Hijacked Planes to Fight Communism, Dies at 74",The New York Times,2019,4,8,26,0,0,1,-1
Will the Israeli ‘King’ Be Recrowned?,The New York Times,2019,4,8,26,0,0,1,-1
Why the Cool Kids Are Playing Dungeons & Dragons,The New York Times,2019,4,8,26,0,0,1,1
‘Big Business’ Review: What Socialism Gets Wrong,The Wall Street Journal,2019,4,8,26,0,1,1,0
"Oil Hits Five-Month High on Iran Designation, Libya",The Wall Street Journal,2019,4,8,26,0,1,1,-1
Make-Believe Meat and the Future,The Wall Street Journal,2019,4,8,26,0,1,1,1
Judge Blocks Trump Administration Policy of Returning Asylum Seekers to Mexico,The Wall Street Journal,2019,4,8,26,0,1,1,0
"Klobuchar, Booker Each Raised $5 Million for Presidential Campaigns",The Wall Street Journal,2019,4,8,26,0,1,1,1
How Will Democrats Explain South Bend?,The Wall Street Journal,2019,4,8,26,0,1,1,-1
Fiat Chrysler Gets Tesla’s Help on Emissions,The Wall Street Journal,2019,4,8,26,0,1,1,1
Pilots’ Steps in Ethiopian Crash Prompt Questions,The Wall Street Journal,2019,4,8,26,0,1,1,0
Tech Hiring Cools in March,The Wall Street Journal,2019,4,8,26,0,1,1,1
Erdogan Vows to Buy Russian Missiles Despite U.S. Warnings,The Wall Street Journal,2019,4,8,26,0,1,1,-1
Iran threatens retaliation over potential Revolutionary Guard terrorism designation,The Washington Times,2019,4,8,26,0,1,0,-1
"Donald Trump is lone, sensible voice about privacy among all the nonsense",The Washington Times,2019,4,8,26,0,1,0,0
"Benjamin Netanyahu, Benny Gantz election Israel's defining moment",The Washington Times,2019,4,8,26,0,1,0,1
Jerrold Nadler demands 'biased' William Barr release full Mueller report without redactions,The Washington Times,2019,4,8,26,0,1,0,-1
Holding commodity prices stable will help to avoid economic carnage,The Washington Times,2019,4,8,26,0,1,0,1
How Mueller revived a law that protects us all against foreign money,The Washington Post,2019,4,17,27,0,0,1,1
No one tell my mother about this column,The Washington Post,2019,4,17,27,0,0,1,0
"In Aftermath of Notre-Dame Fire, Macron Urges Unity in Fragmented Nation",The New York Times,2019,4,17,27,0,0,1,1
I Don’t Need a DNA Test to Tell Me How Black I Am,The New York Times,2019,4,17,27,0,0,1,0
Restoration Experts Saved Statues Before Notre-Dame Fire,The New York Times,2019,4,17,27,0,0,1,1
Scorned British Tabloids to Harry and Meghan: Show Us Your Baby!,The New York Times,2019,4,17,27,0,0,1,-1
Aung San Suu Kyi Has a New Target: Political Satire,The New York Times,2019,4,17,27,0,0,1,0
"Biden, at Hollings Funeral, Talks About How ‘People Can Change’",The New York Times,2019,4,17,27,0,0,1,1
"Donald Trump, China Savior? Some Chinese Say Yes",The New York Times,2019,4,17,27,0,0,1,-1
"For Many Latino Players, Roberto Clemente’s Number Is Off Limits, Too",The New York Times,2019,4,17,27,0,0,1,-1
"A Young Chef, and a Stunning Comeback",The New York Times,2019,4,17,27,0,0,1,1
Ramen Without Broth? A Chef Doubles Down on a Sidelined Dish,The New York Times,2019,4,17,27,0,0,1,0
"Barbara Schultz, 92, Dies; Produced Serious Drama in a Sitcom Era",The New York Times,2019,4,17,27,0,0,1,-1
"Owen Garriott, 88, an Early Scientist-Astronaut, Is Dead",The New York Times,2019,4,17,27,0,0,1,-1
Notre-Dame’s Bells Will Toll Again,The New York Times,2019,4,17,27,0,0,1,1
BNY Mellon Shares Fall as Interest Rates Dent Profits,The Wall Street Journal,2019,4,17,27,0,1,1,-1
U.S. Stocks Pulled Down by Health-Care Shares,The Wall Street Journal,2019,4,17,27,0,1,1,-1
Notable & Quotable: Fact Check for AOC,The Wall Street Journal,2019,4,17,27,0,1,1,1
Two Female Executives Top Short List For Next JPMorgan Chief,The Wall Street Journal,2019,4,17,27,0,1,1,0
Barr to Hold Briefing on Mueller Report Thursday Morning,The Wall Street Journal,2019,4,17,27,0,1,1,0
"Donald Trump offers condolences, assistance for France after Notre Dame fire",The Washington Times,2019,4,17,27,0,1,0,0
"Bernie Sanders bristles at third-term abortion question, calls it 'political issue'",The Washington Times,2019,4,17,27,0,1,0,-1
Daniel Ortega Nicaragua crackdown forces Silvio Baez into exile,The Washington Times,2019,4,17,27,0,1,0,-1
"Assange, Stalin score high in Russian polls",The Washington Times,2019,4,17,27,0,1,0,-1
Kyler Murray calls off Redskins visit: report,The Washington Times,2019,4,17,27,0,1,0,-1
Sen. Sanders leads Biden in first presidential candidate poll; Mayor Buttigieg rises to third,The Washington Times,2019,4,17,27,0,1,0,1
Emmanuel Macron says Notre Dame to be rebuilt in five years,The Washington Times,2019,4,17,27,0,1,0,1
Dan Crenshaw slimed by NYU journalism professor as 'captain s--head' over 9/11 remarks,The Washington Times,2019,4,17,27,0,1,0,-1
Anthony Scaramucci: Mueller report could 'look not great' for Donald Trump,The Washington Times,2019,4,17,27,0,1,0,-1
Kim-Putin summit could complicate U.S. diplomacy,The Washington Times,2019,4,17,27,0,1,0,-1
Measles Cases Surpass 700 as Outbreak Continues Unabated,The New York Times,2019,4,30,28,0,0,1,-1
"ISIS’ Mysterious Leader Is Not Dead, New Video Shows",The New York Times,2019,4,30,28,0,0,1,-1
"John Singleton, ‘Boyz N the Hood’ Director, Dies at 51",The New York Times,2019,4,30,28,0,0,1,-1
A Terrorist Tried to Kill Me Because I Am a Jew. I Will Never Back Down.,The New York Times,2019,4,30,28,0,0,1,-1
U.K. Police Have a Message for Crime Victims: Hand Over Your Private Data,The New York Times,2019,4,30,28,0,0,1,-1
‘No One Feels Safe Here’: Life in Alabama’s Prisons,The New York Times,2019,4,30,28,0,0,1,-1
"Biden, Now the Front-Runner, Gives First Speech as 2020 Candidate",The New York Times,2019,4,30,28,0,0,1,1
Beto O’Rourke Releases $5 Trillion Climate Change Proposal,The New York Times,2019,4,30,28,0,0,1,1
Labor Dept. Says Workers at a Gig Company Are Contractors,The New York Times,2019,4,30,28,0,0,1,-1
"WeWork Files for I.P.O., Joining Wave of Cash-Burning Start-Ups in Going Public",The New York Times,2019,4,30,28,0,0,1,1
"Aaron Judge Is Everywhere for the Yankees, Except on the Field",The New York Times,2019,4,30,28,0,0,1,1
Chronicles of the Rings: What Trees Tell Us,The New York Times,2019,4,30,28,0,0,1,1
Steve Golin Is Dead at 64; Producer Built a Small Hollywood Empire,The New York Times,2019,4,30,28,0,0,1,-1
Joe Biden and the Apologies That Weren’t,The New York Times,2019,4,30,28,0,0,1,1
Don’t Let Trump Mess With the Fed,The New York Times,2019,4,30,28,0,0,1,-1
Wynn Resorts Cleared to Open Casino as Regulators Levy $35 Million Fine,The Wall Street Journal,2019,4,30,28,0,1,1,-1
Britain’s Shale Resignation,The Wall Street Journal,2019,4,30,28,0,1,1,-1
Whistleblower Challenges SEC Over Delay on Award Decision,The Wall Street Journal,2019,4,30,28,0,1,1,-1
‘IBM’ Review: Building Big Blue,The Wall Street Journal,2019,4,30,28,0,1,1,1
$2 Trillion From Whom?,The Wall Street Journal,2019,4,30,28,0,1,1,-1
FDA Orders Tougher Warnings for Sleep Aids,The Wall Street Journal,2019,4,30,28,0,1,1,-1
Japan’s New Emperor Ascends to Throne,The Wall Street Journal,2019,4,30,28,0,1,1,1
Eric Schmidt to Leave Alphabet Board,The Wall Street Journal,2019,4,30,28,0,1,1,-1
Dollar Slips as Eurozone’s Economy Shows Improvement,The Wall Street Journal,2019,4,30,28,0,1,1,-1
John Bolton: $2 million was promised but not paid to North Korea for Otto Warmbier,The Washington Times,2019,4,30,28,0,1,0,-1
Joe Biden rides Obama nostalgia in 2020 bid,The Washington Times,2019,4,30,28,0,1,0,0
Joe Biden reputation as bipartisan dealmaker may fail to resonate in politically divisive era,The Washington Times,2019,4,30,28,0,1,0,-1
Ilhan Omar slams Ted Cruz for attacking her Israel comments without acknowledging synagogue shooting,The Washington Times,2019,4,30,28,0,1,0,-1
Joe Biden won't be able to win over far-left voters,The Washington Times,2019,4,30,28,0,1,0,-1
Chuck Schumer: William Barr mischaracterized Mueller report,The Washington Times,2019,4,30,28,0,1,0,-1
"Basketball Is ‘War, Minus the Shooting’ in Sectarian Lebanon",The New York Times,2019,5,17,29,0,0,1,-1
"In Alabama, Opposition to Abortion Runs Deep",The New York Times,2019,5,17,29,0,0,1,-1
Letters From Washington: Your Employees Could Be Undocumented,The New York Times,2019,5,17,29,0,0,1,-1
Frustrated House Democrats Pin Their Hopes on Mueller,The New York Times,2019,5,17,29,0,0,1,-1
"Fed Officials Sound an Alarm, Worrying Weak Inflation Could Last",The New York Times,2019,5,17,29,0,0,1,-1
How to Prepare for the Next Recession: Automate the Rescue Plan,The New York Times,2019,5,17,29,0,0,1,0
"Brooks Koepka, Happily in the Shadows, Sets Bethpage Black Record",The New York Times,2019,5,17,29,0,0,1,1
Nick Kyrgios Is Disqualified After Tantrum at the Italian Open,The New York Times,2019,5,17,29,0,0,1,-1
The Rays Are a Surrealist’s Delight,The New York Times,2019,5,17,29,0,0,1,1
‘John Wick: Chapter 3’ Review: Keanu Reeves Is Back for Another Brutal Round,The New York Times,2019,5,17,29,0,0,1,1
"Heckles, Support, Shrugs: New Yorkers on de Blasio’s Presidential Bid",The New York Times,2019,5,17,29,0,0,1,0
Gannett Counters the Latest Move by Its Hedge Fund-Backed Rival,The New York Times,2019,5,17,29,0,0,1,-1
"Sergei Dorenko, Maverick Russian Broadcast Journalist, Dies at 59",The New York Times,2019,5,17,29,0,0,1,-1
"Cardinal Nasrallah Sfeir, 98, a Voice for Lebanese Christians, Dies",The New York Times,2019,5,17,29,0,0,1,-1
The Big Story You Don’t Read About,The New York Times,2019,5,17,29,0,0,1,-1
Brooks Koepka Holds Blowout Lead at PGA Championship,The Wall Street Journal,2019,5,17,29,0,1,1,1
CBS Floated Offer of About $5 Billion for Pay-TV Channel Starz,The Wall Street Journal,2019,5,17,29,0,1,1,-1
Rotten Regimes Don’t Crack Until the Cash Is Cut Off,The Wall Street Journal,2019,5,17,29,0,1,1,-1
"House Passes Bill Extending Civil Rights to Gay, Transgender People",The Wall Street Journal,2019,5,17,29,0,1,1,0
Big Companies Pay CEOs for Good Performance—and Bad,The Wall Street Journal,2019,5,17,29,0,1,1,-1
Hewlett Packard Enterprise to Buy Supercomputer Builder Cray,The Wall Street Journal,2019,5,17,29,0,1,1,-1
Science Fiction: The New Off-World Economy,The Wall Street Journal,2019,5,17,29,0,1,1,1
"U.S. Reaches Deal With Canada, Mexico to End Steel and Aluminum Tariffs",The Wall Street Journal,2019,5,17,29,0,1,1,1
Kevin McCarthy: Joe Biden 'is the Jeb Bush of this' election cycle,The Washington Times,2019,5,17,29,0,1,0,1
Gerardo Parra lifts Nationals to 7-6 win over Mets,The Washington Times,2019,5,17,29,0,1,0,1
"Eric Swalwell: 'I would absolutely do a Fox town hall,' but network rejected me",The Washington Times,2019,5,17,29,0,1,0,-1
Trump announces plan to overhaul legal immigration,The Washington Times,2019,5,17,29,0,1,0,-1
Texas asserts sovereign immunity against Congress,The Washington Times,2019,5,17,29,0,1,0,0
"Steve Bullock, Montana governor: 'I was never going to run for the Senate'",The Washington Times,2019,5,17,29,0,1,0,1
"Sean Hannity: 'Devastating' FISA abuse report by DOJ inspector general coming, sources say",The Washington Times,2019,5,17,29,0,1,0,-1
Will Democrats talk about foreign policy during the 2020 primary?,The Washington Post,2019,5,29,30,0,0,1,-1
Why banning ‘meal shaming’ isn’t enough,The Washington Post,2019,5,29,30,0,0,1,-1
Presidential candidates shouldn’t pick the vice president. Voters should.,The Washington Post,2019,5,29,30,0,0,1,-1
Kansas City-Area Tornadoes Add to 12 Straight Days of Destruction,The New York Times,2019,5,29,30,0,0,1,-1
Vying for the Watermelon Thump Crown,The New York Times,2019,5,29,30,0,0,1,1
"30 Years After Tiananmen, a Chinese Military Insider Warns: Never Forget",The New York Times,2019,5,29,30,0,0,1,1
"Sure, the Populists Gained, but the Real Winners May Be for Europe",The New York Times,2019,5,29,30,0,0,1,0
Transportation Secretary Failed to Sever Financial Ties to Construction Company,The New York Times,2019,5,29,30,0,0,1,-1
"Savior of G.M. Lordstown Plant, Hailed by Trump, Is a Corporate Cipher",The New York Times,2019,5,29,30,0,0,1,-1
"‘They’re Playing Our Song,’ Over and Over and Over Again",The New York Times,2019,5,29,30,0,0,1,1
Leader of Smithsonian’s African American Museum to Direct Entire Institution,The New York Times,2019,5,29,30,0,0,1,1
"Wife of Slain Wall Street Banker: My Son Did It, but He ‘Is Nuts’",The New York Times,2019,5,29,30,0,0,1,0
"Don’t Call It Darjeeling, It’s Nepali Tea",The New York Times,2019,5,29,30,0,0,1,1
"Sol Yaged, a Joyful New York Jazz Mainstay, Is Dead at 96",The New York Times,2019,5,29,30,0,0,1,-1
Reasons for Hope and Concern in Europe’s Elections,The New York Times,2019,5,29,30,0,0,1,1
The Growing Menace of the Moscow-Beijing-Tehran Axis,The Wall Street Journal,2019,5,29,30,0,1,1,-1
Naspers Listing Looks to Unlock Value in $122 Billion Tencent Stake,The Wall Street Journal,2019,5,29,30,0,1,1,1
School Where Teacher Held Alleged Mock Slave Auction Agrees to Diversity Plan,The Wall Street Journal,2019,5,29,30,0,1,1,0
Salesforce Rolls Out Blockchain Builder for Noncoders,The Wall Street Journal,2019,5,29,30,0,1,1,1
"Banks Report Growth in Sour Loans, Led by Credit-Card Debt",The Wall Street Journal,2019,5,29,30,0,1,1,-1
Golden Gate Capital to Buy Stake in Billing-Services Firm,The Wall Street Journal,2019,5,29,30,0,1,1,-1
Morningstar Looks to Expand Ratings Business With DBRS Deal,The Wall Street Journal,2019,5,29,30,0,1,1,1
Boeing Faces Difficult Recovery From MAX Grounding,The Wall Street Journal,2019,5,29,30,0,1,1,-1
Opioids prescribed to teens at high rate: study,The Washington Times,2019,5,29,30,0,1,0,1
Kamala Harris unveils plan requiring DOJ to approve state abortion laws,The Washington Times,2019,5,29,30,0,1,0,-1
EDITORIAL: Declassifying the origins of the Russia collusion inquiry makes Democrats nervous,The Washington Times,2019,5,29,30,0,1,0,-1
Trump must run against 'Bernie Care' and the GOP in 2020,The Washington Times,2019,5,29,30,0,1,0,-1
John Bercow denies Donald Trump chance to address Parliament,The Washington Times,2019,5,29,30,0,1,0,-1
Elizabeth Warren in Iowa addresses holdup on disaster relief package,The Washington Times,2019,5,29,30,0,1,0,0
"Missouri's only abortion clinic on verge of shutdown this week, ending abortions in the state",The Washington Times,2019,5,29,30,0,1,0,-1
"In Ghana, Free High School Brings Opportunity and Grumbling",The New York Times,2019,6,16,31,0,0,1,1
Immigrants Brought Riches to Urban Schools. Now They’re in the Shadows.,The New York Times,2019,6,16,31,0,0,1,0
Michigan Officials Say a Struggling School Should Close. Residents See Racism.,The New York Times,2019,6,16,31,0,0,1,-1
Democratic Candidates Promise to Close Wealth Gap Between Blacks and Whites,The New York Times,2019,6,16,31,0,0,1,1
On the Doorstep With a Plea: Will You Support Medicare for All?,The New York Times,2019,6,16,31,0,0,1,-1
I’m a Financial Journalist Who Was Bored Silly by Mergers. Not Anymore.,The New York Times,2019,6,16,31,0,0,1,-1
"At Happy Hour, Kindergarten Rules Apply",The New York Times,2019,6,16,31,0,0,1,0
The Mystery of the Miserable Employees: How to Win in the Winner-Take-All Economy,The New York Times,2019,6,16,31,0,0,1,-1
"Hollywood Reconsiders the Bad Female Boss, With a Generational Twist",The New York Times,2019,6,16,31,0,0,1,1
"In ‘Toy Story 4,’ the Animators Pulling the Strings Reveal Woody’s Inner Life",The New York Times,2019,6,16,31,0,0,1,1
The Real Dog Moms of New York City,The New York Times,2019,6,16,31,0,0,1,1
Amanda Knox in Italy: ‘I Am Not a Monster’,The New York Times,2019,6,16,31,0,0,1,-1
23 Democrats Are Running for President. Do Any of Them Know What They’re Doing?,The New York Times,2019,6,16,31,0,0,1,-1
What Abortion Access Looks Like in Mississippi: One Person at a Time,The New York Times,2019,6,16,31,0,0,1,-1
The New Sobriety,The New York Times,2019,6,16,31,0,0,1,1
Case for Cutting Rates Can Be Found in Close Calls of the 1990s,The Wall Street Journal,2019,6,16,31,0,1,1,1
China’s Economy Shows Fresh Signs of Weakness,The Wall Street Journal,2019,6,16,31,0,1,1,0
"Freed From the Bench, Carli Lloyd Leads U.S. Women Past Chile",The Wall Street Journal,2019,6,16,31,0,1,1,1
Massachusetts Lawmakers to Consider Cutting Abortion Restrictions,The Wall Street Journal,2019,6,16,31,0,1,1,-1
Europe’s Italian Stranglehold,The Wall Street Journal,2019,6,16,31,0,1,1,-1
What’s a Lemon From George Washington’s Tree Really Worth?,The Wall Street Journal,2019,6,16,31,0,1,1,1
How the U.S. Can Help Hong Kong,The Wall Street Journal,2019,6,16,31,0,1,1,1
Target Stores Hit by Technical Snafus Over Weekend,The Wall Street Journal,2019,6,16,31,0,1,1,-1
Calpers’ Dilemma: Save the World or Make Money?,The Wall Street Journal,2019,6,16,31,0,1,1,-1
Congressional Leaders Seek to Bridge Partisan Divide Over Funding,The Wall Street Journal,2019,6,16,31,0,1,1,0
Two Ways to Simplify Your Student-Loan Debt,The Wall Street Journal,2019,6,16,31,0,1,1,0
The Fed Must Consider the Long-Term Economy,The Wall Street Journal,2019,6,16,31,0,1,1,0
Gary Woodland Wins U.S. Open,The Wall Street Journal,2019,6,16,31,0,1,1,1
Hong Kong Upheaval Puts Beijing in a Bind,The Wall Street Journal,2019,6,16,31,0,1,1,-1
America Can Face Down a Fragile Iran,The Wall Street Journal,2019,6,16,31,0,1,1,0
Making America white again,The Washington Post,2019,6,28,32,0,0,1,1
"Why E. Jean Carroll, ‘the Anti-Victim,’ Spoke Up About Trump",The New York Times,2019,6,28,32,0,0,1,-1
A School With No Heat or Computers but Many College-Bound Students. Mostly Girls.,The New York Times,2019,6,28,32,0,0,1,-1
Why the Supreme Court’s Rulings Have Profound Implications for American Politics,The New York Times,2019,6,28,32,0,0,1,1
The RealReal I.P.O.: Secondhand Fashion Goes Mainstream,The New York Times,2019,6,28,32,0,0,1,0
"Jony Ive, Designer Who Made Apple Look Like Apple, Is Leaving to Start a Firm",The New York Times,2019,6,28,32,0,0,1,0
"Girl Hit by Foul Ball in Houston Had Serious Head Injuries, Lawyer Says",The New York Times,2019,6,28,32,0,0,1,-1
‘Hot Dogs! Cold Beer!’ M.L.B. Will Bring the Familiar to London Stadium,The New York Times,2019,6,28,32,0,0,1,1
"The Guggenheim’s Collection, as Seen by Six Art Stars",The New York Times,2019,6,28,32,0,0,1,1
"‘Yesterday’ Review: I Saw a Film Today, Oh Boy",The New York Times,2019,6,28,32,0,0,1,1
‘Maiden’ Review: Racing Toward Equality,The New York Times,2019,6,28,32,0,0,1,0
Manafort Pleads Not Guilty to N.Y. Charges Designed to Thwart a Trump Pardon,The New York Times,2019,6,28,32,0,0,1,-1
How Russell Crowe Channeled Roger Ailes in ‘The Loudest Voice’,The New York Times,2019,6,28,32,0,0,1,-1
"Brenda Maddox, Biographer Who Revealed Joyce’s Muse, Dies at 87",The New York Times,2019,6,28,32,0,0,1,-1
The Supreme Court Isn’t as Naïve as Trump Hoped,The New York Times,2019,6,28,32,0,0,1,-1
"Trump, the Fed, and Interest Rates",The Wall Street Journal,2019,6,28,32,0,1,1,-1
Photos of the Week,The Wall Street Journal,2019,6,28,32,0,1,1,1
U.S. Imposes Sanctions on Venezuelan President’s Son,The Wall Street Journal,2019,6,28,32,0,1,1,-1
"Democratic Candidates’ Proposals, in Their Own Words",The Wall Street Journal,2019,6,28,32,0,1,1,1
Heat Wave Powers Natural Gas to Best Week Since January,The Wall Street Journal,2019,6,28,32,0,1,1,1
17 Rules for Your Fourth of July Cookout,The Wall Street Journal,2019,6,28,32,0,1,1,0
‘Life Finds a Way’ and ‘Good Enough’ Review: The Drive to Thrive,The Wall Street Journal,2019,6,28,32,0,1,1,1
Trump campaign dismisses Democrats' first debate as a 'mutual political suicide pact',The Washington Times,2019,6,28,32,0,1,0,-1
South Korea's Moon faces test as Trump arrives,The Washington Times,2019,6,28,32,0,1,0,-1
Inside the Beltway: Fake news now a worldwide concern,The Washington Times,2019,6,28,32,0,1,0,1
Democrats and their depressingly dreary visions of Big Government,The Washington Times,2019,6,28,32,0,1,0,-1
"Celtics hire Kara Lawson, Wizards TV commentator, as assistant coach",The Washington Times,2019,6,28,32,0,1,0,1
Democrats' glaring blind spot,The Washington Times,2019,6,28,32,0,1,0,-1
Supreme Court halts citizenship question on 2020 census,The Washington Times,2019,6,28,32,0,1,0,-1
Twitter could mask Donald Trump's tweets with warning label if they violate content rules,The Washington Times,2019,6,28,32,0,1,0,-1
How Megan Rapinoe and the U.S. Beat France at the World Cup,The New York Times,2019,6,29,33,0,0,1,1
"Grenades, Land Mines and U.S. Weapons Parts: Argentina Foils Huge Smuggling Operation",The New York Times,2019,6,29,33,0,0,1,1
"A Day After Bruising Debate, Biden Pushes Back Against Criticism on Civil Rights",The New York Times,2019,6,29,33,0,0,1,1
Democrat vs. Democrat: How Health Care Is Dividing the Party,The New York Times,2019,6,29,33,0,0,1,0
"Donald Trump Jr. Shares, Then Deletes, a Tweet Questioning Kamala Harris’s Race",The New York Times,2019,6,29,33,0,0,1,-1
"‘Very Smart People,’ but a Keyless Car’s Downside Killed Them",The New York Times,2019,6,29,33,0,0,1,-1
Trump’s Case for China Tariffs Fails to Persuade Americans,The New York Times,2019,6,29,33,0,0,1,-1
Instagram Therapists Are the New Instagram Poets,The New York Times,2019,6,29,33,0,0,1,1
"Move Over, Nevada: New Jersey Is the Sports Betting Capital of the Country",The New York Times,2019,6,29,33,0,0,1,1
"Barbara Hunt McLanahan, Influential Arts Administrator, Dies at 55",The New York Times,2019,6,29,33,0,0,1,0
"Min Hogg, World of Interiors Editor, Dies at 80",The New York Times,2019,6,29,33,0,0,1,-1
Jared Kushner’s Middle East Development Project,The New York Times,2019,6,29,33,0,0,1,1
"San Francisco Will Spend $600,000 to Erase History",The New York Times,2019,6,29,33,0,0,1,-1
Trump Fast-Forwards American Decline,The New York Times,2019,6,29,33,0,0,1,-1
A Wretched Start for Democrats,The New York Times,2019,6,29,33,0,0,1,-1
"Farmers Welcome Trade Truce, Hope for More",The Wall Street Journal,2019,6,29,33,0,1,1,1
Trump Seeks Resolution With Turkey Over Russian Missile Dispute,The Wall Street Journal,2019,6,29,33,0,1,1,-1
"Fresh Off Albany Wins, Progressives Set Goals on Future Legislation",The Wall Street Journal,2019,6,29,33,0,1,1,1
The U.S. Women’s Soccer Team Wins With Its Back to the Wall,The Wall Street Journal,2019,6,29,33,0,1,1,1
"Pursuing Motherhood, Alone",The Wall Street Journal,2019,6,29,33,0,1,1,1
"Trump Throws Huawei a Lifeline, but It Hasn’t Reached Safe Harbor Yet",The Wall Street Journal,2019,6,29,33,0,1,1,-1
Market High from Trump-Xi Trade Truce May Not Last,The Wall Street Journal,2019,6,29,33,0,1,1,-1
Pepper...and Salt,The Wall Street Journal,2019,6,29,33,0,1,1,1
Europe Plans No Immediate Sanctions if Iran Breaches Nuclear Deal,The Wall Street Journal,2019,6,29,33,0,1,1,-1
Trump Praises Saudi Crown Prince for Doing ‘a Spectacular Job’,The Wall Street Journal,2019,6,29,33,0,1,1,1
Bullet Sales Surge in California Ahead of Background-Check Requirement,The Wall Street Journal,2019,6,29,33,0,1,1,1
"After Tech’s Wild Quarter, Investors Brace For Turbulence Ahead",The Wall Street Journal,2019,6,29,33,0,1,1,0
‘Letters From Gettysburg’ by Avner Dorman Review: Singing a Soldier’s Story,The Wall Street Journal,2019,6,29,33,0,1,1,1
‘Civil War and Reconstruction: The Battle for Freedom and Equality’ Review: A Nation’s Arc Toward Justice,The Wall Street Journal,2019,6,29,33,0,1,1,1
Interns’ Job Prospects Constrained by Noncompete Agreements,The Wall Street Journal,2019,6,29,33,0,1,1,-1
The Curious Mystical Text Behind Marianne Williamson’s Presidential Bid,The New York Times,2019,7,6,34,0,0,1,1
Selling Your Private Information Is a Terrible Idea,The New York Times,2019,7,6,34,0,0,1,-1
"In Sudan, a Power-Sharing Deal Propelled by a Secret Meeting and Public Rage",The New York Times,2019,7,6,34,0,0,1,1
"As Floods Keep Coming, Cities Pay Residents to Move",The New York Times,2019,7,6,34,0,0,1,-1
California Earthquake Is a Reminder That the Big One Lurks,The New York Times,2019,7,6,34,0,0,1,1
How Sharon Tate’s Death and the Manson Killings Gripped Los Angeles,The New York Times,2019,7,6,34,0,0,1,1
The Redcoats Are in a Holding Pattern Over La Guardia,The New York Times,2019,7,6,34,0,0,1,1
"Chris Cline, Coal Mining Entrepreneur, Is Killed in Helicopter Crash",The New York Times,2019,7,6,34,0,0,1,0
Amazon’s Deliveroo Investment Is Halted for U.K. Scrutiny,The New York Times,2019,7,6,34,0,0,1,-1
Why Stars Won’t Come to the Knicks,The New York Times,2019,7,6,34,0,0,1,1
Women Crash the Pool Party,The New York Times,2019,7,6,34,0,0,1,0
Idris Elba Denies Plagiarism in Dispute With Writers,The New York Times,2019,7,6,34,0,0,1,-1
‘Trumpian’ Tactics: Queens D.A. Race Turns Nasty,The New York Times,2019,7,6,34,0,0,1,-1
A ‘Climate Emergency’ Was Declared in New York City. Will That Change Anything?,The New York Times,2019,7,6,34,0,0,1,-1
The Dominance of the White Male Critic,The New York Times,2019,7,6,34,0,0,1,1
Strongest Quake in Years Rocks Southern California,The Wall Street Journal,2019,7,6,34,0,1,1,1
Archbishop Fulton Sheen to Be Beatified,The Wall Street Journal,2019,7,6,34,0,1,1,-1
Vibrant Orchestrations of Nature,The Wall Street Journal,2019,7,6,34,0,1,1,1
Everyone Wants to be the Next ‘Game of Thrones’,The Wall Street Journal,2019,7,6,34,0,1,1,1
Second Quake in Two Days Shocks California,The Wall Street Journal,2019,7,6,34,0,1,1,-1
Democrats in Queens District Attorney Race Headed for Legal Showdown,The Wall Street Journal,2019,7,6,34,0,1,1,-1
Lady Liberty Sparks Battle of the Boat Tours,The Wall Street Journal,2019,7,6,34,0,1,1,1
Plan on More Pharma Megamergers,The Wall Street Journal,2019,7,6,34,0,1,1,0
Cuccinelli Takes Reins of Immigration Agency With Focus on Migrant Vetting,The Wall Street Journal,2019,7,6,34,0,1,1,0
Explosion at South Florida Shopping Plaza Injures 20,The Wall Street Journal,2019,7,6,34,0,1,1,-1
Alaska Faces Budget Fight Over State University Cuts,The Wall Street Journal,2019,7,6,34,0,1,1,-1
Amtrak Has Lost Money for Decades. A Former Airline CEO Thinks He Can Fix It.,The Wall Street Journal,2019,7,6,34,0,1,1,-1
Catholics Grapple With Transgender Issues,The Wall Street Journal,2019,7,6,34,0,1,1,0
Erdogan Dismisses Governor of Turkey’s Central Bank,The Wall Street Journal,2019,7,6,34,0,1,1,-1
Indians Hunt Through the Night for Water as a Megacity Runs Dry,The Wall Street Journal,2019,7,6,34,0,1,1,-1
Trump has made it impossible for government lawyers to act ethically,The Washington Post,2019,7,10,35,0,0,1,-1
How conspiracy theorists taint the justice they seek,The Washington Post,2019,7,10,35,0,0,1,-1
The lost art of ideological warfare,The Washington Post,2019,7,10,35,0,0,1,-1
"Impeachment isn’t optional. If facts point in that direction, Congress must act.",The Washington Post,2019,7,10,35,0,0,1,0
"Trump Can’t Block Critics From His Twitter Account, Appeals Court Rules",The New York Times,2019,7,10,35,0,0,1,-1
35 Employees Committed Suicide. Will Their Bosses Go to Jail?,The New York Times,2019,7,10,35,0,0,1,-1
"Joe Biden, Closet Republican",The New York Times,2019,7,10,35,0,0,1,-1
Judge Rejects Justice Dept. Request to Change Lawyers on Census Case,The New York Times,2019,7,10,35,0,0,1,-1
"Fed, Pressed by Trump to Cut Rates, Faces Fire No Matter What It Does",The New York Times,2019,7,10,35,0,0,1,-1
"Serena Williams Is 2 Wins From History, but How Rugged Is Her Wimbledon Path?",The New York Times,2019,7,10,35,0,0,1,1
It’s New York vs. California in a New Climate Race. Who Will Win?,The New York Times,2019,7,10,35,0,0,1,1
Can States Just Say No to Corporate Giveaways?,The New York Times,2019,7,10,35,0,0,1,0
‘Love Island’ Is a Riveting Human Rights Violation,The New York Times,2019,7,10,35,0,0,1,1
Who Is a Bigger Threat to His Democracy: Bibi or Trump?,The New York Times,2019,7,10,35,0,0,1,-1
There’s a Reason We Don’t Say ‘Integration’ Any More,The New York Times,2019,7,10,35,0,0,1,1
Ross Perot’s Educational Legacy,The Wall Street Journal,2019,7,10,35,0,1,1,1
"New Lease Accounting Standard May Mislead Investors, Credit Suisse Says",The Wall Street Journal,2019,7,10,35,0,1,1,-1
Venture Funds See 9% Surge in First-Half Fundraising,The Wall Street Journal,2019,7,10,35,0,1,1,1
"After Biting Report, Providence Looks to Lift Failing School District",The Wall Street Journal,2019,7,10,35,0,1,1,-1
"Powell Says Outlook Hasn’t Improved, Setting Stage for Rate Cut",The Wall Street Journal,2019,7,10,35,0,1,1,-1
"Joe Biden, S-Corp Millionaire",The Wall Street Journal,2019,7,10,35,0,1,1,1
"Mike Rowe: Colin Kaepernick's Betsy Ross objections 'unpersuasive,' 'completely void of logic'",The Washington Times,2019,7,10,35,0,1,0,-1
Smugglers used ambulance to try to sneak illegals into U.S.,The Washington Times,2019,7,10,35,0,1,0,0
"LOVERRO: A World Cup title, served with a side of social guilt",The Washington Times,2019,7,10,35,0,1,0,1
Qatar signs deal worth billions at White House,The Washington Times,2019,7,10,35,0,1,0,-1
"Adam Schiff says Felix Sater did not cooperate with Intel Committee, will remain subpoena",The Washington Times,2019,7,10,35,0,1,0,-1
"Muriel Bowser, Housing Task Force seek federal-local partnership",The Washington Times,2019,7,10,35,0,1,0,-1
Schumer defends Fox News following Trump comments; 'Dictators shut down the press',The Washington Times,2019,7,10,35,0,1,0,-1
Stacey Plaskett to donate Epstein campaign contributions,The Washington Times,2019,7,10,35,0,1,0,1
"With Boris Johnson, Donald Trump, happy days are here again",The Washington Times,2019,7,10,35,0,1,0,1
Acosta to Resign as Labor Secretary Over Jeffrey Epstein Plea Deal,The New York Times,2019,7,13,36,0,0,1,-1
F.T.C. Approves Facebook Fine of About $5 Billion,The New York Times,2019,7,13,36,0,0,1,0
Why Everyone Wants to Go Back to the Moon,The New York Times,2019,7,13,36,0,0,1,-1
"Gay and Once Divorced, a Canadian Rabbi Broadens Judaism’s Tent",The New York Times,2019,7,13,36,0,0,1,-1
Trump Again Threatens ‘Major Operation’ Against Undocumented Migrants,The New York Times,2019,7,13,36,0,0,1,-1
The 2008 Crash Made This Madrid Suburb a Ghost Town. Now It’s Coming Alive.,The New York Times,2019,7,13,36,0,0,1,1
Hold ’Em or Fold ’Em? This A.I. Bluffs With the Best,The New York Times,2019,7,13,36,0,0,1,1
Roger Federer Looks for a 9th Wimbledon Title After Beating Rafael Nadal,The New York Times,2019,7,13,36,0,0,1,0
"For Love of Baseball Movies? No, for Mets’ Clubhouse Guy, It’s Just About the Posters",The New York Times,2019,7,13,36,0,0,1,-1
Twitter Loves the Opera Diva Karita Mattila. And She Loves It Back.,The New York Times,2019,7,13,36,0,0,1,1
Can Dante de Blasio Save His Father’s Presidential Campaign?,The New York Times,2019,7,13,36,0,0,1,0
A Gay Teenager Fatally Stabbed a Classmate. Was It Self-Defense?,The New York Times,2019,7,13,36,0,0,1,-1
"Fernando Corbató, a Father of Your Computer (and Your Password), Dies at 93",The New York Times,2019,7,13,36,0,0,1,-1
"Elka Gilmore, Chef Who Blended the Old and the New, Dies at 59",The New York Times,2019,7,13,36,0,0,1,-1
Trump’s Cruelty and Mexico’s Duty,The New York Times,2019,7,13,36,0,0,1,-1
Eyes on the Sky,The Wall Street Journal,2019,7,13,36,0,1,1,1
Feud Among House Democrats Remains on Public Display,The Wall Street Journal,2019,7,13,36,0,1,1,1
"At Wimbledon, Simona Halep Denies Serena Williams—and History",The Wall Street Journal,2019,7,13,36,0,1,1,-1
Justice Department Chiefs Can’t Get Enough of the Patron Saint of the Rule of Law,The Wall Street Journal,2019,7,13,36,0,1,1,1
Next Big Thing in ETFs: Less Transparency,The Wall Street Journal,2019,7,13,36,0,1,1,-1
Summer Love Isn’t Forever at Netflix,The Wall Street Journal,2019,7,13,36,0,1,1,-1
Investors Balked at Pricing for Canceled Budweiser Listing,The Wall Street Journal,2019,7,13,36,0,1,1,-1
Schools Relax Dress Codes in Bid to End Body Shaming,The Wall Street Journal,2019,7,13,36,0,1,1,1
It’s No Longer a ‘Mad’ World,The Wall Street Journal,2019,7,13,36,0,1,1,1
Power Returns After Widespread Outage in Manhattan Darkens Times Square,The Wall Street Journal,2019,7,13,36,0,1,1,1
Crew of Detained Iranian Oil Tanker Is Released in Gibraltar,The Wall Street Journal,2019,7,13,36,0,1,1,-1
Oil Giant Shell’s Pivot to Electricity Could Bring Investors Less Sizzle,The Wall Street Journal,2019,7,13,36,0,1,1,0
Syrian Government Intensifies Strikes on Opposition Stronghold,The Wall Street Journal,2019,7,13,36,0,1,1,1
Rebuild or Remain? Columbine Revisits a Question It Thought It Had Answered,The Wall Street Journal,2019,7,13,36,0,1,1,1
New York Harbor’s Latest Draw? A Tugboat Tour,The Wall Street Journal,2019,7,13,36,0,1,1,1
Iran’s Seizure of British Vessel Further Roils Gulf Region,The New York Times,2019,7,20,37,0,0,1,-1
"For 50 Years Since Apollo 11, Presidents Have Tried to Take That Next Giant Leap",The New York Times,2019,7,20,37,0,0,1,1
"Philippine Vice President, a Duterte Foe, Is Charged in Plot Against Him",The New York Times,2019,7,20,37,0,0,1,-1
"ASAP Rocky to Remain in Jail in Sweden, as Protest Clamor Grows",The New York Times,2019,7,20,37,0,0,1,-1
"In Another About-Face, Trump Refuses to Condemn ‘Send Her Back’ Chant",The New York Times,2019,7,20,37,0,0,1,-1
"The Economy Looks Solid, but the Fed Plans to Cut Rates Anyway. Here’s Why.",The New York Times,2019,7,20,37,0,0,1,-1
A Feisty Google Adversary Tests How Much People Care About Privacy,The New York Times,2019,7,20,37,0,0,1,-1
Tiger Woods and Phil Mickelson Miss Cut at British Open,The New York Times,2019,7,20,37,0,0,1,-1
"A Plate Adjustment Helped D.J. LeMahieu With Yankees, and Skeptical Fans",The New York Times,2019,7,20,37,0,0,1,1
Sheriff to Investigate Jeffrey Epstein ‘Work Release’ After Allegation of Nude Meeting,The New York Times,2019,7,20,37,0,0,1,-1
"Graydon Carter on Vanity Fair, Jeffrey Epstein and an Editor’s Power",The New York Times,2019,7,20,37,0,0,1,1
Coming Soon to a Theater Near You. Very Soon.,The New York Times,2019,7,20,37,0,0,1,-1
A Onetime Star of Soviet TV Warns of the ‘Plague’ of Nationalism,The New York Times,2019,7,20,37,0,0,1,-1
Trump and Ahmadinejad Are Right,The New York Times,2019,7,20,37,0,0,1,0
The Perfect Antidote to Trump,The New York Times,2019,7,20,37,0,0,1,1
DNA Testing Creates Wrenching Dilemmas for the Family Historian,The Wall Street Journal,2019,7,20,37,0,1,1,1
"My Compliments to the Chef, Er, Robot",The Wall Street Journal,2019,7,20,37,0,1,1,1
Pepper...and Salt,The Wall Street Journal,2019,7,20,37,0,1,1,1
"Yes, You Actually Should Be Using Emojis at Work",The Wall Street Journal,2019,7,20,37,0,1,1,-1
On This Day of the Moon Mission: ‘One Small Step’,The Wall Street Journal,2019,7,20,37,0,1,1,1
A Quick Guide to Emojis in the Office,The Wall Street Journal,2019,7,20,37,0,1,1,-1
The Mysteries of Kate Atkinson,The Wall Street Journal,2019,7,20,37,0,1,1,1
"Shane Lowry Sets British Open Scoring Record, Widens Lead",The Wall Street Journal,2019,7,20,37,0,1,1,1
"Drug Makers, Distributors Failed to Stop Suspect Opioid Shipments, Filing Alleges",The Wall Street Journal,2019,7,20,37,0,1,1,-1
Hollywood Writers Struggle to Get on Same Page in Fight Against Agents,The Wall Street Journal,2019,7,20,37,0,1,1,-1
Dangerous Heat Wave Covers Much of U.S.,The Wall Street Journal,2019,7,20,37,0,1,1,-1
Why Weak Corporate Earnings Don’t Signal a Weak Economy,The Wall Street Journal,2019,7,20,37,0,1,1,0
Even Passive Giants Aren’t Immune From Investors’ Changing Tastes,The Wall Street Journal,2019,7,20,37,0,1,1,-1
Iran’s Tanker Seizure Presents U.K. With Policy Dilemma,The Wall Street Journal,2019,7,20,37,0,1,1,-1
Israel’s Benjamin Netanyahu: The Life of ‘The Magician’,The Wall Street Journal,2019,7,20,37,0,1,1,1
"The Trump administration is making legal immigration harder, too",The Washington Post,2019,7,29,38,0,0,1,-1
"The stubborn, misguided myth that Internet platforms must be ‘neutral’",The Washington Post,2019,7,29,38,0,0,1,-1
"Fed Poised to Cut Rates for First Time Since Financial Crisis, Ending an Era",The New York Times,2019,7,29,38,0,0,1,1
Facebook Connected Her to a Tattooed Soldier in Iraq. Or So She Thought.,The New York Times,2019,7,29,38,0,0,1,-1
Hong Kong Protest: Clashes With Police Turn Downtown Into Tear Gas-Filled Battlefield,The New York Times,2019,7,29,38,0,0,1,-1
The U.S. and Guatemala Reached an Asylum Deal: Here’s What It Means,The New York Times,2019,7,29,38,0,0,1,0
"‘Thoughts and Prayers’ Aren’t Enough, America’s First Gun Violence Minister Says.",The New York Times,2019,7,29,38,0,0,1,0
Shooting at Festival in California Kills at Least 3,The New York Times,2019,7,29,38,0,0,1,-1
"Trump Accuses Black Congressman and Allies of Being Racist, Deepening Feud",The New York Times,2019,7,29,38,0,0,1,-1
"Amazon Wants to Rule the Grocery Aisles, and Not Just at Whole Foods",The New York Times,2019,7,29,38,0,0,1,0
Instagram Is Great for Models. It’s Also Good for Predators.,The New York Times,2019,7,29,38,0,0,1,1
‘Lighting Money on Fire’ as Mold and Rats Persist in New York Public Housing,The New York Times,2019,7,29,38,0,0,1,-1
"Rev. Ben Kinchlow, Co-Host of TV’s ‘The 700 Club,’ Dies at 82",The New York Times,2019,7,29,38,0,0,1,-1
Jay Inslee: Climate Change Is a Winning Campaign Issue — and President Trump Knows It,The New York Times,2019,7,29,38,0,0,1,1
The Rot You Smell Is a Racist Potus,The New York Times,2019,7,29,38,0,0,1,-1
Pound Falls After Boris Johnson Ramps Up No-Deal Brexit Rhetoric,The Wall Street Journal,2019,7,29,38,0,1,1,-1
Smaller Money Managers Drowning in Rules,The Wall Street Journal,2019,7,29,38,0,1,1,-1
American Tech Shudders as China Cyber Rules Are Expected to Get Tougher,The Wall Street Journal,2019,7,29,38,0,1,1,-1
Alleged 9/11 Mastermind Open to Helping Victims’ Lawsuit if U.S. Drops Death Penalty,The Wall Street Journal,2019,7,29,38,0,1,1,0
SoftBank’s New Fund Stands to Shake Up Enterprise Tech,The Wall Street Journal,2019,7,29,38,0,1,1,0
Dealing With the High Price of Some Insulin,The Wall Street Journal,2019,7,29,38,0,1,1,0
Smearing Mitch McConnell,The Wall Street Journal,2019,7,29,38,0,1,1,-1
The Battle of the Microwave,The Wall Street Journal,2019,7,29,38,0,1,1,-1
"Donald Trump rips Elijah Cummings, Nancy Pelosi over poorly kept districts",The Washington Times,2019,7,29,38,0,1,0,-1
"Robert Mueller testimony changed few minds on impeachment, poll finds",The Washington Times,2019,7,29,38,0,1,0,-1
Cory Booker presidential campaign message struggles to resonate,The Washington Times,2019,7,29,38,0,1,0,-1
"Jerrold Nadler, Adam Schiff defend Robert Mueller's 'chilling' testimony",The Washington Times,2019,7,29,38,0,1,0,1
Dan Coats resigns as director of national intelligence: Reports,The Washington Times,2019,7,29,38,0,1,0,-1
'Do you really want an answer?',The Washington Times,2019,7,29,38,0,1,0,-1
Hit piece on Yankee Hall of Famer Mariano Rivera shows how the left attacks everything,The Washington Times,2019,7,29,38,0,1,0,0
Lazarus wrote the lyrics. Berlin wrote the music. Cuccinelli erases the memory.,The Washington Post,2019,8,14,39,0,0,1,1
U.S. Delays Some China Tariffs Until Stores Stock Up for Holidays,The New York Times,2019,8,14,39,0,0,1,0
A Boom Time for the Bunker Business and Doomsday Capitalists,The New York Times,2019,8,14,39,0,0,1,1
Jeffrey Epstein and When to Take Conspiracies Seriously,The New York Times,2019,8,14,39,0,0,1,1
States Sue Trump Administration Over Rollback of Obama-Era Climate Rule,The New York Times,2019,8,14,39,0,0,1,-1
Fortnite’s Bugha Targeted in ‘Swatting’ Hoax,The New York Times,2019,8,14,39,0,0,1,-1
The Air Raid Offense Invades an N.F.L. That It Already Conquered,The New York Times,2019,8,14,39,0,0,1,-1
The Mets Are on Fire. The Braves Are Watching From a Safe Distance.,The New York Times,2019,8,14,39,0,0,1,-1
‘Kochland’ Measures the Reach of a Politically Influential Corporate Giant,The New York Times,2019,8,14,39,0,0,1,1
CBS and Viacom to Reunite in Victory for Shari Redstone,The New York Times,2019,8,14,39,0,0,1,1
CNN’s Chris Cuomo Threatens Man Who Called Him ‘Fredo’,The New York Times,2019,8,14,39,0,0,1,-1
"Paul Findley, Congressman Behind War Powers Act, Dies at 98",The New York Times,2019,8,14,39,0,0,1,-1
"Dr. John Hansen, Who Made Marrow Transplants Safer, Dies at 76",The New York Times,2019,8,14,39,0,0,1,-1
This Drug Will Save Children’s Lives. It Costs $2 Million.,The New York Times,2019,8,14,39,0,0,1,-1
The Religious Hunger of the Radical Right,The New York Times,2019,8,14,39,0,0,1,-1
The Kansas-Missouri Subsidy Armistice,The Wall Street Journal,2019,8,14,39,0,1,1,-1
"Cisco’s Outlook Dampened by China Slowdown, Trade Dispute",The Wall Street Journal,2019,8,14,39,0,1,1,-1
A Tragedy of Our Times,The Wall Street Journal,2019,8,14,39,0,1,1,-1
"Ross Stores Promotes Executives, Including CFO",The Wall Street Journal,2019,8,14,39,0,1,1,1
Britons Worry No-Deal Brexit Will Cause Drug Shortages,The Wall Street Journal,2019,8,14,39,0,1,1,-1
Does Hong Kong Matter?,The Wall Street Journal,2019,8,14,39,0,1,1,-1
Sheldon Whitehouse warns Supreme Court not to hear gun case,The Washington Times,2019,8,14,39,0,1,0,-1
Adrian Peterson: No surprise if Trent Williams doesn't return,The Washington Times,2019,8,14,39,0,1,0,0
BOOK REVIEW: 'Chances Are: A Novel',The Washington Times,2019,8,14,39,0,1,0,1
Democrats keep up push for gun control bills,The Washington Times,2019,8,14,39,0,1,0,1
California counties sue to block new rule penalizing immigrants who use welfare,The Washington Times,2019,8,14,39,0,1,0,-1
"Beto O'Rourke: Fox News, Breitbart sowing 'seeds of terror'",The Washington Times,2019,8,14,39,0,1,0,0
Ben Sasse says DOJ should officially repudiate Epstein deal,The Washington Times,2019,8,14,39,0,1,0,-1
Tim Ryan says he'll press on in 2020 race even if he doesn't make next debate stage,The Washington Times,2019,8,14,39,0,1,0,1
Washington Post fires back after Bernie Sanders complains of bias,The Washington Times,2019,8,14,39,0,1,0,-1
How Stephen Miller Seized the Moment to Battle Immigration,The New York Times,2019,8,18,40,0,0,1,1
India Plans Big Detention Camps for Migrants. Muslims Are Afraid.,The New York Times,2019,8,18,40,0,0,1,-1
How an Online Mob Created a Playbook for a Culture War,The New York Times,2019,8,18,40,0,0,1,-1
"A Summer Camp on the Border, Where the Border Crisis Feels Far Away",The New York Times,2019,8,18,40,0,0,1,0
The 5 Days That Defined the 2020 Primary,The New York Times,2019,8,18,40,0,0,1,1
Trump’s Pittsburgh Speech Was a Paying Gig for the Audience,The New York Times,2019,8,18,40,0,0,1,1
"A Year of Stock Market Fury, Signifying Nearly Nothing",The New York Times,2019,8,18,40,0,0,1,-1
"Commuting Has Always Been Soul-Crushing, but There Are Inspiring Options",The New York Times,2019,8,18,40,0,0,1,1
The Astros Are Major League Baseball’s Happy Place,The New York Times,2019,8,18,40,0,0,1,1
"Pro Tennis Returns to the Bronx, but for How Long?",The New York Times,2019,8,18,40,0,0,1,-1
"America Wasn’t a Democracy, Until Black Americans Made It One",The New York Times,2019,8,18,40,0,0,1,0
American Capitalism Is Brutal. You Can Trace That to the Plantation.,The New York Times,2019,8,18,40,0,0,1,-1
"Somerville, N.J.: A Walkable Suburban Alternative",The New York Times,2019,8,18,40,0,0,1,1
Naked Came the Strangers,The New York Times,2019,8,18,40,0,0,1,0
Our Irrational Anxiety About ‘Slow’ Growth,The New York Times,2019,8,18,40,0,0,1,-1
Fed Chief Wedged Between a Slowing Economy and an Angry President,The Wall Street Journal,2019,8,18,40,0,1,1,-1
‘A Reset’: Hong Kong Protesters Find New Momentum With Largest Rally in Weeks,The Wall Street Journal,2019,8,18,40,0,1,1,1
They’re Committed to Each Other—And a 444-Mile Tandem Bike Ride,The Wall Street Journal,2019,8,18,40,0,1,1,1
The Secular Busybodies Lose Again,The Wall Street Journal,2019,8,18,40,0,1,1,-1
SoftBank to Lend Founder and Employees Billions to Invest in Fund,The Wall Street Journal,2019,8,18,40,0,1,1,-1
New York Police Arrest West Virginia Man Over Subway Bomb Scare,The Wall Street Journal,2019,8,18,40,0,1,1,-1
Chinese Police Probe Gun in FedEx Package,The Wall Street Journal,2019,8,18,40,0,1,1,-1
Cape Cod’s New Normal: Sharks Are Everywhere,The Wall Street Journal,2019,8,18,40,0,1,1,1
Costly Tariff Spat Masks Deeper Trade Problems,The Wall Street Journal,2019,8,18,40,0,1,1,-1
Greenlanders Baffled by Trump Interest,The Wall Street Journal,2019,8,18,40,0,1,1,-1
Graphic Novels Take Off With Young Readers,The Wall Street Journal,2019,8,18,40,0,1,1,1
Iranian Tanker Leaves Gibraltar Despite U.S. Objections,The Wall Street Journal,2019,8,18,40,0,1,1,-1
Dissent Against Beijing Is Becoming a Firing Offense,The Wall Street Journal,2019,8,18,40,0,1,1,-1
Novartis CEO Battles Fallout From Data Manipulation,The Wall Street Journal,2019,8,18,40,0,1,1,-1
Australian Steelmaker BlueScope Plans U.S. Expansion,The Wall Street Journal,2019,8,18,40,0,1,1,0
"Trump sees all U.S. Jews as Israelis because his Christian Zionist allies do, too",The Washington Post,2019,8,22,41,0,0,1,-1
"If and when the recession begins, it won’t be Trump’s fault",The Washington Post,2019,8,22,41,0,0,1,0
Why does Kevin Moley still have a job at the State Department?,The Washington Post,2019,8,22,41,0,0,1,-1
Migrant Families Would Face Indefinite Detention Under New Trump Rule,The New York Times,2019,8,22,41,0,0,1,-1
Vaping Sicknesses Rising: 153 Cases Reported in 16 States,The New York Times,2019,8,22,41,0,0,1,-1
"Jay Inslee, Dropping Out of 2020 Race, Will Run for Governor Again",The New York Times,2019,8,22,41,0,0,1,0
A Popeyes Chicken Sandwich and a Tactic to Set Off a Twitter Roar,The New York Times,2019,8,22,41,0,0,1,0
M.I.T. Media Lab in Crisis After 2 Scholars Vow to Leave Over Epstein Ties,The New York Times,2019,8,22,41,0,0,1,-1
"Hi, Alexa. How Do I Stop You From Listening In On Me?",The New York Times,2019,8,22,41,0,0,1,0
Antonio Brown’s Helmet Standoff Nears a Conclusion,The New York Times,2019,8,22,41,0,0,1,-1
"Richard Callaghan, Figure Skating Coach, Is Barred for Sexual Misconduct",The New York Times,2019,8,22,41,0,0,1,-1
"A Year Later, the Fight Over Aretha Franklin’s Estate Deepens",The New York Times,2019,8,22,41,0,0,1,1
Cyclist Deaths in New York City: Accidents or Crimes?,The New York Times,2019,8,22,41,0,0,1,-1
"Trump, Greenland, Denmark. Is This Real Life?",The New York Times,2019,8,22,41,0,0,1,0
A Giant Volcano Could End Human Life on Earth as We Know It,The New York Times,2019,8,22,41,0,0,1,-1
Qantas to Test Human Endurance for a 19-Hour Flight,The Wall Street Journal,2019,8,22,41,0,1,1,1
Byrne Resigns as Overstock.com Chief Executive,The Wall Street Journal,2019,8,22,41,0,1,1,-1
‘New Left Urbanists’ Want to Remake Your City,The Wall Street Journal,2019,8,22,41,0,1,1,-1
Hitler and Stalin Weren’t Such Strange Bedfellows,The Wall Street Journal,2019,8,22,41,0,1,1,0
‘Vision Portraits’ Review: Seeing Art Through a New Lens,The Wall Street Journal,2019,8,22,41,0,1,1,1
Donald Trump raises pressure on Fed's Jerome Powell to cut interest rates,The Washington Times,2019,8,22,41,0,1,0,-1
Mark Zuckerberg to hire 'seasoned journalists' to curate Facebook news section,The Washington Times,2019,8,22,41,0,1,0,-1
"Joe Biden, Bernie Sanders, only 2020 Dems who lead Donald Trump head-to-head: Poll",The Washington Times,2019,8,22,41,0,1,0,0
"Betsy DeVos touts rising support for school choice, charter schools as families seek 'more control'",The Washington Times,2019,8,22,41,0,1,0,-1
Donald Trump Jewish 'disloyalty' charge backfires,The Washington Times,2019,8,22,41,0,1,0,-1
Bernie Sanders Boyz: College kids who love free stuff,The Washington Times,2019,8,22,41,0,1,0,0
Trump defends family detention as best option for migrant children,The Washington Times,2019,8,22,41,0,1,0,-1
Most voters would blame Donald Trump for recession: Poll,The Washington Times,2019,8,22,41,0,1,0,-1
Trump signs order to wipe out student loan debt for disabled veterans,The Washington Times,2019,8,22,41,0,1,0,-1
Joe Walsh Trump primary challenge expected: Report,The Washington Times,2019,8,22,41,0,1,0,0
Trial for Men Accused of Plotting 9/11 Attacks Is Set for 2021,The New York Times,2019,8,31,42,0,0,1,0
Where Is the Amazon Rainforest Vanishing? Not Just in Brazil,The New York Times,2019,8,31,42,0,0,1,1
"Don’t Use Bootleg or Street Vaping Products, C.D.C. Warns",The New York Times,2019,8,31,42,0,0,1,-1
"Why You Can’t Volunteer for Election Polls, and Other Polling Facts",The New York Times,2019,8,31,42,0,0,1,0
"Trump’s Personal Assistant, Madeleine Westerhout, Shared Intimate Details of First Family",The New York Times,2019,8,31,42,0,0,1,1
A Hot Job Market Is Causing Labor Pains for State Governments,The New York Times,2019,8,31,42,0,0,1,-1
Officials Ignored ‘Clear Evidence’ of Abuse by Ohio State Doctor,The New York Times,2019,8,31,42,0,0,1,-1
Suspect Killed by Police as Shootings Spike in Parts of Queens,The New York Times,2019,8,31,42,0,0,1,-1
A Suburb Believed in Liberal Ideals. Then Came a New Busing Plan.,The New York Times,2019,8,31,42,0,0,1,1
China Expels Wall Street Journal Reporter After Article on Xi’s Cousin,The New York Times,2019,8,31,42,0,0,1,-1
"Valerie Harper, Who Won Fame and Emmys as ‘Rhoda,’ Dies at 80",The New York Times,2019,8,31,42,0,0,1,-1
"Pedro Bell, Whose Wild Album Covers Defined Funkadelic, Dies at 69",The New York Times,2019,8,31,42,0,0,1,-1
"James R. Leavelle, Detective at Lee Harvey Oswald’s Side, Dies at 99",The New York Times,2019,8,31,42,0,0,1,-1
Fix the Electoral College — Or Scrap It,The New York Times,2019,8,31,42,0,0,1,-1
The Mask I Wear on the Weekends,The New York Times,2019,8,31,42,0,0,1,1
Why Hurricane Dorian Is So Hard to Track,The Wall Street Journal,2019,8,31,42,0,1,1,-1
Hurricane Dorian to Test Florida’s New Nursing-Home Power Rules,The Wall Street Journal,2019,8,31,42,0,1,1,1
RAIT Financial Trust Files for Bankruptcy,The Wall Street Journal,2019,8,31,42,0,1,1,-1
Final Indian Citizenship List Could Leave Nearly Two Million Stateless,The Wall Street Journal,2019,8,31,42,0,1,1,-1
Coming Soon to a Small Screen Near You: Short Cuts,The Wall Street Journal,2019,8,31,42,0,1,1,-1
The Next Hot Job: Pretending to Be a Robot,The Wall Street Journal,2019,8,31,42,0,1,1,0
Democrats Step Up Offensive Against Mitch McConnell,The Wall Street Journal,2019,8,31,42,0,1,1,-1
"‘Homer at the Beach: A Marine Painter’s Journey, 1869-1880’ Review: Flotsam, Jetsam, Handsome",The Wall Street Journal,2019,8,31,42,0,1,1,1
Bubble Tea Now Comes With a Little Kick,The Wall Street Journal,2019,8,31,42,0,1,1,1
The Problem With Believing What We’re Told,The Wall Street Journal,2019,8,31,42,0,1,1,-1
Hong Kong Protesters and Police Clash in 13th Week of Demonstrations,The Wall Street Journal,2019,8,31,42,0,1,1,0
Naomi Osaka Overwhelms Coco Gauff at the U.S. Open,The Wall Street Journal,2019,8,31,42,0,1,1,-1
Markets Show Resilience in Topsy-Turvy August,The Wall Street Journal,2019,8,31,42,0,1,1,1
Ginsburg: Supreme Court Work Keeps Me Going,The Wall Street Journal,2019,8,31,42,0,1,1,1
The Horsemen Stalking the Korean Stock Market,The Wall Street Journal,2019,8,31,42,0,1,1,-1
Purdue Pharma Tentatively Settles Thousands of Opioid Cases,The New York Times,2019,9,12,43,0,0,1,-1
Supreme Court Says Trump Can Bar Asylum Seekers While Legal Fight Continues,The New York Times,2019,9,12,43,0,0,1,-1
Let Trump Destroy Trump,The New York Times,2019,9,12,43,0,0,1,-1
Nursing Homes Are a Breeding Ground for a Fatal Fungus,The New York Times,2019,9,12,43,0,0,1,0
California Approves Statewide Rent Control to Ease Housing Crisis,The New York Times,2019,9,12,43,0,0,1,1
Third Democratic Debate: The Top 10 on One Stage,The New York Times,2019,9,12,43,0,0,1,1
Trump Delays Planned Tariff Increase in ‘Gesture of Good Will’ to China,The New York Times,2019,9,12,43,0,0,1,-1
Trump Wants Negative Rates. Here’s How That Would Work.,The New York Times,2019,9,12,43,0,0,1,-1
California’s Contractor Law Stirs Confusion Beyond the Gig Economy,The New York Times,2019,9,12,43,0,0,1,-1
"A European Tech Giant Is Born, Spun Off From a South African Firm",The New York Times,2019,9,12,43,0,0,1,-1
Wondering Who Did That Painting? There’s an App (or Two) for That,The New York Times,2019,9,12,43,0,0,1,-1
Driver Kills 10-Year-Old After Suffering ‘Medical Episode’,The New York Times,2019,9,12,43,0,0,1,-1
"Diet Eman, Who Risked Her Life to Rescue Dutch Jews, Dies at 99",The New York Times,2019,9,12,43,0,0,1,-1
"Frederic Pryor, Player in ‘Bridge of Spies’ Case, Dies at 86",The New York Times,2019,9,12,43,0,0,1,-1
"In Italy, a Sharp Turn Back to the Center",The New York Times,2019,9,12,43,0,0,1,1
Treasury 10-Year Yields Rise on Trade Hopes,The Wall Street Journal,2019,9,12,43,0,1,1,0
China Seeks to Narrow U.S. Talks to Break Deadlock,The Wall Street Journal,2019,9,12,43,0,1,1,-1
Draghi Leaves With No Exit,The Wall Street Journal,2019,9,12,43,0,1,1,-1
Mexico’s Pemex Sells Bonds for $7.5 Billion in Refinancing,The Wall Street Journal,2019,9,12,43,0,1,1,-1
Juul Debates Pushing Back on E-Cigarette Ban,The Wall Street Journal,2019,9,12,43,0,1,1,-1
Trump Administration Turns Over Official’s Name Amid Dispute Over Saudi Role in 9/11 Attacks,The Wall Street Journal,2019,9,12,43,0,1,1,-1
A Quick Refresher on How to Drive Like a Human,The Wall Street Journal,2019,9,12,43,0,1,1,1
Take Two Aspirin and Call Me by My Pronouns,The Wall Street Journal,2019,9,12,43,0,1,1,-1
Notable & Quotable: What Democrats Aren’t Looking For,The Wall Street Journal,2019,9,12,43,0,1,1,1
Marteeny: Some Bars Are Working Smaller Cocktails Into the Mix,The Wall Street Journal,2019,9,12,43,0,1,1,1
CEOs Urge Senate to Pass Gun Laws,The Wall Street Journal,2019,9,12,43,0,1,1,-1
House Panel Approves Procedures for Trump Impeachment Probe,The Wall Street Journal,2019,9,12,43,0,1,1,1
"Mark Sanford, Bill Weld, Joe Walsh: 'The Three Stooges' as Republican primary challengers",The Washington Times,2019,9,12,43,0,1,0,1
California moves to cut college athletes in on the action,The Washington Times,2019,9,12,43,0,1,0,-1
"Joshua Wong, Hong Kong activist, to visit U.S.",The Washington Times,2019,9,12,43,0,1,0,1
Executive privilege is vitally important. But not at the expense of national security.,The Washington Post,2019,9,27,44,0,0,1,1
Women in Parliament Call Out Boris Johnson for His Incendiary Language on Brexit,The New York Times,2019,9,27,44,0,0,1,-1
The Berlin Police Are Confident the Killer Is in Jail. They Just Don’t Know His Name.,The New York Times,2019,9,27,44,0,0,1,-1
"Trump Slashes Refugee Cap to 18,000, Curtailing U.S. Role as Haven",The New York Times,2019,9,27,44,0,0,1,-1
E.P.A. Accuses California of ‘Significant’ Air and Water Problems,The New York Times,2019,9,27,44,0,0,1,-1
Anxious Biden Allies May Unleash Super PAC,The New York Times,2019,9,27,44,0,0,1,-1
Wall Street Deflates America’s Favorite Start-Ups,The New York Times,2019,9,27,44,0,0,1,1
SoftBank Bet Big on Disruptive Companies. Many Have Not Paid Off.,The New York Times,2019,9,27,44,0,0,1,-1
N.B.A. Will Get to the Bottom of How Tall Its Players Are,The New York Times,2019,9,27,44,0,0,1,-1
Eddie Murphy Is Bringing Eddie Murphy Back,The New York Times,2019,9,27,44,0,0,1,1
Why Construction Noise Is Keeping You Up at 3 A.M.,The New York Times,2019,9,27,44,0,0,1,0
"On Khashoggi Killing and Yemen, Saudis Cannot Avoid Fresh Scrutiny",The New York Times,2019,9,27,44,0,0,1,-1
‘Everything You’re Seeing Is Deception’: How Right-Wing Media Talks About Impeachment,The New York Times,2019,9,27,44,0,0,1,-1
"BBC Rebukes Anchor Who Criticized Trump ‘Go Back’ Tweet. Now, It’s Under Fire.",The New York Times,2019,9,27,44,0,0,1,-1
"Plato Cacheris, Washington ‘Super Lawyer’ in Headline Cases, Dies at 90",The New York Times,2019,9,27,44,0,0,1,-1
‘Stronghold’ Review: A Fragile Circle of Life,The Wall Street Journal,2019,9,27,44,0,1,1,1
Judge Blocks Trump Administration’s Plans for Detaining Migrant Families,The Wall Street Journal,2019,9,27,44,0,1,1,0
Stocks Slump as Investors Weigh Trade Threats,The Wall Street Journal,2019,9,27,44,0,1,1,-1
Would Shakespeare Impeach Trump?,The Wall Street Journal,2019,9,27,44,0,1,1,-1
How to Kill a Housing Market,The Wall Street Journal,2019,9,27,44,0,1,1,-1
"Banks Stay Gloomy on Oil, Shrugging Off Attacks",The Wall Street Journal,2019,9,27,44,0,1,1,-1
U.S. Government Bond Yields Down for Week,The Wall Street Journal,2019,9,27,44,0,1,1,-1
"Pelosi accuses DNI of breaking the law on Trump-Ukraine phone call, sees cover-up in complaint",The Washington Times,2019,9,27,44,0,1,0,-1
Fight for Trump's tax returns delayed for one day; Judge issues stay on NY prosecutor's subpoena,The Washington Times,2019,9,27,44,0,1,0,-1
"Joseph Maguire, acting DNI, said White House cited executive privilege over Ukraine call",The Washington Times,2019,9,27,44,0,1,0,-1
Senate passes stopgap funding bill to avert shutdown,The Washington Times,2019,9,27,44,0,1,0,-1
"Schumer: If confirmed, whistleblower allegations 'nothing short of explosive'",The Washington Times,2019,9,27,44,0,1,0,-1
Juiced ball? Launch angles? Homers up big,The Washington Times,2019,9,27,44,0,1,0,-1
"Jennifer Lopez, Shakira to perform Super Bowl halftime show",The Washington Times,2019,9,27,44,0,1,0,1
Donald Trump says fate of the nation at stake as Democrats try to 'destroy' the GOP,The Washington Times,2019,9,27,44,0,1,0,-1
Legal Team Says It Represents a Second Whistle-Blower Over Trump and Ukraine,The New York Times,2019,10,7,45,0,0,1,-1
Barr and a Top Prosecutor Cast a Wide Net in Reviewing the Russia Inquiry,The New York Times,2019,10,7,45,0,0,1,1
"In Kashmir, a Race Against Death, With No Way to Call a Doctor",The New York Times,2019,10,7,45,0,0,1,-1
Filming the Show: Pardon the Intrusion? Or Punish It?,The New York Times,2019,10,7,45,0,0,1,-1
Why America Needs Whistle-Blowers,The New York Times,2019,10,7,45,0,0,1,0
Jeremy Corbyn or No-Deal Brexit? The U.K. Might Have to Choose,The New York Times,2019,10,7,45,0,0,1,-1
"Oligarchs, as U.S. Arts Patrons, Present a Softer Image of Russia",The New York Times,2019,10,7,45,0,0,1,1
Hong Kong Rallies Turn Violent After Thousands Defy Face Mask Ban,The New York Times,2019,10,7,45,0,0,1,-1
Kansas City Shooting: 4 Killed and 5 Others Wounded at Bar,The New York Times,2019,10,7,45,0,0,1,-1
"Witness in Amber Guyger’s Trial Is Fatally Shot, Lawyer Says",The New York Times,2019,10,7,45,0,0,1,0
"Overwhelmed or Ill Informed, 70,000 Wildfire Victims May Get Nothing",The New York Times,2019,10,7,45,0,0,1,-1
How Boeing vs. Airbus Became Trump vs. Europe,The New York Times,2019,10,7,45,0,0,1,-1
New York Democrats Balance Impeachment Issue With Local Concerns,The New York Times,2019,10,7,45,0,0,1,1
"Rip Taylor, Flamboyant Comedian, Is Dead at 88",The New York Times,2019,10,7,45,0,0,1,-1
The Rich Really Do Pay Lower Taxes Than You,The New York Times,2019,10,7,45,0,0,1,1
"Pentagon, White House Budget Office Get Ukraine Subpoenas",The Wall Street Journal,2019,10,7,45,0,1,1,-1
Bonobos Trims Jobs as Owner Walmart Seeks to Cut E-commerce Losses,The Wall Street Journal,2019,10,7,45,0,1,1,0
"New York City Sees Uptick in Murders, Shootings",The Wall Street Journal,2019,10,7,45,0,1,1,-1
Got Oxygen?,The Wall Street Journal,2019,10,7,45,0,1,1,-1
Impeaching Trump Voters,The Wall Street Journal,2019,10,7,45,0,1,1,-1
With Friends Like the U.S.,The Wall Street Journal,2019,10,7,45,0,1,1,1
New York City Boosts Homeless Outreach After Four Men Are Killed,The Wall Street Journal,2019,10,7,45,0,1,1,0
"How Botham Jean's brother, Brandt, rose above resentment and rage",The Washington Times,2019,10,7,45,0,1,0,1
Congressional leftists engaged in just another sham with impeachment process,The Washington Times,2019,10,7,45,0,1,0,-1
"Airbus tariffs hit French wines, Italian cheese",The Washington Times,2019,10,7,45,0,1,0,-1
Donald Trump laments Mitt Romney double-cross: Democrats 'stick together!',The Washington Times,2019,10,7,45,0,1,0,-1
Trump accuses Nancy Pelosi of treason,The Washington Times,2019,10,7,45,0,1,0,-1
Mark Zaid: Second whistleblower emerges in Trump impeachment inquiry,The Washington Times,2019,10,7,45,0,1,0,0
EDITORIAL: Ending taxpayer subsidies for demonstrators in Washington,The Washington Times,2019,10,7,45,0,1,0,-1
Colt McCoy stymied by Patriots defense,The Washington Times,2019,10,7,45,0,1,0,-1
Trump’s first mistake in Syria was ever trusting Erdogan,The Washington Post,2019,10,17,46,0,0,1,-1
Hiring neurodiverse people like me can give companies a competitive advantage,The Washington Post,2019,10,17,46,0,0,1,1
Turkey Urges Kurdish Fighters to Lay Down Their Arms,The New York Times,2019,10,17,46,0,0,1,-1
Drug Giants Close In on a $50 Billion Settlement of Opioid Cases,The New York Times,2019,10,17,46,0,0,1,1
John Lithgow: Trump Is a Bad President. He’s an Even Worse Entertainer.,The New York Times,2019,10,17,46,0,0,1,-1
What Are the Benefits of CBD?,The New York Times,2019,10,17,46,0,0,1,1
Morocco’s King Pardons Journalist Sentenced on Abortion Charge,The New York Times,2019,10,17,46,0,0,1,-1
"Under New Rule, Chinese Diplomats Must Notify State Dept. of Meetings in U.S.",The New York Times,2019,10,17,46,0,0,1,-1
Ex-Aide Saw Gordon Sondland as a Potential National Security Risk,The New York Times,2019,10,17,46,0,0,1,-1
‘I Don’t Need Lessons From You on Courage’: Pete Buttigieg Makes His Case,The New York Times,2019,10,17,46,0,0,1,1
Former Top State Dept. Aide Tells Impeachment Investigators He Quit Over Ukraine,The New York Times,2019,10,17,46,0,0,1,-1
"Angels Hire Joe Maddon to Manage, and Heal, a Reeling Club",The New York Times,2019,10,17,46,0,0,1,1
"Why the Oscars, Emmys and Tonys Are Not Ready for They and Them",The New York Times,2019,10,17,46,0,0,1,-1
"David Correia, Who Was Indicted With Giuliani Associates, Is Arrested",The New York Times,2019,10,17,46,0,0,1,0
How Amazon Has Transformed the Hasidic Economy,The New York Times,2019,10,17,46,0,0,1,1
UAW Officials Vote to Extend Nationwide GM Strike,The Wall Street Journal,2019,10,17,46,0,1,1,-1
"Vaping-Related Injury Cases Near 1,500, With 33 Deaths",The Wall Street Journal,2019,10,17,46,0,1,1,-1
Sondland Criticizes Trump Over Efforts to Pressure Ukraine,The Wall Street Journal,2019,10,17,46,0,1,1,-1
IBM’s New Hat Doesn’t Cover Old Problems,The Wall Street Journal,2019,10,17,46,0,1,1,-1
Businessmen Accused of Conspiring With Giuliani Associates Plead Not Guilty,The Wall Street Journal,2019,10,17,46,0,1,1,-1
"Lee Boyd Malvo, D.C. sniper, asks court for new sentencing since he was 17 at time of shootings",The Washington Times,2019,10,17,46,0,1,0,-1
Beto O'Rourke: Someone who refuses to turn in gun can expect visit from law enforcement,The Washington Times,2019,10,17,46,0,1,0,-1
Amy Klobuchar: Elizabeth Warren needs to say how she'd pay for 'Medicare for All',The Washington Times,2019,10,17,46,0,1,0,0
White House attempted to introduce grieving family to their son's killer in 'surprise' meeting,The Washington Times,2019,10,17,46,0,1,0,1
"Judge: HHS cannot require abortion, transgender care",The Washington Times,2019,10,17,46,0,1,0,-1
Astros-Yankees ALCS Game 4 postponed due to rain,The Washington Times,2019,10,17,46,0,1,0,0
Democrats walk out on Trump after 'meltdown',The Washington Times,2019,10,17,46,0,1,0,-1
White House meeting on Syria falls apart; Dems decry Trump 'meltdown',The Washington Times,2019,10,17,46,0,1,0,-1
House impeachment investigators question former Pompeo adviser Michael McKinley,The Washington Times,2019,10,17,46,0,1,0,0
"Violence, profanity on the rise in kids' TV shows, study finds",The Washington Times,2019,10,17,46,0,1,0,-1
A Divided House Endorses Impeachment Inquiry Into Trump,The New York Times,2019,11,1,47,0,0,1,-1
How Does the Human Soul Survive Atrocity?,The New York Times,2019,11,1,47,0,0,1,0
Hong Kong Protests: Compare These Before-and-After Photos,The New York Times,2019,11,1,47,0,0,1,-1
Measles Makes Your Immune System’s Memory Forget Defenses Against Other Illnesses,The New York Times,2019,11,1,47,0,0,1,-1
"Chicago Teachers’ Strike, Longest in Decades, Ends",The New York Times,2019,11,1,47,0,0,1,1
Meet the Democrats Who Broke Ranks on Impeachment,The New York Times,2019,11,1,47,0,0,1,1
"In Virginia Election, Suburban Republicans Sound a Lot Like Democrats",The New York Times,2019,11,1,47,0,0,1,1
The Housing Market Needs More Than Low Mortgage Rates,The New York Times,2019,11,1,47,0,0,1,-1
Google Wants Safeguards for Information in Antitrust Fight,The New York Times,2019,11,1,47,0,0,1,-1
‘Terminator: Dark Fate’ Review: It’s Hasta la Vista All Over Again,The New York Times,2019,11,1,47,0,0,1,1
"At 14, He Stayed Away From Trouble. But a Bullet Flew 100 Yards.",The New York Times,2019,11,1,47,0,0,1,-1
How Deadspin Imploded,The New York Times,2019,11,1,47,0,0,1,-1
"Meyer Ackerman, 96, Whose Theaters Were Loved by Cinephiles, Dies",The New York Times,2019,11,1,47,0,0,1,-1
The Mess at D.H.S.,The New York Times,2019,11,1,47,0,0,1,-1
Impeach Trump. Then Move On.,The New York Times,2019,11,1,47,0,0,1,-1
California’s Hostile Constitutional Takeover,The Wall Street Journal,2019,11,1,47,0,1,1,-1
Deadspin Resignations Threaten New Owner’s Turnaround,The Wall Street Journal,2019,11,1,47,0,1,1,-1
Trump Will Tap Texas Doctor to Lead FDA,The Wall Street Journal,2019,11,1,47,0,1,1,-1
Warren’s Medicare for All Would Leave Mark on U.S. Economy,The Wall Street Journal,2019,11,1,47,0,1,1,0
Recreational Runners Stand to Benefit the Most From the Nike Vaporfly,The Wall Street Journal,2019,11,1,47,0,1,1,1
Grant and Lee’s Beards Never Saw Gas Masks,The Wall Street Journal,2019,11,1,47,0,1,1,-1
Top Fed Officials Signal Comfort With Pause in Rate Cuts,The Wall Street Journal,2019,11,1,47,0,1,1,0
Planned Parenthood aided Northam with talking points after infanticide interview,The Washington Times,2019,11,1,47,0,1,0,1
Nationals World Series parade set for Saturday,The Washington Times,2019,11,1,47,0,1,0,1
Elizabeth Warren plan would ban big firms from immediately hiring senior government officials,The Washington Times,2019,11,1,47,0,1,0,-1
Donald Trump Jr.: I'd be able to get rich 'off my father's presidency'... if I were Joe Biden's son,The Washington Times,2019,11,1,47,0,1,0,-1
Joe Arpaio loses CNN libel lawsuit,The Washington Times,2019,11,1,47,0,1,0,-1
Americans say First Amendment outdated,The Washington Times,2019,11,1,47,0,1,0,-1
"Inside the Beltway: In age of impeachment, anonymous sources are broadcast stars",The Washington Times,2019,11,1,47,0,1,0,-1
"Skewed and confusing: Public frowns on impeachment news coverage, poll finds",The Washington Times,2019,11,1,47,0,1,0,-1
"‘If Those Were Pictures of You, You Would Understand’",The New York Times,2019,11,10,48,0,0,1,-1
"How the State Dept.’s Dissenters Incited a Revolt, Then a Rallying Cry",The New York Times,2019,11,10,48,0,0,1,0
The Hidden Cost of Gold: Birth Defects and Brain Damage,The New York Times,2019,11,10,48,0,0,1,-1
The Last Days of Legal Cockfighting in Puerto Rico,The New York Times,2019,11,10,48,0,0,1,-1
‘A Proud Day’: Ex-Felons Clear Final Hurdle to Vote,The New York Times,2019,11,10,48,0,0,1,1
The C.E.O. of American Airlines Has a Problem: Boeing’s 737 Max,The New York Times,2019,11,10,48,0,0,1,-1
Tunisia’s #MeToo Started Outside a High School. Will It End in Court?,The New York Times,2019,11,10,48,0,0,1,-1
L.S.U. Survives Alabama’s Second-Half Push for a Big Win,The New York Times,2019,11,10,48,0,0,1,0
"The City That Cycles With the Young, the Old, the Busy and the Dead",The New York Times,2019,11,10,48,0,0,1,0
Knowing Paris by Its Bridges,The New York Times,2019,11,10,48,0,0,1,1
"Daughter and Dad, Chasing Salmon in Upstate New York",The New York Times,2019,11,10,48,0,0,1,1
Yoga Is Finally Facing Consent and Unwanted Touch,The New York Times,2019,11,10,48,0,0,1,-1
"Jennifer Lee, Queen of the ‘Frozen’ Franchise",The New York Times,2019,11,10,48,0,0,1,1
"Peter Collier, Author and Leading Conservative Voice, Dies at 80",The New York Times,2019,11,10,48,0,0,1,-1
How Scientists Got Climate Change So Wrong,The New York Times,2019,11,10,48,0,0,1,-1
Tencent Looks to Leverage Its Partnership With Nintendo in the U.S.,The Wall Street Journal,2019,11,10,48,0,1,1,1
The Quantum Computing Threat to American Security,The Wall Street Journal,2019,11,10,48,0,1,1,-1
"Economy Week Ahead: German Recession Watch, U.S. Retail Sales, Powell Talks to Congress",The Wall Street Journal,2019,11,10,48,0,1,1,1
Man Dies After Stabbing in New York Homeless Shelter,The Wall Street Journal,2019,11,10,48,0,1,1,-1
Kicking and Sparring Bring This Family Together,The Wall Street Journal,2019,11,10,48,0,1,1,1
WeWork Drew SEC Scrutiny Just Before It Scrapped IPO,The Wall Street Journal,2019,11,10,48,0,1,1,-1
LSU Triumphs in Game of the Century: Part II,The Wall Street Journal,2019,11,10,48,0,1,1,1
U.S.-Mexico Border Arrests Fall in October,The Wall Street Journal,2019,11,10,48,0,1,1,-1
Aramco’s Big Profit Slide Shows Scale of Risk Ahead of IPO,The Wall Street Journal,2019,11,10,48,0,1,1,1
"Blackouts, Wildfires Test California Gov. Newsom in His First Crisis",The Wall Street Journal,2019,11,10,48,0,1,1,-1
Viacom and CBS Shake Up Executive Ranks Ahead of Combination,The Wall Street Journal,2019,11,10,48,0,1,1,1
Census Overhaul Seeks to Avoid Outing Individual Respondent Data,The Wall Street Journal,2019,11,10,48,0,1,1,-1
Cold Welcome for Veterans on Campus,The Wall Street Journal,2019,11,10,48,0,1,1,-1
"Welcome to China. You Probably Can’t Buy Anything, Though.",The Wall Street Journal,2019,11,10,48,0,1,1,1
Elizabeth Warren Seeks to Win Over Black Voters,The Wall Street Journal,2019,11,10,48,0,1,1,-1
What were these Trump wranglers thinking?,The Washington Post,2019,11,20,49,0,0,1,-1
"Gordon Sondland has a choice: Protect Trump, or tell the truth",The Washington Post,2019,11,20,49,0,0,1,-1
A White House Now ‘Cannibalizing Itself’,The New York Times,2019,11,20,49,0,0,1,-1
Parents of Besieged Hong Kong Protesters Come to the Front Lines,The New York Times,2019,11,20,49,0,0,1,1
"First Comes Snapchat, Then the Bachelor and Spinster Ball",The New York Times,2019,11,20,49,0,0,1,1
"Navy Wants to Eject From SEALs a Sailor Cleared by Trump, Officials Say",The New York Times,2019,11,20,49,0,0,1,-1
PG&E Struggles to Find a Way Out of Bankruptcy,The New York Times,2019,11,20,49,0,0,1,-1
What Is End-to-End Encryption? Another Bull’s-Eye on Big Tech,The New York Times,2019,11,20,49,0,0,1,-1
Getting Hockey Referees Ready for the Big Leagues,The New York Times,2019,11,20,49,0,0,1,1
Carmelo Anthony Officially Joins the Portland Trail Blazers,The New York Times,2019,11,20,49,0,0,1,1
A Last Dance for Leonard Cohen,The New York Times,2019,11,20,49,0,0,1,1
The Kids Who Love ‘Frozen’ and the Parents Who Love Them,The New York Times,2019,11,20,49,0,0,1,1
Falsely Imprisoned for 23 Years: Now He’s Received $7 Million,The New York Times,2019,11,20,49,0,0,1,-1
Republicans Are Following Trump to Nowhere,The New York Times,2019,11,20,49,0,0,1,-1
"Philanthropists Bench Women of Color, the M.V.P.s of Social Change",The New York Times,2019,11,20,49,0,0,1,1
Brazil to Ask Rich Countries to Help Pay for Amazon Protection,The Wall Street Journal,2019,11,20,49,0,1,1,-1
"Fed Officials Cut Rates Last Month Amid Worries on Trade, Growth",The Wall Street Journal,2019,11,20,49,0,1,1,-1
Ex-CEO of Brazilian Petrochemical Giant Braskem Is Arrested,The Wall Street Journal,2019,11,20,49,0,1,1,-1
Maloney Elected House Oversight Panel Chairwoman,The Wall Street Journal,2019,11,20,49,0,1,1,1
UPS to Use Sensors That Can Track Medical Packages at All Times,The Wall Street Journal,2019,11,20,49,0,1,1,1
Trucker’s Recovery Under Elliott Management Takes the Long Road,The Wall Street Journal,2019,11,20,49,0,1,1,1
‘Oblivion or Glory’ Review: Churchill the Deal Maker,The Wall Street Journal,2019,11,20,49,0,1,1,1
White House bucks Vindman testimony: Trump sets agenda 'not unelected bureaucrats',The Washington Times,2019,11,20,49,0,1,0,1
White House announces release of two professors held in Afghanistan,The Washington Times,2019,11,20,49,0,1,0,-1
Senators clash with Bureau of Prisons director over Epstein's death,The Washington Times,2019,11,20,49,0,1,0,-1
Testimony on bribery absent at impeachment probe targeting Trump bribes,The Washington Times,2019,11,20,49,0,1,0,0
'Meth. We're on it.' -- South Dakota officials say new anti-meth slogan a success for turning heads,The Washington Times,2019,11,20,49,0,1,0,1
Democrats push streamlined 'fact sheet' ahead of three-day impeachment hearing marathon,The Washington Times,2019,11,20,49,0,1,0,0
"Elizabeth Warren sputters, Pete Buttigieg surges into Democratic debate clash",The Washington Times,2019,11,20,49,0,1,0,-1
Las Vegas shooting victim dies of injuries; autopsy to determine if she's the 59th fatality,The Washington Times,2019,11,20,49,0,1,0,-1
Rural Montana Had Already Lost Too Many Native Women. Then Selena Disappeared.,The New York Times,2020,1,20,50,1,0,1,0
75 Drug Cartel Members Tunnel Out of Paraguay Prison,The New York Times,2020,1,20,50,1,0,1,-1
2 Honolulu Officers Killed and 7 Homes Burned in Violent Outburst,The New York Times,2020,1,20,50,1,0,1,-1
"As World Economy Shifts Gears, Trade Growth Slows",The New York Times,2020,1,20,50,1,0,1,-1
SpaceX’s Explosive Test May Launch Year of Renewed Human Spaceflight,The New York Times,2020,1,20,50,1,0,1,1
Avoiding Carsickness When the Cars Drive Themselves,The New York Times,2020,1,20,50,1,0,1,1
Kansas City’s firepower proves too much for Tennessee.,The New York Times,2020,1,20,50,1,0,1,-1
"As Australian Open Begins, Pollution From Fires Is in Play",The New York Times,2020,1,20,50,1,0,1,0
"In Germany, a Jewish Millennial Argues That the Past Isn’t Past",The New York Times,2020,1,20,50,1,0,1,0
Even C-SPAN Is Piqued: Senate Puts Limits on Trial Coverage,The New York Times,2020,1,20,50,1,0,1,-1
"Peter Larkin, Stage Designer With a Funky Asterisk, Dies at 93",The New York Times,2020,1,20,50,1,0,1,-1
"‘Chewing Gum Tycoon’ of Lotte Group, Shin Kyuk-ho, Dies at 98",The New York Times,2020,1,20,50,1,0,1,-1
"Jimmy Heath, 93, Jazz Saxophonist and Composer, Is Dead",The New York Times,2020,1,20,50,1,0,1,-1
Will The Chicago Tribune Be the Next Newspaper Picked to the Bone?,The New York Times,2020,1,20,50,1,0,1,-1
Roger Federer Will Always Be the Greatest (Even if He’s Not),The New York Times,2020,1,20,50,1,0,1,1
"Two Die in Shooting Outside Bar in Kansas City, Mo.",The Wall Street Journal,2020,1,20,50,1,1,1,-1
Wilmington’s Lie and Loss Of Black Representatives,The Wall Street Journal,2020,1,20,50,1,1,1,-1
Surge in Mercenaries Threatens Attempt to Stop War in Libya,The Wall Street Journal,2020,1,20,50,1,1,1,-1
The State of Trump’s Union,The Wall Street Journal,2020,1,20,50,1,1,1,-1
The Last Gasp of James G. Blaine?,The Wall Street Journal,2020,1,20,50,1,1,1,-1
"Receding Risks, Stronger Growth",The Wall Street Journal,2020,1,20,50,1,1,1,1
European Stocks Tick Lower on Fresh Strain to U.K. Ties,The Wall Street Journal,2020,1,20,50,1,1,1,-1
Italian Senate Committee Votes to Strip Salvini of Immunity,The Wall Street Journal,2020,1,20,50,1,1,1,-1
BAE Systems to Buy Military GPS Business From United Technologies for $1.93 Billion,The Wall Street Journal,2020,1,20,50,1,1,1,-1
"How Markus Howard dropped 42 on Georgetown, including the go-ahead three",The Washington Times,2020,1,20,50,1,1,0,1
Reuben Foster only recently regained feeling in foot: report,The Washington Times,2020,1,20,50,1,1,0,-1
Philip Rivers moves out of San Diego with free agency on horizon: report,The Washington Times,2020,1,20,50,1,1,0,-1
Hunter Biden testimony questions loom over Senate impeachment trial,The Washington Times,2020,1,20,50,1,1,0,0
"Democrats take stage, wave bye-bye",The Washington Times,2020,1,20,50,1,1,0,0
David Perdue dismisses Lev Parnas as impeachment 'distraction',The Washington Times,2020,1,20,50,1,1,0,-1
‘Like Europe in Medieval Times’: Virus Slows China’s Economy,The New York Times,2020,2,11,51,1,0,1,-1
Oscar for ‘Parasite’ Quenches Koreans’ Long Thirst for Recognition,The New York Times,2020,2,11,51,1,0,1,0
New Campus Sexual Misconduct Rules Will Tackle Dating Violence,The New York Times,2020,2,11,51,1,0,1,-1
New Hampshire Usually Winnows the Field. This Year May Be Different.,The New York Times,2020,2,11,51,1,0,1,-1
"From Starbucks to FedEx, Coronavirus Upends Businesses That Depend on China",The New York Times,2020,2,11,51,1,0,1,-1
Westminster Dog Show Photos: Ready for Prime Time,The New York Times,2020,2,11,51,1,0,1,1
"In Trade for Betts, Another of Astros’ Vanquished Opponents Bulks Up",The New York Times,2020,2,11,51,1,0,1,1
What the ‘Parasite’ Landslide Says About the Oscars: Our Critics Weigh In,The New York Times,2020,2,11,51,1,0,1,-1
Oscar Triumph for ‘Parasite’ Reflects Academy’s Evolving Identity,The New York Times,2020,2,11,51,1,0,1,1
"In His New Book, Daniel Kehlmann Says Hello to a Cruel World",The New York Times,2020,2,11,51,1,0,1,-1
Shooting of Man in the Face by ICE Turns Into a Trump-New York Fight,The New York Times,2020,2,11,51,1,0,1,-1
Seeing the Oscar Challenge to Fashion Week and Raising It One,The New York Times,2020,2,11,51,1,0,1,1
"Nathaniel R. Jones, Rights Lawyer and Federal Judge, Dies at 93",The New York Times,2020,2,11,51,1,0,1,-1
"Paul Farnes, Last R.A.F. Ace of Battle of Britain, Dies at 101",The New York Times,2020,2,11,51,1,0,1,0
Chinese Hacking Is Alarming. So Are Data Brokers.,The New York Times,2020,2,11,51,1,0,1,-1
O’Brien Says Vindman Removal Wasn’t Retaliation,The Wall Street Journal,2020,2,11,51,1,1,1,-1
Alan Dershowitz Accuses David Boies of Extortion in Defamation Suit,The Wall Street Journal,2020,2,11,51,1,1,1,-1
"Bumper Stickers, Quizzes, Last- Minute Campaign Stops Guide New Hampshire Voters Heading to Polls",The Wall Street Journal,2020,2,11,51,1,1,1,-1
DOJ Nears Decision on Whether to Charge Blackwater Founder Prince,The Wall Street Journal,2020,2,11,51,1,1,1,-1
Trump's proposed budget reveals clear differences with major rivals,The Washington Times,2020,2,11,51,1,1,0,0
Super Hornets stung in budget request; Navy shifts funds to focus on developing next-gen fighter,The Washington Times,2020,2,11,51,1,1,0,-1
DOJ unleashes legal assault on sanctuary cities,The Washington Times,2020,2,11,51,1,1,0,-1
Capitals' defense lacking again in loss to Islanders,The Washington Times,2020,2,11,51,1,1,0,-1
Modernizing nuke weapons tops list in FY 2021 Pentagon budget,The Washington Times,2020,2,11,51,1,1,0,1
Amazon seeks to depose Donald Trump in Pentagon war cloud lawsuit,The Washington Times,2020,2,11,51,1,1,0,-1
Donald Trump mocks botched Iowa caucuses at New Hampshire rally,The Washington Times,2020,2,11,51,1,1,0,-1
Four members of China's military indicted for massive Equifax breach,The Washington Times,2020,2,11,51,1,1,0,-1
"Bernie Sanders: Unlike some opponents, I'm not taking money from CEOs, Wall Street",The Washington Times,2020,2,11,51,1,1,0,-1
Elizabeth Warren struggles to get noticed as spotlight shifts,The Washington Times,2020,2,11,51,1,1,0,-1
Coronavirus surpasses SARS death toll in China,The Washington Times,2020,2,11,51,1,1,0,-1
Barr Says Attacks From Trump Make Work ‘Impossible’,The New York Times,2020,2,14,52,1,0,1,-1
"In Bipartisan Bid to Restrain Trump, Senate Passes Iran War Powers Resolution",The New York Times,2020,2,14,52,1,0,1,0
How Dresden Looked After a World War II Firestorm 75 Years Ago,The New York Times,2020,2,14,52,1,0,1,1
‘It Didn’t Work:’ States That Ended Parole for Violent Crimes Are Thinking Again,The New York Times,2020,2,14,52,1,0,1,-1
Iran’s Economy Is Bleak. Its Stock Market Is Soaring.,The New York Times,2020,2,14,52,1,0,1,-1
Bloomberg Once Linked 2008 Crisis to End of Redlining Bias in Home Loans,The New York Times,2020,2,14,52,1,0,1,0
Tesla Faces a New S.E.C. Investigation,The New York Times,2020,2,14,52,1,0,1,-1
He Is Building a Home. And a Career in the N.B.A.,The New York Times,2020,2,14,52,1,0,1,1
Empathy and Artistry: Rediscovering Dorothea Lange,The New York Times,2020,2,14,52,1,0,1,1
"The Wild, Anti-Authoritarian Art of Peter Saul",The New York Times,2020,2,14,52,1,0,1,1
"McClatchy, a Major U.S. Newspaper Chain, Files for Bankruptcy",The New York Times,2020,2,14,52,1,0,1,-1
Colin Kaepernick to Release a Memoir and Start a Publishing Company,The New York Times,2020,2,14,52,1,0,1,-1
"Terry Hands, Director Known for Hits and ‘Carrie,’ Dies at 79",The New York Times,2020,2,14,52,1,0,1,0
Mike Bloomberg Is Hacking Your Attention,The New York Times,2020,2,14,52,1,0,1,-1
The Specific Horror of Unwanted Oral Sex,The New York Times,2020,2,14,52,1,0,1,-1
Trump Administration to Deploy Enforcement Personnel to Sanctuary Cities,The Wall Street Journal,2020,2,14,52,1,1,1,-1
Pentagon Shifts Stance on Sales to Huawei,The Wall Street Journal,2020,2,14,52,1,1,1,-1
States Spurn Drug Industry’s Opioid-Settlement Offer,The Wall Street Journal,2020,2,14,52,1,1,1,-1
Bloomberg Buys the Democratic Elite,The Wall Street Journal,2020,2,14,52,1,1,1,1
We’re From the Government and We’re Here to Build a Bike Path,The Wall Street Journal,2020,2,14,52,1,1,1,1
Mercurial and Moody in Manila,The Wall Street Journal,2020,2,14,52,1,1,1,1
‘Citizen Reporters’ Review: The Cyclone and the Trust Buster,The Wall Street Journal,2020,2,14,52,1,1,1,1
D.C. Council mulls bill that would ban cashless businesses,The Washington Times,2020,2,14,52,1,1,0,-1
"Navy seizes missiles, weapons linked to Iran from fishing vessel in Persian Gulf",The Washington Times,2020,2,14,52,1,1,0,-1
Colin Kaepernick to release memoir,The Washington Times,2020,2,14,52,1,1,0,1
Navy punishes sailors for MAGA-like patches,The Washington Times,2020,2,14,52,1,1,0,-1
Bernie Sanders accused of stealing libertarian advocacy group's branding strategy,The Washington Times,2020,2,14,52,1,1,0,-1
Sanders defends health plan from Big Labor criticism that they endanger unions' health insurance,The Washington Times,2020,2,14,52,1,1,0,1
"Mike Pence fundraises in South Carolina, tells Citadel cadets future is limitless",The Washington Times,2020,2,14,52,1,1,0,1
Patricia Heaton asks why 'any civilized person' would support the Democratic Party,The Washington Times,2020,2,14,52,1,1,0,-1
William Barr Moves to Take the Reins of Politically Charged Cases,The New York Times,2020,2,15,53,1,0,1,0
"China’s Doctors, Fighting the Coronavirus, Beg for Masks",The New York Times,2020,2,15,53,1,0,1,-1
What Being a Mayor Taught Pete Buttigieg,The New York Times,2020,2,15,53,1,0,1,0
Russians Pressure U.S. Forces in Northeast Syria,The New York Times,2020,2,15,53,1,0,1,-1
Boris Johnson Moves Boldly to Consolidate Power,The New York Times,2020,2,15,53,1,0,1,1
An Old and Contested Solution to Boost Reading Scores: Phonics,The New York Times,2020,2,15,53,1,0,1,-1
We Checked the Iowa Caucus Math. Here’s Where It Didn’t Add Up.,The New York Times,2020,2,15,53,1,0,1,-1
"Ads in Spanish, Obama Cameos: The Democratic Ad Race in Nevada and South Carolina",The New York Times,2020,2,15,53,1,0,1,-1
BlackRock Becomes a Symbol for Anticapitalist Fervor in France,The New York Times,2020,2,15,53,1,0,1,1
U.S. Watchdog to Investigate Trump’s Farm Bailout Program,The New York Times,2020,2,15,53,1,0,1,0
"In a Post-‘Parasite’ World, What Happens Next?",The New York Times,2020,2,15,53,1,0,1,-1
When a Critic Hosts the Premiere,The New York Times,2020,2,15,53,1,0,1,1
"Rajendra Pachauri, 79, Dies; Led Nobel-Winning Climate Agency",The New York Times,2020,2,15,53,1,0,1,0
The Progressive Lane Narrows,The New York Times,2020,2,15,53,1,0,1,-1
Trump’s Policy on New York’s ‘Trusted Travelers’ Is Unconstitutional,The New York Times,2020,2,15,53,1,0,1,-1
Esports Leagues Want Gamers to Root for the Home Team,The Wall Street Journal,2020,2,15,53,1,1,1,1
Connecticut Lawmakers Brace for Public Hearing on Vaccination Bill,The Wall Street Journal,2020,2,15,53,1,1,1,0
Medicaid Standoff: Trump Plan to Tighten Oversight of States Draws Objections,The Wall Street Journal,2020,2,15,53,1,1,1,-1
"Rise of Sanders, Trump Shows Decline in Party Power",The Wall Street Journal,2020,2,15,53,1,1,1,-1
This Anti-CEO’s Mission Impossible: Use Capitalism to Kill Meat,The Wall Street Journal,2020,2,15,53,1,1,1,-1
"Bloomberg Campaign Ad Touts Relationship With Obama, Despite Complicated History",The Wall Street Journal,2020,2,15,53,1,1,1,-1
China Defends Virus Measures as France Reports First Death,The Wall Street Journal,2020,2,15,53,1,1,1,-1
Looking Back at Dresden,The Wall Street Journal,2020,2,15,53,1,1,1,0
"Selling Frozen Dumplings, Cutting Pay: Chinese Businesses Struggle to Survive Coronavirus",The Wall Street Journal,2020,2,15,53,1,1,1,-1
The President’s Next Temptation,The Wall Street Journal,2020,2,15,53,1,1,1,1
Zuckerberg Pitches How Facebook Should Be Regulated Over Content,The Wall Street Journal,2020,2,15,53,1,1,1,-1
"Bayer, BASF Ordered to Pay $265 Million in Weedkiller Crop-Damage Suit",The Wall Street Journal,2020,2,15,53,1,1,1,-1
U.S. to Repatriate Some Americans From Coronavirus Cruise Ship,The Wall Street Journal,2020,2,15,53,1,1,1,-1
Wyoming Makes a Case for Coal,The Wall Street Journal,2020,2,15,53,1,1,1,0
The Environmental Battle Over the Mexican Border Wall,The Wall Street Journal,2020,2,15,53,1,1,1,1
Pence can’t be Trump’s coronavirus fall guy if Trump won’t give up the spotlight,The Washington Post,2020,3,12,54,1,0,1,-1
Donald Trump needs to move down the learning curve,The Washington Post,2020,3,12,54,1,0,1,-1
"‘If We Work Sick, Then You Get Sick’",The New York Times,2020,3,12,54,1,0,1,-1
Trump Administration Presses Cities to Evict Homeowners From Flood Zones,The New York Times,2020,3,12,54,1,0,1,-1
Behind Bernie Sanders’s Decision to Stay in the Race,The New York Times,2020,3,12,54,1,0,1,1
Meet the Trump Fan Accused of Registering Democrats as Republicans,The New York Times,2020,3,12,54,1,0,1,-1
"Let’s Talk About Coronavirus Bailouts, Before We Need Them",The New York Times,2020,3,12,54,1,0,1,0
Activist Museum Director Named New York Cultural Affairs Commissioner,The New York Times,2020,3,12,54,1,0,1,1
Shabaka and the Ancestors Are Making Their Own Jazz History,The New York Times,2020,3,12,54,1,0,1,1
Is This What Post-MeToo Looks Like?,The New York Times,2020,3,12,54,1,0,1,-1
Not a Size 2? Luxury Fashion Finally Wants You,The New York Times,2020,3,12,54,1,0,1,-1
"Escape Into Cottagecore, Calming Ethos for Our Febrile Moment",The New York Times,2020,3,12,54,1,0,1,1
"Barbara Neely, Activist Turned Mystery Writer, Dies at 78",The New York Times,2020,3,12,54,1,0,1,-1
"Please, Listen to Experts About the Coronavirus. Then Step Up.",The New York Times,2020,3,12,54,1,0,1,-1
My People Have Been Through Worse Than a Twitter Mob,The New York Times,2020,3,12,54,1,0,1,-1
"Coronavirus Forces New Travel Curbs, Bans on Large Gatherings",The Wall Street Journal,2020,3,12,54,1,1,1,-1
Adam Schiff’s Surveillance State,The Wall Street Journal,2020,3,12,54,1,1,1,-1
Fans Were Barred From a Paris Saint Germain Game. They Showed Up Anyway.,The Wall Street Journal,2020,3,12,54,1,1,1,-1
Tech Companies See Mixed Impact From Coronavirus,The Wall Street Journal,2020,3,12,54,1,1,1,-1
"Sports Shut Down, and March Is Suddenly Less Mad",The Wall Street Journal,2020,3,12,54,1,1,1,-1
What would the liberal media do if President Trump verbally attacked a Michigan autoworker?,The Washington Times,2020,3,12,54,1,1,0,-1
Mitt Romney now viewed favorably by more Democrats than Republicans,The Washington Times,2020,3,12,54,1,1,0,1
Bernie Sanders vows to stay in 2020 race after tough night,The Washington Times,2020,3,12,54,1,1,0,0
Supreme Court grants reprieve for 'Remain in Mexico' DHS policy,The Washington Times,2020,3,12,54,1,1,0,0
Biden campaign touts 'greatest political comeback in American history',The Washington Times,2020,3,12,54,1,1,0,1
Trump turns his back on former ally Jeff Sessions in Alabama Senate race,The Washington Times,2020,3,12,54,1,1,0,-1
Army on improved Howitzer's insane range: 'We're making artillery great again',The Washington Times,2020,3,12,54,1,1,0,1
Ted Cruz rips 'self-parodying' media for 'Wuhan' word-policing while coronavirus spreads,The Washington Times,2020,3,12,54,1,1,0,-1
Inside the Beltway: Coronavirus jitters brings a Democratic debate with no audience,The Washington Times,2020,3,12,54,1,1,0,-1
"Coronavirus and sports: List of events postponed, canceled, held without fans",The Washington Times,2020,3,12,54,1,1,0,-1
Cruise lines sell us a floating paradise. Coronavirus shows it was always a lie.,The Washington Post,2020,3,14,55,1,0,1,-1
Worst-Case Estimates for U.S. Coronavirus Deaths,The New York Times,2020,3,14,55,1,0,1,-1
Panicked Shoppers Empty Shelves as Coronavirus Anxiety Rises,The New York Times,2020,3,14,55,1,0,1,-1
"How Much Worse the Coronavirus Could Get, in Charts",The New York Times,2020,3,14,55,1,0,1,-1
Spain Becomes Latest Epicenter of Coronavirus After a Faltering Response,The New York Times,2020,3,14,55,1,0,1,-1
Is That a Dalí Among the Tchotchkes?,The New York Times,2020,3,14,55,1,0,1,0
Can Our Political Leaders Still Reassure Us?,The New York Times,2020,3,14,55,1,0,1,1
Stocks Surge After Trump Promises Speedier Coronavirus Testing,The New York Times,2020,3,14,55,1,0,1,-1
"Baby Brezza, a $200 Formula Maker, May Pose Health Risks to Infants",The New York Times,2020,3,14,55,1,0,1,-1
The Games Will Come Back. The Moments We’ll Miss Are Already Gone.,The New York Times,2020,3,14,55,1,0,1,1
The ‘Man Show’ Diaspora,The New York Times,2020,3,14,55,1,0,1,1
"Charles Wuorinen, Uncompromising Modernist Composer, Dies at 81",The New York Times,2020,3,14,55,1,0,1,-1
"Del Shofner, Master Pass Receiver With the Giants, Dies at 85",The New York Times,2020,3,14,55,1,0,1,-1
China Bought the West Time. The West Squandered It.,The New York Times,2020,3,14,55,1,0,1,-1
Trump’s Chernobyl,The New York Times,2020,3,14,55,1,0,1,-1
U.S. Suspends Truck-Driving Limits to Speed Coronavirus Shipments,The Wall Street Journal,2020,3,14,55,1,1,1,-1
Biden Wins Support of the National Education Association,The Wall Street Journal,2020,3,14,55,1,1,1,1
Morgan Stanley Capital Partners to Sell Vet Hospital Business,The Wall Street Journal,2020,3,14,55,1,1,1,-1
The Flower Bulbs Gardeners Are Desperate to Buy,The Wall Street Journal,2020,3,14,55,1,1,1,-1
What Nervous Investors Should Watch for Next,The Wall Street Journal,2020,3,14,55,1,1,1,1
Covid-19 was a Leadership Test. It Came Back Negative.,The Wall Street Journal,2020,3,14,55,1,1,1,-1
U.S. Expands Europe Travel Ban as Spain Locks Down,The Wall Street Journal,2020,3,14,55,1,1,1,-1
"President Trump Tests Negative for Coronavirus, White House Says",The Wall Street Journal,2020,3,14,55,1,1,1,-1
Coronavirus Forces Families to Rip Up Spring Travel Plans,The Wall Street Journal,2020,3,14,55,1,1,1,-1
U.S. Economic Outlook Hinges on Layoff Decisions,The Wall Street Journal,2020,3,14,55,1,1,1,-1
Paris Mayoral Candidates Ditch the Usual Kiss on the Cheek as Coronavirus Spreads,The Wall Street Journal,2020,3,14,55,1,1,1,-1
"Why Supercars Are Doing Away 
		
			
		
	With Windshields",The Wall Street Journal,2020,3,14,55,1,1,1,-1
What to Watch in Sunday’s Democratic Presidential Debate,The Wall Street Journal,2020,3,14,55,1,1,1,1
"Biden, Coronavirus Produce a Week of Dramatic Changes",The Wall Street Journal,2020,3,14,55,1,1,1,1
"‘Rufus Porter’s Curious World: Art and Invention in America, 1815-1860’ Review: Products of a Failed Polymath",The Wall Street Journal,2020,3,14,55,1,1,1,1
Governors Tell Outsiders From ‘Hot Zone’ to Stay Away as Virus Divides States,The New York Times,2020,3,26,56,1,0,1,-1
Trump Wants to ‘Reopen America.’ Here’s What Happens if We Do.,The New York Times,2020,3,26,56,1,0,1,-1
Europe’s Leaders Ditch Austerity and Fight Pandemic With Cash,The New York Times,2020,3,26,56,1,0,1,1
Man Pleads Guilty to New Zealand Mosque Massacre,The New York Times,2020,3,26,56,1,0,1,-1
The People Leading When Leaders Do Not,The New York Times,2020,3,26,56,1,0,1,1
Inside American Airlines’ Scramble as Virus Grounds Jets by Hundreds,The New York Times,2020,3,26,56,1,0,1,-1
Neighbors Are Reaching Out on Nextdoor,The New York Times,2020,3,26,56,1,0,1,-1
The Dos and Don’ts of Online Video Meetings,The New York Times,2020,3,26,56,1,0,1,-1
How the Yankees’ Minor Leaguers Spent 2 Weeks in Quarantine,The New York Times,2020,3,26,56,1,0,1,-1
Broadway Is Shuttered but Its Buildings Sing: A Virtual Tour,The New York Times,2020,3,26,56,1,0,1,1
"Review: ‘Unorthodox,’ a Stunning Escape From Brooklyn",The New York Times,2020,3,26,56,1,0,1,1
Coronavirus Decimates N.Y.C. Taxi Industry: ‘The Worst It’s Ever Been’,The New York Times,2020,3,26,56,1,0,1,-1
"With Kids Learning From Home, Children’s Publishers See a Spike",The New York Times,2020,3,26,56,1,0,1,1
"Julia Miles, 90, Dies; Pushed for Gender Parity in the Theater",The New York Times,2020,3,26,56,1,0,1,-1
Here’s a Coronavirus Quiz,The New York Times,2020,3,26,56,1,0,1,0
‘Charles Darwin’s Barnacle and David Bowie’s Spider’ Review: The Smile of Linnaeus,The Wall Street Journal,2020,3,26,56,1,1,1,1
Mnuchin Forms Task Force on Mortgage Firms’ Cash Crunch,The Wall Street Journal,2020,3,26,56,1,1,1,1
S&P Cuts Mexico on Coronavirus Fallout,The Wall Street Journal,2020,3,26,56,1,1,1,0
"Less Stimulus, More Overdraft Protection",The Wall Street Journal,2020,3,26,56,1,1,1,1
Inside the Beltway: It could happen: Joe Biden/Andrew Cuomo 2020,The Washington Times,2020,3,26,56,1,1,0,1
Andrew Cuomo: $2 trillion congressional deal would be 'terrible' for New York,The Washington Times,2020,3,26,56,1,1,0,-1
Spain's coronavirus death toll surpasses China's,The Washington Times,2020,3,26,56,1,1,0,-1
Mike Pompeo accuses Chinese government of secrecy about coronavirus,The Washington Times,2020,3,26,56,1,1,0,-1
'Tolerance alive and well in Oregon': Vandals destroy GOP candidate's pro-Trump sign,The Washington Times,2020,3,26,56,1,1,0,-1
Bernie Sanders demands Republicans stand down on unemployment objections,The Washington Times,2020,3,26,56,1,1,0,-1
Washington D.C. confirms third coronavirus death,The Washington Times,2020,3,26,56,1,1,0,-1
Artists fight to stay afloat while coronavirus tears across U.S.,The Washington Times,2020,3,26,56,1,1,0,-1
EDITORIAL: The world's strongmen and dictators must tell the truth about coronavirus,The Washington Times,2020,3,26,56,1,1,0,0
Dr. Deborah Birx earns applause from vast majority of news organizations,The Washington Times,2020,3,26,56,1,1,0,1
Jared Polis Colorado death penalty repeal blasted by Democrat Rhonda Fields,The Washington Times,2020,3,26,56,1,1,0,-1
Passing the $2 trillion relief bill was easy. Spending the money will be harder.,The Washington Post,2020,4,6,57,1,0,1,-1
A very important column about ... whether Passover should be observed this year,The Washington Post,2020,4,6,57,1,0,1,1
"Amid Warnings of a Coronavirus ‘Pearl Harbor,’ Governors Walk a Fine Line",The New York Times,2020,4,6,57,1,0,1,1
Italy’s Virus Shutdown Came Too Late. What Happens Now?,The New York Times,2020,4,6,57,1,0,1,-1
"As Himalayas Warm, Nepal’s Climate Migrants Struggle to Survive",The New York Times,2020,4,6,57,1,0,1,-1
"He Led a Top Navy Ship. Now He Sits in Quarantine, Fired and Infected.",The New York Times,2020,4,6,57,1,0,1,0
"Coronavirus Strands China’s Students, in a Dilemma for Beijing",The New York Times,2020,4,6,57,1,0,1,-1
What’s the Best Material for a Mask?,The New York Times,2020,4,6,57,1,0,1,1
Politics Through the Looking Glass: Virus Scrambles the Left-Right Lines,The New York Times,2020,4,6,57,1,0,1,-1
"Ignoring Expert Opinion, Trump Again Promotes Use of Hydroxychloroquine",The New York Times,2020,4,6,57,1,0,1,-1
U.S. Military Seeks More Funding for Pacific Region After Pandemic,The New York Times,2020,4,6,57,1,0,1,-1
European Banks Prepared for a Crisis. But Not This One.,The New York Times,2020,4,6,57,1,0,1,0
The Nurse Was Holding Up. Then Her 3 Close Relatives Were Brought In.,The New York Times,2020,4,6,57,1,0,1,1
Americans Don’t Trust the Media Anymore. So Why Do They Trust the Cuomos?,The New York Times,2020,4,6,57,1,0,1,0
"Gerald Freedman, Prolific Stage Director, Dies at 92",The New York Times,2020,4,6,57,1,0,1,-1
The Power and the Glory,The Wall Street Journal,2020,4,6,57,1,1,1,1
"U.S. Death Toll From Coronavirus Tops 10,000",The Wall Street Journal,2020,4,6,57,1,1,1,-1
Photographing a Pandemic,The Wall Street Journal,2020,4,6,57,1,1,1,1
Container Shipping Lines Cancel Sailings to Weather Virus Storm,The Wall Street Journal,2020,4,6,57,1,1,1,-1
The Coronavirus Threat South of the Border,The Wall Street Journal,2020,4,6,57,1,1,1,-1
New York’s Kings of Clean,The Wall Street Journal,2020,4,6,57,1,1,1,1
"Airbnb Raises $1 Billion From Silver Lake, Sixth Street Partners",The Wall Street Journal,2020,4,6,57,1,1,1,1
New York’s Ultra-Orthodox Jewish Community Warned About Large Funeral Crowds,The Wall Street Journal,2020,4,6,57,1,1,1,0
Virus Committee: Monday Morning QBs at Halftime,The Wall Street Journal,2020,4,6,57,1,1,1,-1
"Tom Dempsey, former record-holding NFL kicker, dies of coronavirus",The Washington Times,2020,4,6,57,1,1,0,-1
"Sonika Randev, New York doctor, recovers from coronavirus, rejoins fight",The Washington Times,2020,4,6,57,1,1,0,0
Mark Esper orders all personnel to wear masks on military installations,The Washington Times,2020,4,6,57,1,1,0,1
Trump power limited in Coronavirus pandemic by Constitution,The Washington Times,2020,4,6,57,1,1,0,-1
Military to operate largest hospital in U.S. to fight coronavirus,The Washington Times,2020,4,6,57,1,1,0,1
EDITORIAL: No room in Democratic Party's 'big tent' for pro-lifers,The Washington Times,2020,4,6,57,1,1,0,-1
U.K. Paid $20 Million for New Coronavirus Tests. They Didn’t Work.,The New York Times,2020,4,17,58,1,0,1,-1
‘You Have to Disobey’: Protesters Gather to Defy Stay-at-Home Orders,The New York Times,2020,4,17,58,1,0,1,-1
"For Mark Meadows, Transition From Trump Confidant to Chief of Staff Is a Hard One",The New York Times,2020,4,17,58,1,0,1,-1
‘Nowhere to Hide’ as Unemployment Permeates the Economy,The New York Times,2020,4,17,58,1,0,1,-1
Some Banks Keep Customers’ Stimulus Checks if Accounts Are Overdrawn,The New York Times,2020,4,17,58,1,0,1,0
Facebook-Backed Libra Cryptocurrency Project Is Scaled Back,The New York Times,2020,4,17,58,1,0,1,-1
‘Charger Desert’ in Big Cities Keeps Electric Cars From Mainstream,The New York Times,2020,4,17,58,1,0,1,1
Drugs and Stunts Cited in Plane Crash That Killed Roy Halladay,The New York Times,2020,4,17,58,1,0,1,1
Art Recreation Is the Only Good Instagram Challenge,The New York Times,2020,4,17,58,1,0,1,-1
"‘A White, White Day’ Review: Confronting Grief in a Frozen Landscape",The New York Times,2020,4,17,58,1,0,1,1
"This Is Schooling Now for 200,000 N.Y.C. Children in Special Education",The New York Times,2020,4,17,58,1,0,1,1
Biden Is Losing the Internet. Does That Matter?,The New York Times,2020,4,17,58,1,0,1,-1
"China Post-Coronavirus: Signs of Life, Censorship and Paranoia",The New York Times,2020,4,17,58,1,0,1,-1
"Lee Konitz, Jazz Saxophonist Who Blazed His Own Trail, Dies at 92",The New York Times,2020,4,17,58,1,0,1,-1
"Nora Illi, Swiss Muslim Convert Who Sparked Controversy, Dies at 35",The New York Times,2020,4,17,58,1,0,1,-1
"Schlumberger Cuts Jobs, Slashes Dividend 75% in Historic Oil Rout",The Wall Street Journal,2020,4,17,58,1,1,1,-1
Would You Care if a White Man Cured Covid-19?,The Wall Street Journal,2020,4,17,58,1,1,1,-1
Coronavirus Makes Polish Liquor Fly Off the Shelves as Hand Sanitizer,The Wall Street Journal,2020,4,17,58,1,1,1,-1
U.S. Crude Prices Drop to New 18-Year Low,The Wall Street Journal,2020,4,17,58,1,1,1,-1
Moody’s Downgrades Mexico and State Oil Firm Pemex,The Wall Street Journal,2020,4,17,58,1,1,1,-1
"Nancy Pelosi delays ""Violence Against Women Act"" reauthorization over 'boyfriend' language",The Washington Times,2020,4,17,58,1,1,0,-1
Will every vote count and be counted?,The Washington Times,2020,4,17,58,1,1,0,1
Coronavirus hot spot flareups spread economic-shutdown debate,The Washington Times,2020,4,17,58,1,1,0,-1
"Edward Snowden asks Russia to extend NSA leaker's residence permit, lawyer tells state media",The Washington Times,2020,4,17,58,1,1,0,-1
Fired health care exec charged with sabotaging shipment of coronavirus-related supplies,The Washington Times,2020,4,17,58,1,1,0,-1
Alex Ovechkin to play Wayne Gretzky in 'NHL 20' for coronavirus relief fundraising,The Washington Times,2020,4,17,58,1,1,0,1
Red Cross: Coronavirus outbreaks threaten socioeconomic upheaval in the Middle East,The Washington Times,2020,4,17,58,1,1,0,-1
'Too early' to lift lockdown restrictions in U.K.: health minister,The Washington Times,2020,4,17,58,1,1,0,-1
EPA overhauls Obama-era mercury emissions cost-benefit analysis,The Washington Times,2020,4,17,58,1,1,0,0
GOP mocks 'Nancy Antoinette' after Pelosi shows off high-end freezer full of ice cream,The Washington Times,2020,4,17,58,1,1,0,-1
"When Trump says he was being ‘sarcastic,’ it’s just part of his gaslighting",The Washington Post,2020,4,25,59,1,0,1,-1
"Businesses Tiptoe Into a World of Masks, Gloves and Wary Customers",The New York Times,2020,4,25,59,1,0,1,-1
Trump’s Suggestion That Disinfectants Could Be Used to Treat Coronavirus Prompts Aggressive Pushback,The New York Times,2020,4,25,59,1,0,1,-1
"Trump Speech to Bring 1,000 West Point Cadets Back to Campus",The New York Times,2020,4,25,59,1,0,1,-1
"Why Georgia Isn’t Ready to Reopen, in Charts",The New York Times,2020,4,25,59,1,0,1,-1
"Trump’s Temporary Halt to Immigration Is Part of Broader Plan, Stephen Miller Says",The New York Times,2020,4,25,59,1,0,1,0
Black Leaders Want a Black Woman as Biden’s Running Mate. But Who?,The New York Times,2020,4,25,59,1,0,1,-1
The Tax-Break Bonanza Inside the Economic Rescue Package,The New York Times,2020,4,25,59,1,0,1,1
Zoom’s Biggest Rivals Are Coming for It,The New York Times,2020,4,25,59,1,0,1,1
A Stripped-Down N.F.L. Draft Turns Out to Be Pretty Special,The New York Times,2020,4,25,59,1,0,1,0
"Twist, Bend, Reach, Step: A Merce Cunningham Solo Anyone Can Try",The New York Times,2020,4,25,59,1,0,1,1
How to Make It in America as a Professional Falconer,The New York Times,2020,4,25,59,1,0,1,1
‘Playing Russian Roulette’: Nursing Homes Told to Take the Infected,The New York Times,2020,4,25,59,1,0,1,-1
"Fred the Godson, Nimble New York Rapper, Dies at 41",The New York Times,2020,4,25,59,1,0,1,-1
America Shouldn’t Have to Play by New York Rules,The New York Times,2020,4,25,59,1,0,1,1
Investors Eye Fed Lending Program That Brought Rich Returns in 2009,The Wall Street Journal,2020,4,25,59,1,1,1,1
Lawsuits Pile Up Against Coronavirus Lockdown Measures,The Wall Street Journal,2020,4,25,59,1,1,1,-1
When Will What Happens in Vegas Return to Las Vegas?,The Wall Street Journal,2020,4,25,59,1,1,1,-1
Has Coronavirus Been in California Since the Fall? Researchers Investigate,The Wall Street Journal,2020,4,25,59,1,1,1,1
Global Trade’s Little-Known Comfort Blanket Slips,The Wall Street Journal,2020,4,25,59,1,1,1,-1
The Scramble for Delivery Robots Is On and Startups Can Barely Keep Up,The Wall Street Journal,2020,4,25,59,1,1,1,-1
Pepper...and Salt,The Wall Street Journal,2020,4,25,59,1,1,1,1
Treasury Distributed $12.4 Billion in Airline Payroll Grants This Week,The Wall Street Journal,2020,4,25,59,1,1,1,0
"For Divorced Parents, a Time to Work Together",The Wall Street Journal,2020,4,25,59,1,1,1,1
ICUs on Rails: How France Coped With a Surge of Coronavirus Patients,The Wall Street Journal,2020,4,25,59,1,1,1,1
Millions of Credit-Card Customers Can’t Pay Their Bills. Lenders Are Bracing for Impact.,The Wall Street Journal,2020,4,25,59,1,1,1,1
Canada’s Deadliest Rampage Upends Life in Rural Nova Scotia,The Wall Street Journal,2020,4,25,59,1,1,1,-1
"For Amazon, Pandemic Isn’t All Prime Time",The Wall Street Journal,2020,4,25,59,1,1,1,-1
The Best Fantasy Fiction for Anyone Craving an Escape,The Wall Street Journal,2020,4,25,59,1,1,1,1
Porsche 911: Two More Reasons Why It Reigns Supreme,The Wall Street Journal,2020,4,25,59,1,1,1,1
China Is Defensive. The U.S. Is Absent. Can the Rest of the World Fill the Void?,The New York Times,2020,5,12,60,1,0,1,-1
The Cities We Need,The New York Times,2020,5,12,60,1,0,1,1
"A Coronavirus Mystery Explained: Moscow Has 1,700 Extra Deaths",The New York Times,2020,5,12,60,1,0,1,-1
Bafflement Greets Boris Johnson’s Plan for Reopening Britain,The New York Times,2020,5,12,60,1,0,1,-1
"After Months Apart, Mother’s Day Visits Through a Doorway",The New York Times,2020,5,12,60,1,0,1,0
Children Gravely Ill With Covid-19 Often Had Other Medical Conditions,The New York Times,2020,5,12,60,1,0,1,-1
Why Kamala Harris Isn’t Clamoring to Be Biden’s Running Mate,The New York Times,2020,5,12,60,1,0,1,1
"As Banks Stumble in Delivering Aid, Congress Weighs Other Options",The New York Times,2020,5,12,60,1,0,1,-1
Why Economic Pain Could Persist Even After the Pandemic Is Contained,The New York Times,2020,5,12,60,1,0,1,-1
Employers Rush to Adopt Virus Screening. The Tools May Not Help Much.,The New York Times,2020,5,12,60,1,0,1,-1
Can the N.F.L. Really Return to Normal This Fall?,The New York Times,2020,5,12,60,1,0,1,-1
"Eat Rat, Make New Body: Easy Stuff for Pythons",The New York Times,2020,5,12,60,1,0,1,1
"Jerry Stiller, Comedian With Enduring Appeal, Is Dead at 92",The New York Times,2020,5,12,60,1,0,1,-1
"Barbara Babcock, a Force for Women in the Law, Dies at 81",The New York Times,2020,5,12,60,1,0,1,-1
We’re All Casualties of Trump’s War on Science,The New York Times,2020,5,12,60,1,0,1,-1
Easing Oversupply Fears Lift Oil Prices,The Wall Street Journal,2020,5,12,60,1,1,1,1
‘Faithless’ Electors Are Faithful to the Constitution,The Wall Street Journal,2020,5,12,60,1,1,1,1
Private-Equity Firms Stand to Get Direct U.S. Development Investments,The Wall Street Journal,2020,5,12,60,1,1,1,-1
Found: the Perfect Black Leggings,The Wall Street Journal,2020,5,12,60,1,1,1,1
Connecticut Governor Ousts Public Health Commissioner,The Wall Street Journal,2020,5,12,60,1,1,1,-1
‘Faithless Electors’ at the Supreme Court,The Wall Street Journal,2020,5,12,60,1,1,1,0
Supreme Court Hears Trump Lawyers’ Appeal to Stop Handover of Tax Documents,The Wall Street Journal,2020,5,12,60,1,1,1,1
Tua Tagovailoa surprises mom with car for Mother's Day,The Washington Times,2020,5,12,60,1,1,0,1
House won't return until Friday at the earliest,The Washington Times,2020,5,12,60,1,1,0,-1
Michael Jordan laughs off Gary Payton in 'The Last Dance',The Washington Times,2020,5,12,60,1,1,0,1
Trump wants NBC host Chuck Todd fired over heavily edited video clip,The Washington Times,2020,5,12,60,1,1,0,-1
"EDITORIAL: We can bring the economy back, but only by incentivizing a return to work",The Washington Times,2020,5,12,60,1,1,0,-1
Barack Obama: The creeper hanging around the arson fires,The Washington Times,2020,5,12,60,1,1,0,1
Tom Wolf threatens to cut funding for 'cowardly' Pennsylvania counties going rogue,The Washington Times,2020,5,12,60,1,1,0,-1
"Trump clashes with Weijia Jiang, CBS reporter, over coronavirus fatalities",The Washington Times,2020,5,12,60,1,1,0,-1
"In Israel, Modern Medicine Grapples With Ghosts of the Third Reich",The New York Times,2020,5,13,61,1,0,1,0
Supreme Court Hears Oral Arguments On Trump Tax Return Case,The New York Times,2020,5,13,61,1,0,1,1
Health Experts Warn Against a Rapid Reopening of the Nation,The New York Times,2020,5,13,61,1,0,1,-1
"From Maternity Ward to Cemetery, a Morning of Murder in Afghanistan",The New York Times,2020,5,13,61,1,0,1,-1
‘The New Church of England’: Coronavirus Renews Pride in U.K.’s Health Service,The New York Times,2020,5,13,61,1,0,1,1
A Flower Shop Reinvented to Reopen,The New York Times,2020,5,13,61,1,0,1,-1
"Making Workplaces ‘Safe,’ and Weird",The New York Times,2020,5,13,61,1,0,1,1
"Starved for Action, Bettors Turn Nebraska Horse Track Into Must-See TV",The New York Times,2020,5,13,61,1,0,1,-1
A Big Youth Baseball Tournament Was Played in Missouri. Was It Too Soon?,The New York Times,2020,5,13,61,1,0,1,-1
The Daily Call That 200 Arts Groups Hope Will Help Them Survive,The New York Times,2020,5,13,61,1,0,1,0
NBC Trades Radio City for a Livestream to Give Advertisers a Taste of Fall,The New York Times,2020,5,13,61,1,0,1,-1
How to Make the Most of Potatoes,The New York Times,2020,5,13,61,1,0,1,1
"Jimmy Glenn, Ex-Boxer Whose Times Square Bar Endures, Dies at 89",The New York Times,2020,5,13,61,1,0,1,-1
"Jaquelin Taylor Robertson, Architect and Passionate Urbanist, Dies at 87",The New York Times,2020,5,13,61,1,0,1,-1
The Spaces That Make Cities Fairer and More Resilient,The New York Times,2020,5,13,61,1,0,1,1
Federal Reserve Revision Could Help Clear CLO Logjam,The Wall Street Journal,2020,5,13,61,1,1,1,0
Investment Giants Want Exchanges to Enforce Labeling System for ETFs,The Wall Street Journal,2020,5,13,61,1,1,1,-1
France Threatens Big Fines for Social Media With Hate-Speech Law,The Wall Street Journal,2020,5,13,61,1,1,1,-1
Maryland ping pong firm now sells face masks in pandemic,The Washington Times,2020,5,13,61,1,1,0,-1
McConnell pushes 'major package' of COVID-19 lawsuit protections to help reopen economy,The Washington Times,2020,5,13,61,1,1,0,1
Border Patrol nabs coronavirus-infected Mexican drug smuggling suspect,The Washington Times,2020,5,13,61,1,1,0,-1
Ralph Northam now only exists to do the left's bidding,The Washington Times,2020,5,13,61,1,1,0,0
Joe Biden's presidential basement campaign,The Washington Times,2020,5,13,61,1,1,0,-1
WHO sees 'potentially positive data' with some coronavirus treatments,The Washington Times,2020,5,13,61,1,1,0,0
VA national cemeteries announce strict Memorial Day measures to prevent COVID-19 spread,The Washington Times,2020,5,13,61,1,1,0,-1
Joy Behar: Trump supporters need to ask themselves 'if they are racist also',The Washington Times,2020,5,13,61,1,1,0,0
Liz Cheney says Communist China spread virus on purpose,The Washington Times,2020,5,13,61,1,1,0,-1
"One America News, pro-Trump network, pulls report suggesting coronavirus is 'globalist conspiracy'",The Washington Times,2020,5,13,61,1,1,0,-1
Marijuana banking bill included in latest coronavirus relief package proposed in House,The Washington Times,2020,5,13,61,1,1,0,0
Pentagon watchdog to investigate Navy's handling of coronavirus outbreak,The Washington Times,2020,5,13,61,1,1,0,0
Milley Apologizes for Role in Trump Photo Op: ‘I Should Not Have Been There’,The New York Times,2020,6,12,62,1,0,1,-1
Europe Resurfaces to Find Odd Mix of the Familiar and the Alien,The New York Times,2020,6,12,62,1,0,1,1
"George Floyd Protests Inspire Fresh Scrutiny of Policing in Europe, Too",The New York Times,2020,6,12,62,1,0,1,1
"Police the Public, or Protect It? For a U.S. in Crisis, Hard Lessons From Other Countries",The New York Times,2020,6,12,62,1,0,1,-1
Georgia Havoc Raises New Doubts on Pricey Voting Machines,The New York Times,2020,6,12,62,1,0,1,-1
"Investors, No Longer in Denial About Grim Outlook, Drive Market Down",The New York Times,2020,6,12,62,1,0,1,-1
Stephen Jackson Was Known in the N.B.A. as an Agitator. Now He’s Leading a Movement.,The New York Times,2020,6,12,62,1,0,1,1
Top International Players Uneasy on U.S. Open Plan as Decision Nears,The New York Times,2020,6,12,62,1,0,1,-1
When the Title Arrives in a Text Message,The New York Times,2020,6,12,62,1,0,1,-1
Museums Are Finally Taking a Stand. But Can They Find Their Footing?,The New York Times,2020,6,12,62,1,0,1,0
"The Swinging, Jamming Musical Charms of 1940s Soundies",The New York Times,2020,6,12,62,1,0,1,1
"If You Want to Learn About the L.A. Rebellion Filmmakers, Start Here",The New York Times,2020,6,12,62,1,0,1,1
Pittsburgh Post-Gazette Staff Revolts Over Sidelining of 2 Black Colleagues,The New York Times,2020,6,12,62,1,0,1,-1
"Snapchat Expands Deals With N.F.L., Disney and Others",The New York Times,2020,6,12,62,1,0,1,1
Ritchie Torres for Congress in the Bronx,The New York Times,2020,6,12,62,1,0,1,1
Racism’s Continuing Blight on Our Country,The Wall Street Journal,2020,6,12,62,1,1,1,-1
CHAZ Poses a Huge Threat To Employment in Seattle,The Wall Street Journal,2020,6,12,62,1,1,1,-1
Are America’s Elites Really Like the Czar’s?,The Wall Street Journal,2020,6,12,62,1,1,1,0
Trump Drives Economic Message as Poll Shows He Has Few Strengths,The Wall Street Journal,2020,6,12,62,1,1,1,-1
Pennsylvania’s Primary Snafus Could Spell Trouble in November,The Wall Street Journal,2020,6,12,62,1,1,1,-1
"Starbucks, in Reversal, to Distribute ‘Black Lives Matter’ Shirts to Baristas",The Wall Street Journal,2020,6,12,62,1,1,1,-1
"Raz Simone, polarizing hip-hop artist, rises in Seattle's rogue Capitol Hill neighborhood",The Washington Times,2020,6,12,62,1,1,0,-1
Dems suggest Trump would refuse to leave White House if he loses: He'd try to 'steal' election,The Washington Times,2020,6,12,62,1,1,0,-1
"Twelve statues, memorials vandalized during National Mall rioting: National Park Service",The Washington Times,2020,6,12,62,1,1,0,-1
NIH identify genomic features differentiating novel coronavirus from other animal-derived viruses,The Washington Times,2020,6,12,62,1,1,0,1
Charles Schwab Challenge at Colonial has everything but the cheers,The Washington Times,2020,6,12,62,1,1,0,1
Democrats accuse Trump of racism for planning rally on 'Juneteenth' in Tulsa,The Washington Times,2020,6,12,62,1,1,0,-1
Crunch time looms on Netanyahu's annexation pus,The Washington Times,2020,6,12,62,1,1,0,-1
Larry Kudlow: Fed's Jerome Powell 'could lighten up a little',The Washington Times,2020,6,12,62,1,1,0,0
Turkey turns to U.S. to 'play more active role' in achieving Libya cease-fire,The Washington Times,2020,6,12,62,1,1,0,-1
The Federal Reserve could help make the job market fairer for black workers,The Washington Post,2020,6,15,63,1,0,1,-1
Protest? Visit Grandma? The pandemic’s next phase means weighing risks and values.,The Washington Post,2020,6,15,63,1,0,1,-1
"When law enforcement killed my brother, there was no video",The Washington Post,2020,6,15,63,1,0,1,-1
Police Chiefs Are Finding Job Security Is Hard to Come By,The New York Times,2020,6,15,63,1,0,1,0
The Pandemic Claims New Victims: Prestigious Medical Journals,The New York Times,2020,6,15,63,1,0,1,-1
"As a Black Doctor, Should I Choose My Skin Color or My Health?",The New York Times,2020,6,15,63,1,0,1,1
The Woman Who Took Down a Confederate Flag on What Came Next,The New York Times,2020,6,15,63,1,0,1,1
Fears for Volvo Expose Sour Turn in Sweden’s Ties With China,The New York Times,2020,6,15,63,1,0,1,-1
Texas Football Players Call on University to Drop a Song Steeped in Racist History,The New York Times,2020,6,15,63,1,0,1,-1
The Long Battle Over ‘Gone With the Wind’,The New York Times,2020,6,15,63,1,0,1,0
The Artist’s Caretaker: Once He Controlled Everything. No More.,The New York Times,2020,6,15,63,1,0,1,-1
"New York Police Will Stop Enforcing Street-Vendor Laws, but Questions Linger",The New York Times,2020,6,15,63,1,0,1,0
"Harry Glickman, Who Brought Basketball to Oregon, Dies at 96",The New York Times,2020,6,15,63,1,0,1,-1
More People Will Be Fired in the Pandemic. Let’s Talk About It.,The New York Times,2020,6,15,63,1,0,1,-1
The Pandemic and Protests Have Exposed the Truth About California,The New York Times,2020,6,15,63,1,0,1,1
Trump Confirms U.S. Will Cut Military  Presence in Germany,The Wall Street Journal,2020,6,15,63,1,1,1,-1
NYPD Disbands Anticrime Unit as City Debates $1 Billion in Police Cuts,The Wall Street Journal,2020,6,15,63,1,1,1,-1
Anarchy in the Streets of Philadelphia,The Wall Street Journal,2020,6,15,63,1,1,1,-1
Former eBay Employees Are Charged With ‘Cyberstalking Campaign’,The Wall Street Journal,2020,6,15,63,1,1,1,-1
GOP Rep. Tom Rice Fell Ill From Coronavirus,The Wall Street Journal,2020,6,15,63,1,1,1,-1
FDA Pulls Emergency Covid-19-Use Approval for Malaria Drug Used by Trump,The Wall Street Journal,2020,6,15,63,1,1,1,-1
Voice of America Director Resigns After Clashing With Trump Administration,The Wall Street Journal,2020,6,15,63,1,1,1,-1
Supreme Court Removes Hurdle for $8 Billion Atlantic Coast Pipeline,The Wall Street Journal,2020,6,15,63,1,1,1,1
"Andrew Olmem, Deputy National Economic Council Director, to Leave White House This Week",The Wall Street Journal,2020,6,15,63,1,1,1,-1
Evangelical pastors pander to radical Black Lives Matter,The Washington Times,2020,6,15,63,1,1,0,-1
Intelligence document highlights FBI's faith in anti-Trump dossier,The Washington Times,2020,6,15,63,1,1,0,1
EDITORIAL: How to survive in a post-COVID-19 world,The Washington Times,2020,6,15,63,1,1,0,0
Stacey Abrams: Defund police debate a 'false choice idea',The Washington Times,2020,6,15,63,1,1,0,0
"Joe Biden gaffes are  Achilles heel, Trump campaign says",The Washington Times,2020,6,15,63,1,1,0,0
"Inside the Beltway: Trump's gonna win in 2020, Zogby poll finds",The Washington Times,2020,6,15,63,1,1,0,-1
European Workers Draw Paychecks. American Workers Scrounge for Food.,The New York Times,2020,7,4,64,1,0,1,0
"Virus Surges in Arizona, but the Rodeo Goes On",The New York Times,2020,7,4,64,1,0,1,0
New Administration Memo Seeks to Foster Doubts About Suspected Russian Bounties,The New York Times,2020,7,4,64,1,0,1,-1
"Kimberly Guilfoyle, Top Fund-Raising Official for Trump Campaign, Tests Positive for Coronavirus",The New York Times,2020,7,4,64,1,0,1,-1
"Latinos Back Black Lives Matter Protests. They Want Change for Themselves, Too.",The New York Times,2020,7,4,64,1,0,1,-1
"For Maine Lobstermen, a Perfect Storm Threatens the Summer Season",The New York Times,2020,7,4,64,1,0,1,0
Can an Algorithm Predict the Pandemic’s Next Moves?,The New York Times,2020,7,4,64,1,0,1,-1
"Frederick Douglass, Seen Up Close",The New York Times,2020,7,4,64,1,0,1,1
Lifting the Cone of Silence From Black Composers,The New York Times,2020,7,4,64,1,0,1,1
"‘Free Again’: New Yorkers, Virus in Mind, Head Back to Their Beaches",The New York Times,2020,7,4,64,1,0,1,0
How a Covid-19 Contact Tracer Spends Her Sundays,The New York Times,2020,7,4,64,1,0,1,0
"Lester Grinspoon, Influential Marijuana Scholar, Dies at 92",The New York Times,2020,7,4,64,1,0,1,-1
"Lonnie Wheeler, 68, Dies; Helped Ballplayers Tell Their Stories",The New York Times,2020,7,4,64,1,0,1,1
"A Cheap, Simple Way to Control the Coronavirus",The New York Times,2020,7,4,64,1,0,1,1
Let’s Finish the American Revolution,The New York Times,2020,7,4,64,1,0,1,1
A North Korean Defector’s Tale Shows Rotting Military,The Wall Street Journal,2020,7,4,64,1,1,1,-1
How a Lincoln-Douglass Debate Led to Historic Discovery,The Wall Street Journal,2020,7,4,64,1,1,1,1
Celebrations Are Subdued as U.S. Virus Cases Surge,The Wall Street Journal,2020,7,4,64,1,1,1,1
Trump Hosts Fireworks-Laden Fourth Despite D.C. Opposition,The Wall Street Journal,2020,7,4,64,1,1,1,-1
NYC Restaurants Open Outposts in the Hamptons This Summer,The Wall Street Journal,2020,7,4,64,1,1,1,1
Takeout Over Cafes: Pandemic Shapes Consumption Habits,The Wall Street Journal,2020,7,4,64,1,1,1,-1
"Coronavirus, Justice Fights Shadow Fourth of July Events",The Wall Street Journal,2020,7,4,64,1,1,1,0
Supreme Court Rejects Bid by Illinois GOP to Avoid Limits on Gatherings,The Wall Street Journal,2020,7,4,64,1,1,1,-1
Time for RV Investors to Hit the Road,The Wall Street Journal,2020,7,4,64,1,1,1,1
Tax Lawyer Reinvented Himself as a Crusading Professor,The Wall Street Journal,2020,7,4,64,1,1,1,-1
‘Live at Luthjen’s’ by Evan Christopher and David Torkanowsky Review: Legacy of a Dance Hall,The Wall Street Journal,2020,7,4,64,1,1,1,1
"Oil Crash Crushes Individual Investors, Prompts Trading Overhaul",The Wall Street Journal,2020,7,4,64,1,1,1,0
"U.K. Government, Bharti Global Commit $1 Billion to Buy Satellite Company OneWeb",The Wall Street Journal,2020,7,4,64,1,1,1,-1
The Staying Inside Guide: Raise a Glass to Art History,The Wall Street Journal,2020,7,4,64,1,1,1,1
Home Caregivers Shoulder Burden in Covid-19 Fight,The Wall Street Journal,2020,7,4,64,1,1,1,-1
"You don’t need to bang pots for us, but wear a mask. We’re still dying.",The Washington Post,2020,7,13,65,1,0,1,-1
What technocrats can learn from Fauci,The Washington Post,2020,7,13,65,1,0,1,1
Uncertainty can ruin an economy. The bungled covid-19 response just adds to it.,The Washington Post,2020,7,13,65,1,0,1,-1
"Fracking Firms Fail, Rewarding Executives and Raising Climate Fears",The New York Times,2020,7,13,65,1,0,1,-1
Pittsburgh Seemed Like a Virus Success Story. Now Cases Are Surging.,The New York Times,2020,7,13,65,1,0,1,1
What Trump Wants From Roger Stone,The New York Times,2020,7,13,65,1,0,1,1
"As India Struggles With Coronavirus, Bollywood’s Biggest Star Tests Positive",The New York Times,2020,7,13,65,1,0,1,1
Navy Ship Continues to Burn Off San Diego After Fire Injures 57,The New York Times,2020,7,13,65,1,0,1,-1
"2 Police Officers Are Shot and Killed in McAllen, Texas",The New York Times,2020,7,13,65,1,0,1,0
"Texas Hospital Says Man, 30, Died After Attending a ‘Covid Party’",The New York Times,2020,7,13,65,1,0,1,-1
Trump Aides Undercut Fauci as He Speaks Up on Virus Concerns,The New York Times,2020,7,13,65,1,0,1,-1
An Evangelist for Remote Work Sees the Rest of the World Catch On,The New York Times,2020,7,13,65,1,0,1,1
"In Campaign Against Racism, Team Names Get New Scrutiny",The New York Times,2020,7,13,65,1,0,1,-1
Appeals Court Sends the Case of a Pink $40 Million Diamond to Trial,The New York Times,2020,7,13,65,1,0,1,-1
Chatham Hedge Fund Has the Winning Bid for McClatchy Newspapers,The New York Times,2020,7,13,65,1,0,1,0
"U.S. Shifts Policy, Rejects Most Chinese Maritime Claims in South China Sea",The Wall Street Journal,2020,7,13,65,1,1,1,-1
Roger Stone May Not Appeal Conviction Now That His Sentence Has Been Commuted,The Wall Street Journal,2020,7,13,65,1,1,1,-1
Tesla Is Now Bigger Than Bank of America and American Express Combined,The Wall Street Journal,2020,7,13,65,1,1,1,0
Notable & Quotable: Food,The Wall Street Journal,2020,7,13,65,1,1,1,1
New York Pushes Tracking for Visitors,The Wall Street Journal,2020,7,13,65,1,1,1,1
New York City Police Officer’s Use of a Taser Is Under Investigation,The Wall Street Journal,2020,7,13,65,1,1,1,-1
Congress’s Inaction May Halt Immigration,The Wall Street Journal,2020,7,13,65,1,1,1,-1
AOC’s Hill of Beans,The Wall Street Journal,2020,7,13,65,1,1,1,1
"Redskins shakeup front office, fire two pro personnel executives",The Washington Times,2020,7,13,65,1,1,0,-1
"Sudan to ban female genital mutilation, allow alcohol consumption among non-Muslims",The Washington Times,2020,7,13,65,1,1,0,-1
Betsy DeVos: Nothing in data suggests going back to school is dangerous for kids,The Washington Times,2020,7,13,65,1,1,0,-1
"Supreme Court justices, rulings poised to become pivotal issue in Senate races",The Washington Times,2020,7,13,65,1,1,0,1
"Mike Green and Karl Alzner, former Capitals defensemen, opt out of NHL restart",The Washington Times,2020,7,13,65,1,1,0,-1
Peter Navarro: Joe Biden is a 'poll-driven plagiarist',The Washington Times,2020,7,13,65,1,1,0,-1
Trade groups oppose proposed D.C. sales tax on advertising,The Washington Times,2020,7,13,65,1,1,0,-1
We can control covid-19 before a vaccine by focusing on ‘core groups’,The Washington Post,2020,7,23,66,1,0,1,0
"Republicans, Deeply Divided on Virus Aid, Near Agreement on an Opening Offer",The New York Times,2020,7,23,66,1,0,1,-1
Trump’s Remedy for Low Poll Numbers: Reminding People Polls Can Be Wrong,The New York Times,2020,7,23,66,1,0,1,-1
"To Battle a Militarized Foe, Portland Protesters Use Umbrellas, Pool Noodles and Fire",The New York Times,2020,7,23,66,1,0,1,0
Hearst Employees Say Magazine Boss Led Toxic Culture,The New York Times,2020,7,23,66,1,0,1,-1
The Amazon Critic Who Saw Its Power From the Inside,The New York Times,2020,7,23,66,1,0,1,1
The N.B.A. Is Back. This Is What Pandemic Basketball Looks Like.,The New York Times,2020,7,23,66,1,0,1,0
‘Blue Lives Matter’ and ‘Defund the Police’ Clash in the Streets,The New York Times,2020,7,23,66,1,0,1,0
The U.S. Commits to Buying Millions of Vaccine Doses. Why That’s Unusual.,The New York Times,2020,7,23,66,1,0,1,-1
‘Total Bellas’ Refuse to Be Knocked Out by Quarantine,The New York Times,2020,7,23,66,1,0,1,1
"Annie Ross, Jazz Vocalist of ‘Twisted’ Renown, Dies at 89",The New York Times,2020,7,23,66,1,0,1,-1
"Charles Evers, Businessman and Civil Rights Leader, Dies at 97",The New York Times,2020,7,23,66,1,0,1,-1
"The Hagia Sophia Was a Cathedral, a Mosque and a Museum. It’s Converting Again.",The New York Times,2020,7,23,66,1,0,1,0
God Help Us if Judy Shelton Joins the Fed,The New York Times,2020,7,23,66,1,0,1,-1
Gretchen Whitmer: What if Trump Made Everyone Wear Masks?,The New York Times,2020,7,23,66,1,0,1,-1
What Should Jesus Look Like?,The Wall Street Journal,2020,7,23,66,1,1,1,-1
Baseball’s Opening Day Rocked by Covid-19 Tests for Nationals Star Juan Soto,The Wall Street Journal,2020,7,23,66,1,1,1,0
Study Sheds Light on Regional Origins of Many Black Americans’ Enslaved Ancestors,The Wall Street Journal,2020,7,23,66,1,1,1,1
John Lewis to Lie in State at the Capitol Next Week,The Wall Street Journal,2020,7,23,66,1,1,1,-1
"Southwest, American Trim More Flying",The Wall Street Journal,2020,7,23,66,1,1,1,1
U.S. Virus Cases Surpass Four Million,The Wall Street Journal,2020,7,23,66,1,1,1,-1
"Ann Taylor Owner Files for Bankruptcy, Plans to Close Up to 1,600 Stores",The Wall Street Journal,2020,7,23,66,1,1,1,-1
Bankruptcy Judge Buries Probe of Neiman Backers,The Wall Street Journal,2020,7,23,66,1,1,1,-1
U.S. Stocks Slide as Jobless Claims Edge Up,The Wall Street Journal,2020,7,23,66,1,1,1,-1
The Mnuchin Follies,The Wall Street Journal,2020,7,23,66,1,1,1,1
Feds partner with Pfizer to supply up to 600 million coronavirus vaccine doses,The Washington Times,2020,7,23,66,1,1,0,1
Boris Johnson rejects claims that U.K. voted to leave EU amid Russian meddling,The Washington Times,2020,7,23,66,1,1,0,0
Tammy Duckworth: Tucker Carlson 'singled me out because I'm Asian-American',The Washington Times,2020,7,23,66,1,1,0,-1
"Ivanka Trump goes West to boost administration's conservation, childcare agenda",The Washington Times,2020,7,23,66,1,1,0,0
"House panel to examine sexual assault, harassment at Fort Hood",The Washington Times,2020,7,23,66,1,1,0,1
Miami Marlins Outbreak Postpones 2 Games and Rocks M.L.B.’s Return,The New York Times,2020,7,28,67,1,0,1,-1
‘That’s Ridiculous.’ How America’s Coronavirus Response Looks Abroad.,The New York Times,2020,7,28,67,1,0,1,-1
"Of Wine, Hand Sanitizer and Heartbreak",The New York Times,2020,7,28,67,1,0,1,-1
"Robert O’Brien, Trump’s National Security Adviser, Has the Virus",The New York Times,2020,7,28,67,1,0,1,-1
Republican Stimulus Package May Come With a Benefit for Big Banks,The New York Times,2020,7,28,67,1,0,1,-1
Jeff Bezos Cast in a Role He Never Wanted: Amazon’s D.C. Defender,The New York Times,2020,7,28,67,1,0,1,1
"After Marlins’ Outbreak, Yankees Stay Inside and Wait for Phillies",The New York Times,2020,7,28,67,1,0,1,-1
"Trump Announced, Then Canceled, a Yankees Pitch. Both Came as a Surprise.",The New York Times,2020,7,28,67,1,0,1,-1
"In Granada, Dancing Carefully, Respectfully and With an Audience",The New York Times,2020,7,28,67,1,0,1,1
Tailors Know New Yorkers’ Pandemic Secret: ‘Everybody Got Fat!’,The New York Times,2020,7,28,67,1,0,1,-1
‘Ellen DeGeneres Show’ Workplace to Be Reviewed by WarnerMedia,The New York Times,2020,7,28,67,1,0,1,1
Georgia Senator Is Criticized for Ad Enlarging Jewish Opponent’s Nose,The New York Times,2020,7,28,67,1,0,1,-1
Hotels Are Promoting the Nostalgia of the Family Road Trip,The New York Times,2020,7,28,67,1,0,1,1
3 Great Mysteries About Life on Mars,The New York Times,2020,7,28,67,1,0,1,1
A Trumpless Future Is Hard to Get Your Head Around,The New York Times,2020,7,28,67,1,0,1,-1
Hotels Hurry to Raise Cash as Federal Aid Could End,The Wall Street Journal,2020,7,28,67,1,1,1,-1
The World’s Covid Resurgence,The Wall Street Journal,2020,7,28,67,1,1,1,1
How to Hold Beijing Accountable for the Coronavirus,The Wall Street Journal,2020,7,28,67,1,1,1,-1
Chip Maker AMD Raises Sales Outlook as Intel Battle Heats Up,The Wall Street Journal,2020,7,28,67,1,1,1,1
Mystery Seeds Postmarked From China to Be Tested by U.S. Officials,The Wall Street Journal,2020,7,28,67,1,1,1,-1
Ken Buck celebrates U.S. history in new book 'Capitol of Freedom',The Washington Times,2020,7,28,67,1,1,0,1
America's Faucian bargain,The Washington Times,2020,7,28,67,1,1,0,1
Portland protesters shout N-word at Black DHS officers: Agent,The Washington Times,2020,7,28,67,1,1,0,0
Alex Smith expected open camp on Physically Unable to Perform list,The Washington Times,2020,7,28,67,1,1,0,-1
"Paul Arriola, D.C. United agree to three-year contract extension",The Washington Times,2020,7,28,67,1,1,0,1
"Colin Kaepernick, Anthony Fauci to share Robert F. Kennedy Human Rights award",The Washington Times,2020,7,28,67,1,1,0,1
Jerry Nadler says Antifa violence in Portland a 'myth',The Washington Times,2020,7,28,67,1,1,0,0
Marlins' COVID-19 outbreak throws MLB restart into question,The Washington Times,2020,7,28,67,1,1,0,-1
"Army's 'smuzzle' a 'priceless' engineering feat for machine guns that cuts flash, recoil, and sound",The Washington Times,2020,7,28,67,1,1,0,1
"Blake Hampe, 43, charged with stabbing Black Trump supporter in Portland",The Washington Times,2020,7,28,67,1,1,0,-1
The NRA is doomed. It has only itself to blame.,The Washington Post,2020,8,8,68,1,0,1,-1
"Job Growth Slowed in July, Signaling a Loss of Economic Momentum",The New York Times,2020,8,8,68,1,0,1,-1
Air India Jet With More Than 180 Passengers Skids and Cracks in Half,The New York Times,2020,8,8,68,1,0,1,-1
Joe Arpaio Loses Arizona Primary to Reclaim His Old Job as Sheriff,The New York Times,2020,8,8,68,1,0,1,-1
Oversight Member Blasts the Fed’s Efforts to Rescue Main Street,The New York Times,2020,8,8,68,1,0,1,1
Trump’s Orders on WeChat and TikTok Are Uncertain. That May Be the Point.,The New York Times,2020,8,8,68,1,0,1,-1
"Facebook Gaming Finally Clears Apple Hurdle, Arriving in App Store",The New York Times,2020,8,8,68,1,0,1,0
Bear Hugs and Bubbles: Why Some N.F.L. Players Opted Out,The New York Times,2020,8,8,68,1,0,1,1
Washington N.F.L. Owner Dan Snyder Sues Media Company for Defamation,The New York Times,2020,8,8,68,1,0,1,-1
"Ethel Smyth, a Composer Long Unheard, Is Recorded Anew",The New York Times,2020,8,8,68,1,0,1,1
"Three Top Executives Are Out at WarnerMedia, HBO’s Parent Company",The New York Times,2020,8,8,68,1,0,1,1
"Ad Agency Sues Scott Rudin, Saying Producer Owes $6.3 Million",The New York Times,2020,8,8,68,1,0,1,-1
"Bernard Bailyn, Eminent Historian of Early America, Dies at 97",The New York Times,2020,8,8,68,1,0,1,-1
"Horace Clarke, Standout in a Dismal Yankee Era, Dies at 82",The New York Times,2020,8,8,68,1,0,1,-1
"I’m a Conservative Christian Environmentalist. No, That’s Not an Oxymoron.",The New York Times,2020,8,8,68,1,0,1,-1
Clashes Erupt in Beirut Over Deadly Explosion,The Wall Street Journal,2020,8,8,68,1,1,1,-1
"Teachers’ Back-to-School List: Masks, Face Shields, Scrubs",The Wall Street Journal,2020,8,8,68,1,1,1,1
Transport ETFs Look to Recover,The Wall Street Journal,2020,8,8,68,1,1,1,0
A Warm-Up That Can Double as a Workout,The Wall Street Journal,2020,8,8,68,1,1,1,1
"Twitter, TikTok Have Held Preliminary Talks About Possible Combination",The Wall Street Journal,2020,8,8,68,1,1,1,0
"While Covid-19 Donations Soar, Other Charities See a Big Hit to Funds",The Wall Street Journal,2020,8,8,68,1,1,1,1
What Is the Economic VIX?,The Wall Street Journal,2020,8,8,68,1,1,1,-1
"Air India Express Jet Overshoots Runway, Killing 18",The Wall Street Journal,2020,8,8,68,1,1,1,-1
U.S. Covid-19 Cases Near Five Million,The Wall Street Journal,2020,8,8,68,1,1,1,-1
"If You Need Cash Now, Here’s Which Accounts You Should Tap First",The Wall Street Journal,2020,8,8,68,1,1,1,1
Silver vs. Gold: How the Two Metals Compare as Investments,The Wall Street Journal,2020,8,8,68,1,1,1,1
"When the CEO Can’t Get on a Plane, Deputies Step Up",The Wall Street Journal,2020,8,8,68,1,1,1,1
"As E-Commerce Booms, Robots Pick Up Human Slack",The Wall Street Journal,2020,8,8,68,1,1,1,1
"As Inventories Swell, Companies Turn to Novel Strategies to Get Through Coronavirus Crisis",The Wall Street Journal,2020,8,8,68,1,1,1,-1
Life Without TikTok? U.S. Marketers Contemplate Their Options,The Wall Street Journal,2020,8,8,68,1,1,1,1
The foreign policy case against Donald Trump,The Washington Post,2020,8,19,69,1,0,1,0
Joe Biden and Kamala Harris both worked for gay marriage — in opposite ways,The Washington Post,2020,8,19,69,1,0,1,-1
G.O.P.-Led Senate Panel Details Ties Between 2016 Trump Campaign and Russia,The New York Times,2020,8,19,69,1,0,1,1
America Has Two Feet. It’s About to Lose One of Them.,The New York Times,2020,8,19,69,1,0,1,-1
U.N. Tribunal Convicts Hezbollah Member in Hariri Assassination,The New York Times,2020,8,19,69,1,0,1,-1
"‘Double Challenge Mode’ in Flint, Where Virus Follows Water Crisis",The New York Times,2020,8,19,69,1,0,1,-1
"Swag, but No Luxury Suites: Big Donors Endure a Party-Less Party Convention",The New York Times,2020,8,19,69,1,0,1,-1
"‘This Market Is Nuts’: S&P 500 Hits Record, Defying Economic Devastation",The New York Times,2020,8,19,69,1,0,1,1
"What Is QAnon, the Viral Pro-Trump Conspiracy Theory?",The New York Times,2020,8,19,69,1,0,1,-1
You Can’t Find a Laptop. Now What?,The New York Times,2020,8,19,69,1,0,1,1
Museum Boss Salaries: Reduced but Still an Issue Amid Wider Cutbacks,The New York Times,2020,8,19,69,1,0,1,-1
Welcome to College in New York. Now Quarantine.,The New York Times,2020,8,19,69,1,0,1,1
When Lamb Chops Met Romaine,The New York Times,2020,8,19,69,1,0,1,0
"Charles Wetli, Medical Examiner for T.W.A. Flight 800 Crash, Dies at 76",The New York Times,2020,8,19,69,1,0,1,-1
A TikTok Ban Is Overdue,The New York Times,2020,8,19,69,1,0,1,-1
The Postal Service Democrats,The Wall Street Journal,2020,8,19,69,1,1,1,0
‘Socialism Is Another Name for Disaster’,The Wall Street Journal,2020,8,19,69,1,1,1,-1
Postal Delivery Delays Trouble E-Commerce Sellers,The Wall Street Journal,2020,8,19,69,1,1,1,-1
"After Tragedy in Beirut, End Lebanon’s U.N. Farce",The Wall Street Journal,2020,8,19,69,1,1,1,-1
Bayern Munich Cruises Into Champions League Final,The Wall Street Journal,2020,8,19,69,1,1,1,1
John Ford’s First Rodeos,The Wall Street Journal,2020,8,19,69,1,1,1,1
The Latest Pain Trade on Wall Street: Banks,The Wall Street Journal,2020,8,19,69,1,1,1,-1
Why Would States Limit Hospital-Bed Supply?,The Wall Street Journal,2020,8,19,69,1,1,1,-1
"Donald DeGrood, South Dakota bishop, orders church faithful back to the pews",The Washington Times,2020,8,19,69,1,1,0,1
Democrats set convention course to Marxism,The Washington Times,2020,8,19,69,1,1,0,-1
Frantic Democrats engage in post office fever dream conspiracy,The Washington Times,2020,8,19,69,1,1,0,-1
Colin Powell to back Joe Biden on second night of DNC,The Washington Times,2020,8,19,69,1,1,0,1
Postmaster General Louis DeJoy suspends policy changes to postal service,The Washington Times,2020,8,19,69,1,1,0,-1
Diamond and Silk's candid new book offers steadfast praise for Donald Trump,The Washington Times,2020,8,19,69,1,1,0,1
"Donald Trump slams Barack, Michelle Obama after DNC kickoff, defends record on the economy",The Washington Times,2020,8,19,69,1,1,0,1
Joe Biden Accepts Democratic Nomination: ‘I Will Draw on the Best of Us’,The New York Times,2020,8,21,70,1,0,1,1
Steve Bannon Is Charged With Fraud in We Build the Wall Campaign,The New York Times,2020,8,21,70,1,0,1,-1
Steve Bannon’s Art of the Grift,The New York Times,2020,8,21,70,1,0,1,1
"‘With Great Honor and Humility, I Accept This Nomination,’ Biden Says",The New York Times,2020,8,21,70,1,0,1,1
Aleksei Navalny Hospitalized in Russia in Suspected Poisoning,The New York Times,2020,8,21,70,1,0,1,-1
Joe Biden Finally Got the Timing Right,The New York Times,2020,8,21,70,1,0,1,1
Arrest Disrupts Bannon’s Efforts to Stay Relevant After Leaving White House,The New York Times,2020,8,21,70,1,0,1,-1
All About Roundabouts,The New York Times,2020,8,21,70,1,0,1,1
How Kamala Harris Forged Close Ties With Big Tech,The New York Times,2020,8,21,70,1,0,1,1
Baseball’s Unwritten Rules: Where Does It Say You Can’t Do That?,The New York Times,2020,8,21,70,1,0,1,-1
Scary Movies for When the World Is a Fright,The New York Times,2020,8,21,70,1,0,1,1
"‘Tesla’ Review: Lightning Strikes, but Quietly",The New York Times,2020,8,21,70,1,0,1,1
New York Will Allow Voters to Cast Mail-In Ballots,The New York Times,2020,8,21,70,1,0,1,0
Barack Obama Dials the Volume Down and the Urgency Up,The New York Times,2020,8,21,70,1,0,1,0
"Pledging to Tell More Inclusive Stories, MGM Remakes Orion Pictures",The New York Times,2020,8,21,70,1,0,1,-1
The Last Race Card?,The Wall Street Journal,2020,8,21,70,1,1,1,0
Trump Holds Private Funeral for His Brother at White House,The Wall Street Journal,2020,8,21,70,1,1,1,0
Lifestyles of the Rich and Populist,The Wall Street Journal,2020,8,21,70,1,1,1,1
Seattle Mayor Vetoes City Budget That Proposed Cuts to Police,The Wall Street Journal,2020,8,21,70,1,1,1,0
‘The Churchill Complex’ Review: Anglo-American Attitudes,The Wall Street Journal,2020,8,21,70,1,1,1,1
Netflix: Pandering to pedophiles everywhere,The Washington Times,2020,8,21,70,1,1,0,-1
"Cal Ripken Jr., Orioles' Hall of Famer, reveals he had prostate cancer",The Washington Times,2020,8,21,70,1,1,0,-1
Trump campaign ad accuses Joe Biden of playing to the 'radical left',The Washington Times,2020,8,21,70,1,1,0,-1
"Chicago police union endorses Patrick O'Brien, Kim Foxx opponent",The Washington Times,2020,8,21,70,1,1,0,1
Trump to Biden birthplace: 'Survival of our nation' at stake,The Washington Times,2020,8,21,70,1,1,0,-1
"Donald Trump love, hatred drives competing 'enthusiasm gap' claims",The Washington Times,2020,8,21,70,1,1,0,1
Much ado about nothing? Few voters say conventions influence their choice at the polls,The Washington Times,2020,8,21,70,1,1,0,-1
Joe Biden pledges to restore nation's 'soul' as president,The Washington Times,2020,8,21,70,1,1,0,1
"Democrats pass on Wisconsin, opt for virtual convention showcasing Biden still hiding",The Washington Times,2020,8,21,70,1,1,0,-1
FBI rapped for 'horrendous' tweet linking to anti-Semitic material,The Washington Times,2020,8,21,70,1,1,0,-1
Arab-Israeli progress seemed impossible. That’s because of old assumptions.,The Washington Post,2020,9,23,71,1,0,1,-1
I tracked electoral votes for Bush. Beware of the 2020 forecasts.,The Washington Post,2020,9,23,71,1,0,1,-1
The GOP is now the party of looters and moochers,The Washington Post,2020,9,23,71,1,0,1,-1
"With a conservative court, abortion foes could end Roe — and go even further",The Washington Post,2020,9,23,71,1,0,1,0
The eviction crisis has begun. It will get so much worse.,The Washington Post,2020,9,23,71,1,0,1,-1
Climate Disruption Is Now Locked In. The Next Moves Will Be Crucial.,The New York Times,2020,9,23,71,1,0,1,0
The Cradle of Global Bagel Baking? (It’s Not New York),The New York Times,2020,9,23,71,1,0,1,1
Race to Rescue Hundreds of Whales Stranded Off Tasmania,The New York Times,2020,9,23,71,1,0,1,1
The Russian Trolls Have a Simpler Job Today. Quote Trump.,The New York Times,2020,9,23,71,1,0,1,-1
House Approves Short-Term Bill to Avoid a Shutdown,The New York Times,2020,9,23,71,1,0,1,1
What Happens When Americans Join the Global Internet,The New York Times,2020,9,23,71,1,0,1,-1
"‘He Never Quit’: Nick Cordero’s Widow on Grief, God and Perseverance",The New York Times,2020,9,23,71,1,0,1,1
Amber Ruffin Has Gone From the Writers’ Room to the Title,The New York Times,2020,9,23,71,1,0,1,0
I Watched ‘Fleabag.’ I Watched ‘Insecure.’ What’s Next?,The New York Times,2020,9,23,71,1,0,1,-1
A Look at How Some New Yorkers Celebrated Rosh Hashana,The New York Times,2020,9,23,71,1,0,1,1
Trudeau Pivots From Scandal With Rebuild of Canadian Economy,The Wall Street Journal,2020,9,23,71,1,1,1,0
Evans Says He Supports Fed’s Low-Rate Guidance,The Wall Street Journal,2020,9,23,71,1,1,1,0
Harvard Business School Pledges to Tackle Race Issues,The Wall Street Journal,2020,9,23,71,1,1,1,0
"U.S. Coronavirus Cases Rise by Nearly 40,000",The Wall Street Journal,2020,9,23,71,1,1,1,0
"Bank to Pay Record Fine for 23 Million Money-Laundering, Terror-Financing Breaches",The Wall Street Journal,2020,9,23,71,1,1,1,-1
Stakeholders vs. Shareholders,The Wall Street Journal,2020,9,23,71,1,1,1,1
DOJ to Seek Curbs on Immunity for Internet Companies,The Wall Street Journal,2020,9,23,71,1,1,1,-1
Joe Biden declines to take a position on expanding Supreme Court,The Washington Times,2020,9,23,71,1,1,0,-1
Trump signs executive order barring critical-race theory training by federal contractors,The Washington Times,2020,9,23,71,1,1,0,-1
Lindsey Graham: GOP has the votes to confirm Supreme Court nominee before the election,The Washington Times,2020,9,23,71,1,1,0,1
"After Abraham Accords, time to look at Palestinian-Israeli conflict with fresh eyes",The Washington Times,2020,9,23,71,1,1,0,1
Joe Biden declares 'I beat the socialist' Bernie Sanders in pitch to Wisconsin voters,The Washington Times,2020,9,23,71,1,1,0,0
Jimmy Carter: Wonder boy at 96 but not much of a civil rights advocate in his early years,The Washington Times,2020,9,23,71,1,1,0,-1
MomVote courts suburban mothers with Trump's law and order rhetoric,The Washington Times,2020,9,23,71,1,1,0,-1
"Nationals, last year's World Series champs, never found their groove",The Washington Times,2020,9,23,71,1,1,0,-1
Trump’s financial peril might encourage him to reject the election results,The Washington Post,2020,9,28,72,1,0,1,-1
Older voters could carry Biden to victory — and it’s not all about covid-19,The Washington Post,2020,9,28,72,1,0,1,-1
Jacob Blake is my nephew. My family knows Breonna Taylor’s family’s pain.,The Washington Post,2020,9,28,72,1,0,1,1
My wife and I got the virus. I got better. We had to say goodbye over FaceTime.,The Washington Post,2020,9,28,72,1,0,1,-1
"As Covid-19 Closes Schools, the World’s Children Go to Work",The New York Times,2020,9,28,72,1,0,1,-1
Is Amy Coney Barrett Joining a Supreme Court Built for the Wealthy?,The New York Times,2020,9,28,72,1,0,1,-1
Fighting Flares Between Azerbaijan and Armenia,The New York Times,2020,9,28,72,1,0,1,-1
There’s Gold in Them Thar Braes,The New York Times,2020,9,28,72,1,0,1,0
"China’s Economy Comes Roaring Back, Led by Wealthy Consumers",The New York Times,2020,9,28,72,1,0,1,0
Hockey Needs Viewers. It Should Not Glorify Pain and Violence to Get Them.,The New York Times,2020,9,28,72,1,0,1,-1
Joe Montana and Wife Thwart Intruder’s Attempt to Kidnap Their Grandchild,The New York Times,2020,9,28,72,1,0,1,1
‘A Wilderness of Error’ Points the Lens Back at Errol Morris,The New York Times,2020,9,28,72,1,0,1,-1
"Principals Assail N.Y.C. Mayor, Calling for State Takeover of Schools",The New York Times,2020,9,28,72,1,0,1,-1
Trump Wants to Discredit the Election. This Nerd Could Stop Him.,The New York Times,2020,9,28,72,1,0,1,-1
We Don’t Need Debates,The New York Times,2020,9,28,72,1,0,1,1
"Hertz CFO Steps Down After Less Than Two Months, Forfeits Bonus",The Wall Street Journal,2020,9,28,72,1,1,1,-1
Pentagon Can Help Beat China in 5G,The Wall Street Journal,2020,9,28,72,1,1,1,1
"McConnell Plan to Fill Court Seat Carries Electoral Risks, Rewards",The Wall Street Journal,2020,9,28,72,1,1,1,1
Joe Biden and the Borking of Supreme Court Nominees,The Wall Street Journal,2020,9,28,72,1,1,1,-1
ESG Funds Are Competitive and Doing Good,The Wall Street Journal,2020,9,28,72,1,1,1,1
Trump’s Unhappy Returns,The Wall Street Journal,2020,9,28,72,1,1,1,-1
Hacker Releases Data on Las Vegas-Area Students After Officials Don’t Pay Ransom,The Wall Street Journal,2020,9,28,72,1,1,1,-1
New York City Seeks Private Funding to Cover Cost of Presidential Election,The Wall Street Journal,2020,9,28,72,1,1,1,-1
Poll: Most voters want SCOTUS nominee picked by winner of election,The Washington Times,2020,9,28,72,1,1,0,-1
Feds step in to nab illegal immigrant released 10 times by New York cops,The Washington Times,2020,9,28,72,1,1,0,0
Durbin: Democrats 'can't stop the outcome' on SCOTUS fight,The Washington Times,2020,9,28,72,1,1,0,-1
China military might spur talks of 'Asian NATO',The Washington Times,2020,9,28,72,1,1,0,-1
Democrats say Judge Barrett should recuse herself in election disputes,The Washington Times,2020,9,28,72,1,1,0,-1
Portland 'relatively peaceful' amid dueling weekend protests,The Washington Times,2020,9,28,72,1,1,0,1
Delbert D. Black is namesake of Navy's latest warship,The Washington Times,2020,9,28,72,1,1,0,1
Court-packing is a dreadful option. Biden shouldn’t rule it out.,The Washington Post,2020,10,12,73,1,0,1,-1
‘I Feel Like I Have Dementia’: Brain Fog Plagues Covid Survivors,The New York Times,2020,10,12,73,1,0,1,-1
1 Dead After Shooting at Denver Protests,The New York Times,2020,10,12,73,1,0,1,-1
"With Elections Ahead, Some African Presidents Try Engineering Results",The New York Times,2020,10,12,73,1,0,1,0
Coronavirus Safety Runs Into a Stubborn Barrier: Masculinity,The New York Times,2020,10,12,73,1,0,1,-1
Can Trump Squeeze More From His White Base in Pennsylvania and Beyond?,The New York Times,2020,10,12,73,1,0,1,0
The Digital Divide Starts With a Laptop Shortage,The New York Times,2020,10,12,73,1,0,1,-1
Need to Find a Pandemic Necessity? There’s Now a Store for That,The New York Times,2020,10,12,73,1,0,1,-1
"Pakistan Bans TikTok, Citing Morals. Others Cite Politics.",The New York Times,2020,10,12,73,1,0,1,-1
The Lakers’ Winding Path Ends With a Championship,The New York Times,2020,10,12,73,1,0,1,1
Why Are N.F.L. Scores So High This Season?,The New York Times,2020,10,12,73,1,0,1,-1
"Reading All the Books on Nike, Déjà Vu Sets In",The New York Times,2020,10,12,73,1,0,1,-1
"Quino, Creator of Beloved ‘Mafalda’ Cartoon, Dies at 88",The New York Times,2020,10,12,73,1,0,1,-1
"Maurice Edwards, Busy Figure in Theater and Music, Dies at 97",The New York Times,2020,10,12,73,1,0,1,-1
New York’s Commercial Rents Are ‘Too Damn High’,The New York Times,2020,10,12,73,1,0,1,-1
Thank These Nobel Laureates for Your Cellphone,The Wall Street Journal,2020,10,12,73,1,1,1,1
"Congrats, Illinois, You’ll Be 47th!",The Wall Street Journal,2020,10,12,73,1,1,1,1
California Election Official Demands State GOP Remove Ballot Drop Boxes,The Wall Street Journal,2020,10,12,73,1,1,1,-1
A World of Geopolitical Opportunity,The Wall Street Journal,2020,10,12,73,1,1,1,1
PC Demand During Pandemic Fuels Strongest U.S. Market Growth in a Decade,The Wall Street Journal,2020,10,12,73,1,1,1,1
New U.S. Coronavirus Infections Fall but Remain Elevated in Midwest,The Wall Street Journal,2020,10,12,73,1,1,1,1
Cuomo Unveils Statue of Mother Cabrini in New York City,The Wall Street Journal,2020,10,12,73,1,1,1,1
Twilio to Acquire Customer-Data Firm for $3.2 Billion,The Wall Street Journal,2020,10,12,73,1,1,1,0
Surging Online Sales Drive Growth for Shopify’s Fulfillment Service,The Wall Street Journal,2020,10,12,73,1,1,1,1
EDITORIAL: Risky judgment of Barrett's Catholicism,The Washington Times,2020,10,12,73,1,1,0,-1
Emboldened Antifa increasingly violent as national profile rises,The Washington Times,2020,10,12,73,1,1,0,1
Joe Biden razzed after pulling down mask to cough into hand,The Washington Times,2020,10,12,73,1,1,0,-1
"'Sought to villainize': Border Patrol rips newspaper over 'false' report, skewed facts",The Washington Times,2020,10,12,73,1,1,0,-1
Tea party alive and kicking in Nashville,The Washington Times,2020,10,12,73,1,1,0,1
Chase Young returns for Washington after missing one game with groin injury,The Washington Times,2020,10,12,73,1,1,0,0
Trump is abusing his power for political reasons — just like he says Obama did,The Washington Post,2020,10,13,74,1,0,1,-1
Trump Funnels Record Subsidies to Farmers Ahead of Election Day,The New York Times,2020,10,13,74,1,0,1,-1
"In Former Taliban Stronghold, Defiant Women Hit the Gym",The New York Times,2020,10,13,74,1,0,1,-1
Democrats in Trump Country: They’re Not Shy Anymore About Liking Biden,The New York Times,2020,10,13,74,1,0,1,0
Tommy Tuberville’s Financial Fumbles,The New York Times,2020,10,13,74,1,0,1,-1
U.S. Auction Theorists Win the 2020 Nobel in Economics,The New York Times,2020,10,13,74,1,0,1,1
Is Everybody Doing … OK? Let’s Ask Social Media,The New York Times,2020,10,13,74,1,0,1,-1
Broadway Will Be a While. These Venues Say They’re Ready Now.,The New York Times,2020,10,13,74,1,0,1,1
How a Feud Between Cuomo and de Blasio Led to a Chaotic Virus Crackdown,The New York Times,2020,10,13,74,1,0,1,-1
Cuomo Unveils Statue of Mother Cabrini,The New York Times,2020,10,13,74,1,0,1,1
BTS Honored Korean War Sacrifices. Some in China Detected an Insult.,The New York Times,2020,10,13,74,1,0,1,-1
41 WNET Employees Call for Resignation of C.E.O. Neal Shapiro,The New York Times,2020,10,13,74,1,0,1,-1
"First, a Vaccine Approval. Then ‘Chaos and Confusion.’",The New York Times,2020,10,13,74,1,0,1,-1
"California, Reject Prop 22",The New York Times,2020,10,13,74,1,0,1,-1
Mitch McConnell’s Mission of Misery,The New York Times,2020,10,13,74,1,0,1,-1
Group Discussed Kidnapping Virginia Gov. Ralph Northam,The Wall Street Journal,2020,10,13,74,1,1,1,-1
Is There Still Hope for the Trump Campaign?,The Wall Street Journal,2020,10,13,74,1,1,1,-1
Apple’s New iPhones Aim High and Wide,The Wall Street Journal,2020,10,13,74,1,1,1,1
"Pharmaceutical, Biotech and Banking Companies Lead the Way in Social Responsibility",The Wall Street Journal,2020,10,13,74,1,1,1,1
Treasury Unit Warns Banks of Unemployment Fraud,The Wall Street Journal,2020,10,13,74,1,1,1,-1
Trump Renews Criticism of Dr. Anthony Fauci,The Wall Street Journal,2020,10,13,74,1,1,1,-1
Companies Grapple With Sustainability Data,The Wall Street Journal,2020,10,13,74,1,1,1,1
Under 45? You're More Likely to Get Covid-19,The Wall Street Journal,2020,10,13,74,1,1,1,-1
'Zero' chance U.S. troops will be deployed in event of disputed election: Gen. Mark Milley,The Washington Times,2020,10,13,74,1,1,0,-1
"Lindsey Graham defends Amy Coney Barrett hearing, says public deserves chance to see judge's answers",The Washington Times,2020,10,13,74,1,1,0,1
Doug Jones' opposition to Amy Coney Barrett's nomination doesn't sit well in Alabama,The Washington Times,2020,10,13,74,1,1,0,-1
"Amy Coney Barrett thanks supporters, honors Antonin Scalia and Ruth Bader Ginsburg",The Washington Times,2020,10,13,74,1,1,0,1
Brit Hume: Joe Biden's 'senility ... has been obvious to careful watchers for some time',The Washington Times,2020,10,13,74,1,1,0,0
Kayleigh McEnany echoes Bob Dole attack on bias of presidential debate commission,The Washington Times,2020,10,13,74,1,1,0,-1
"Florida State University must pay ex-student leader in ouster for religious views, judge says",The Washington Times,2020,10,13,74,1,1,0,-1
Trump Calls Fauci ‘a Disaster’ and Shrugs Off Virus as Infections Soar,The New York Times,2020,10,20,75,1,0,1,-1
Barbara Kruger Offers a Dark Mirror for Our Meme-Driven Age,The New York Times,2020,10,20,75,1,0,1,1
Videos Show Long Voting Lines in Florida,The New York Times,2020,10,20,75,1,0,1,1
Prosecutors Charge Russian Intelligence Officers in Cyberattacks,The New York Times,2020,10,20,75,1,0,1,-1
Migrant Workers Restricted to Farms Under One Grower’s Virus Lockdown,The New York Times,2020,10,20,75,1,0,1,-1
What It’s Like to Be a Teacher in 2020 America,The New York Times,2020,10,20,75,1,0,1,1
A Viral Theory Cited by Health Officials Draws Fire From Scientists,The New York Times,2020,10,20,75,1,0,1,-1
How Failures of the Obama-Era Stimulus Could Guide a Biden Administration,The New York Times,2020,10,20,75,1,0,1,-1
"Trump Official’s Tweet, and Its Removal, Set Off Flurry of Anti-Mask Posts",The New York Times,2020,10,20,75,1,0,1,-1
World Series Preview: A Clash of Coasts and Contrasts,The New York Times,2020,10,20,75,1,0,1,1
A Plan Just Might Be Coming Together for the Buccaneers,The New York Times,2020,10,20,75,1,0,1,-1
Parenting While Black: Titus Kaphar’s Starkly Powerful Works,The New York Times,2020,10,20,75,1,0,1,1
The Bubble Doctor Is In: She Keeps Dance Companies Moving,The New York Times,2020,10,20,75,1,0,1,1
Surprising Results in Initial Virus Testing in N.Y.C. Schools,The New York Times,2020,10,20,75,1,0,1,1
"Jon Gibson, Minimalist Saxophonist and Composer, Dies at 80",The New York Times,2020,10,20,75,1,0,1,-1
Google in the Antitrust Dock,The Wall Street Journal,2020,10,20,75,1,1,1,-1
"At These Prices, Procter Is a Gamble",The Wall Street Journal,2020,10,20,75,1,1,1,1
Lockheed Martin Plans to Deliver New Presidential Helicopter Next Year,The Wall Street Journal,2020,10,20,75,1,1,1,1
Apollo Board Panel to Review Leon Black Ties With Jeffrey Epstein,The Wall Street Journal,2020,10,20,75,1,1,1,1
There’s a Sale at Albertsons,The Wall Street Journal,2020,10,20,75,1,1,1,0
"U.S. Spy Agency Warns That Chinese Hackers Target Military, Defense Industry",The Wall Street Journal,2020,10,20,75,1,1,1,-1
Coronavirus Delays Replacement of Statue Removed From Central Park,The Wall Street Journal,2020,10,20,75,1,1,1,-1
No Russian conspiracy in Biden laptop scandal: DNI Ratcliffe,The Washington Times,2020,10,20,75,1,1,0,-1
House GOP pushes AG William Barr for special counsel to investigate Biden revelations,The Washington Times,2020,10,20,75,1,1,0,0
"Joe Biden takes question on milkshake flavors, scurries away after Hunter Biden inquiry",The Washington Times,2020,10,20,75,1,1,0,-1
"Troy Aikman, Joe Buck mock NFL military flyover in hot-mic moment",The Washington Times,2020,10,20,75,1,1,0,0
"Facebook blocks 120,000 posts attempting to obstruct election, rejects 2.2 million ads",The Washington Times,2020,10,20,75,1,1,0,-1
Democrats say Amy Coney Barrett is bad for seniors,The Washington Times,2020,10,20,75,1,1,0,-1
Zalmay Khalilzad warns violence could undermine Afghan talks,The Washington Times,2020,10,20,75,1,1,0,-1
Stick with stocks through the contested election,The Washington Times,2020,10,20,75,1,1,0,-1
Foreign policy is now partisan policy,The Washington Post,2020,10,26,76,1,0,1,-1
The Constitution won’t guarantee that your vote will count,The Washington Post,2020,10,26,76,1,0,1,-1
Inside Decades of Nepotism and Bungling at the N.Y.C. Elections Board,The New York Times,2020,10,26,76,1,0,1,-1
How Homegrown Disinformation Could Disrupt This U.S. Election,The New York Times,2020,10,26,76,1,0,1,-1
"Republicans Cut Off Barrett Debate, Setting Up Final Confirmation Vote",The New York Times,2020,10,26,76,1,0,1,-1
"China Aims to End Extreme Poverty, but Covid-19 Exposes Gaps",The New York Times,2020,10,26,76,1,0,1,-1
Pope Francis Appoints First African-American Cardinal,The New York Times,2020,10,26,76,1,0,1,1
"New Spirits Rise in Old, Repurposed Churches",The New York Times,2020,10,26,76,1,0,1,1
Biden Pledges Ambitious Climate Action. Here’s What He Could Actually Do.,The New York Times,2020,10,26,76,1,0,1,1
Dunkin’ Brands Is in Talks to Sell Itself and Go Private,The New York Times,2020,10,26,76,1,0,1,-1
When Start-Ups Go Into the Garage (or Sometimes the Living Room),The New York Times,2020,10,26,76,1,0,1,1
Kodak Loan Debacle Puts a New Agency in the Hot Seat,The New York Times,2020,10,26,76,1,0,1,-1
"As a Coach and a Cop in Minneapolis, Where Would He Draw the Line?",The New York Times,2020,10,26,76,1,0,1,0
Black Players Continued a Mentoring Tradition Amid a Pandemic,The New York Times,2020,10,26,76,1,0,1,1
He Was a Rising Jazz Pianist. Then His N.Y.C. Dreams Were Shattered.,The New York Times,2020,10,26,76,1,0,1,-1
Newark Imposes Covid-19 Restrictions on Businesses,The Wall Street Journal,2020,10,26,76,1,1,1,-1
Sheldon Adelson’s Las Vegas Sands Considers Sale of Casinos in Namesake City,The Wall Street Journal,2020,10,26,76,1,1,1,1
"Russian Airstrikes Kill Dozens of Turkey-Backed Fighters in Syria, Rebels Say",The Wall Street Journal,2020,10,26,76,1,1,1,-1
Need a Pandemic Puppy ASAP? Call the Bernedoodle Delivery People,The Wall Street Journal,2020,10,26,76,1,1,1,-1
Thoma Bravo Raises $22.8 Billion in Record Tech-Fundraising Haul,The Wall Street Journal,2020,10,26,76,1,1,1,1
Blackstone Raises $8 Billion for Second Long-Life Fund,The Wall Street Journal,2020,10,26,76,1,1,1,1
"U.S. Sanctions Iran’s Petroleum Ministry, National Iranian Oil Company, Tanker Subsidiary",The Wall Street Journal,2020,10,26,76,1,1,1,-1
Supreme Court Rejects Pandemic-Spurred Voting Changes in Wisconsin,The Wall Street Journal,2020,10,26,76,1,1,1,0
"Spooked (Tuesday Crossword, October 27)",The Wall Street Journal,2020,10,26,76,1,1,1,-1
D.C. Public Schools' reopening plan concerns D.C. Council,The Washington Times,2020,10,26,76,1,1,0,0
"Amy Coney Barrett sent to Senate, confirmation likely Monday",The Washington Times,2020,10,26,76,1,1,0,0
"The end of an era: The rise of social media, cable TV has led to the demise of the October surprise",The Washington Times,2020,10,26,76,1,1,0,-1
"Liberal media, Big Tech and progressives pursue a relentless revolution against free speech",The Washington Times,2020,10,26,76,1,1,0,-1
Sore losers: Hillary Clinton operatives tried to take down Trump after he won the 2016 election,The Washington Times,2020,10,26,76,1,1,0,-1
Marijuana ballot measures could tip competitive races toward Democrats,The Washington Times,2020,10,26,76,1,1,0,-1
"A brief, intense shutdown would give the U.S. a second chance against the virus",The Washington Post,2020,10,27,77,1,0,1,-1
Why N.Y.C.’s Economic Recovery May Lag the Rest of the Country’s,The New York Times,2020,10,27,77,1,0,1,-1
New Jersey Governor Addresses Newark’s Coronavirus Mandates,The New York Times,2020,10,27,77,1,0,1,0
Supreme Court Won’t Extend Wisconsin’s Deadline for Mailed Ballots,The New York Times,2020,10,27,77,1,0,1,-1
"Rallies Are the Core of Trump’s Campaign, and a Font of Lies and Misinformation",The New York Times,2020,10,27,77,1,0,1,-1
How the Virus Slowed the Booming Wind Energy Business,The New York Times,2020,10,27,77,1,0,1,-1
A Bid to Steal Home Offers a Taste of the 20th Century,The New York Times,2020,10,27,77,1,0,1,1
"In a Must-Win Game 6, Rays Plan to Turn Up the Aggressiveness",The New York Times,2020,10,27,77,1,0,1,1
How Long Can N.Y.C. Museums Survive at 25 Percent Capacity?,The New York Times,2020,10,27,77,1,0,1,0
‘Song Exploder’ Reveals the Eureka Moments Behind the Hits,The New York Times,2020,10,27,77,1,0,1,1
"Sex Cult Leader, Facing Life Sentence, Regrets Nothing",The New York Times,2020,10,27,77,1,0,1,0
"There’s Water and Ice on the Moon, and in More Places Than NASA Thought",The New York Times,2020,10,27,77,1,0,1,1
"Jeannette Williams-Parker, Nurse in a Virus Hot Spot, Dies at 48",The New York Times,2020,10,27,77,1,0,1,-1
Who Inspired the Trump Campaign Playbook?,The New York Times,2020,10,27,77,1,0,1,-1
Is It Safe to Ask Whether Trump’s Days Are Numbered?,The New York Times,2020,10,27,77,1,0,1,-1
A Rule for Cleaner Dishes,The Wall Street Journal,2020,10,27,77,1,1,1,1
"The Covid Thanksgiving: Outdoor Heaters, Virtual Meals, Grandma Stays Home",The Wall Street Journal,2020,10,27,77,1,1,1,1
Coping With the Covid Winter,The Wall Street Journal,2020,10,27,77,1,1,1,0
Is Electronic Officiating Bad for Sports?,The Wall Street Journal,2020,10,27,77,1,1,1,-1
Hong Kong Activist Arrested Near U.S. Consulate,The Wall Street Journal,2020,10,27,77,1,1,1,-1
How to Make Baseball More Exciting,The Wall Street Journal,2020,10,27,77,1,1,1,1
"Dow, S&P 500 Slide After Big Selloff",The Wall Street Journal,2020,10,27,77,1,1,1,0
New York’s MTA Urged to Spare Regular Transit Commuters From Fare Raises,The Wall Street Journal,2020,10,27,77,1,1,1,-1
Black churchgoers group aims to turn out 1M voters with 'Souls to the Polls' tour of Southeast,The Washington Times,2020,10,27,77,1,1,0,-1
Nancy Pelosi accuses Republicans of 'official malfeasance' in their coronavirus pandemic response,The Washington Times,2020,10,27,77,1,1,0,-1
Facebook accused of censoring 'Black voices' for nixing anti-Biden ad on Black fathers,The Washington Times,2020,10,27,77,1,1,0,-1
Coronavirus case-fatality rate down despite surge in cases,The Washington Times,2020,10,27,77,1,1,0,-1
Pompeo: Libya cease-fire 'courageous step',The Washington Times,2020,10,27,77,1,1,0,1
Mike Pence won't preside over Amy Coney Barrett confirmation vote,The Washington Times,2020,10,27,77,1,1,0,-1
Trump says Biden would deliver 'economic death sentence' to Pennsylvania's energy industry,The Washington Times,2020,10,27,77,1,1,0,0
"Long before a vote was cast, Trump deployed the federal government to cheat",The Washington Post,2020,11,5,78,1,0,1,-1
I was in the 2000 ‘Brooks Brothers Riot.’ Trump supporters are way out of line.,The Washington Post,2020,11,5,78,1,0,1,-1
A Split Decision for Democrats,The New York Times,2020,11,5,78,1,0,1,-1
Collins Wins Maine Senate Race as Gideon Concedes,The New York Times,2020,11,5,78,1,0,1,1
A Transfixed World Awaits What’s Next in America,The New York Times,2020,11,5,78,1,0,1,1
"In Midwest Battlegrounds, the Virus Met Another Concern: The Economy",The New York Times,2020,11,5,78,1,0,1,-1
How Biden’s Discipline on Rebuilding the ‘Blue Wall’ Moved Him Close to Victory,The New York Times,2020,11,5,78,1,0,1,1
"In Ascendant Night for Congressional Republicans, Women Led the Way",The New York Times,2020,11,5,78,1,0,1,1
"As ‘Blue Wave’ Chances Crash, Wall St. Warms to Divided Government",The New York Times,2020,11,5,78,1,0,1,0
Gamblers Outside the U.S. Take Presidential Odds on a Wild Ride,The New York Times,2020,11,5,78,1,0,1,1
Blue Wave? Red Wave? Election-Night TV Was More Like a Whirlpool,The New York Times,2020,11,5,78,1,0,1,-1
TV Anchors and Pundits Criticize Trump’s Baseless Claims of Fraud,The New York Times,2020,11,5,78,1,0,1,-1
How the Major Cable Networks Covered Election Night,The New York Times,2020,11,5,78,1,0,1,1
What in the World Is a $590 Scratch-and-Sniff T-shirt Doing in 2020?,The New York Times,2020,11,5,78,1,0,1,-1
Exit Polls Point to the Power of White Patriarchy,The New York Times,2020,11,5,78,1,0,1,-1
America Disappoints the New York Times Again,The Wall Street Journal,2020,11,5,78,1,1,1,-1
Pelosi Faces Lawmakers Frustrated Over Loss of House Seats,The Wall Street Journal,2020,11,5,78,1,1,1,-1
T-Mobile Picks Up Pace of Its Cost-Cutting Program,The Wall Street Journal,2020,11,5,78,1,1,1,1
Kosovo President Resigns Amid War-Crimes Charges,The Wall Street Journal,2020,11,5,78,1,1,1,-1
"For Uber, Coronavirus Pandemic Is Still Weighing on Rides Business",The Wall Street Journal,2020,11,5,78,1,1,1,0
"Oregon becomes first state to decriminalize cocaine, heroin, meth, ecstasy",The Washington Times,2020,11,5,78,1,1,0,-1
Frank Luntz admits polling industry in shambles after Trump performance: 'It is devastating',The Washington Times,2020,11,5,78,1,1,0,-1
Joy Reid smears Justice Clarence Thomas as 'Uncle Clarence',The Washington Times,2020,11,5,78,1,1,0,-1
Cameron Webb concedes to Robert Good in Virginia's 5th Congressional District,The Washington Times,2020,11,5,78,1,1,0,1
YouTube allows One America News Network 'Trump won' video,The Washington Times,2020,11,5,78,1,1,0,-1
Gary Peters wins second term in Michigan,The Washington Times,2020,11,5,78,1,1,0,1
"Troy Nehls wins, Republicans defend open Texas seat from Democratic challenge",The Washington Times,2020,11,5,78,1,1,0,1
Trump wins Maine's 2nd congressional district: AP,The Washington Times,2020,11,5,78,1,1,0,0
Trump vows to take election fight to Supreme Court,The Washington Times,2020,11,5,78,1,1,0,-1
"Voters send conservative message on ballot initiatives for taxes, citizen-only voting",The Washington Times,2020,11,5,78,1,1,0,0
Democrats had a decade to consolidate power. They blew their chance.,The Washington Post,2020,11,6,79,1,0,1,-1
"‘Shaft,’ ‘Dirty Harry’ and the Rise of the Supercop",The New York Times,2020,11,6,79,1,0,1,1
"‘Accuracy Is Vital,’ Georgia Election Official Says",The New York Times,2020,11,6,79,1,0,1,1
Norway’s Supreme Court Hears Rights Challenge to Arctic Oil Drilling,The New York Times,2020,11,6,79,1,0,1,1
Residents Feared Low-Income Housing Would Ruin Their Suburb. It Didn’t.,The New York Times,2020,11,6,79,1,0,1,-1
Secretaries of State in Spotlight as Trump Ratchets Up Attacks to Sow Doubt,The New York Times,2020,11,6,79,1,0,1,0
$26 Billion Settlement Offer in Opioid Lawsuits Gains Wide Support,The New York Times,2020,11,6,79,1,0,1,1
"As Britain Locks Down, Officials Work to Keep the Economy Afloat",The New York Times,2020,11,6,79,1,0,1,1
"On Election Day, Facebook and Twitter Did Better by Making Their Products Worse",The New York Times,2020,11,6,79,1,0,1,-1
The Rise and Fall of the ‘Stop the Steal’ Facebook Group,The New York Times,2020,11,6,79,1,0,1,-1
N.F.L. Week 9 Predictions: Our Picks Against the Spread,The New York Times,2020,11,6,79,1,0,1,-1
‘Let Him Go’ Review: From Grief to Terror,The New York Times,2020,11,6,79,1,0,1,0
"It Had Aerialists, Fire Eaters and Glitter. Is Brooklyn’s Wildest Party Over?",The New York Times,2020,11,6,79,1,0,1,-1
ESPN to Lay Off 300 Employees,The New York Times,2020,11,6,79,1,0,1,-1
Some Latinos Voted for Trump. Get Over It.,The New York Times,2020,11,6,79,1,0,1,-1
‘Metropolis’ Review: Towering Achievement,The Wall Street Journal,2020,11,6,79,1,1,1,1
New York Accuses Sotheby’s of Aiding Art Collector in Evading Sales Tax,The Wall Street Journal,2020,11,6,79,1,1,1,-1
This Election Was Full of Surprises,The Wall Street Journal,2020,11,6,79,1,1,1,1
"Animal Lovers (Saturday Crossword, November 7)",The Wall Street Journal,2020,11,6,79,1,1,1,1
Soaring Spaces and Hard Topics,The Wall Street Journal,2020,11,6,79,1,1,1,1
Revolt Against the Illinois Machine,The Wall Street Journal,2020,11,6,79,1,1,1,-1
Milton Friedman’s Excellent TV Adventure,The Wall Street Journal,2020,11,6,79,1,1,1,1
Donald Trump Evangelical support slipped in Michigan,The Washington Times,2020,11,6,79,1,1,0,-1
"NYPD says 50 arrested in election protests, including a woman who spit at cop",The Washington Times,2020,11,6,79,1,1,0,-1
Nancy Pelosi receives 'stunning blow' as female Republicans flood into House,The Washington Times,2020,11,6,79,1,1,0,1
Kremlin: Unclear election results in the U.S. could negatively impact global economy,The Washington Times,2020,11,6,79,1,1,0,-1
Trump campaign launches online complaint form to report ballot fraud,The Washington Times,2020,11,6,79,1,1,0,-1
Steve Bannon urges Donald Trump to have Twitter CEO arrested for suppressing presidential tweets,The Washington Times,2020,11,6,79,1,1,0,-1
"Lindsey Graham backs Trump on voter fraud claims, donates $500,000 for legal fight",The Washington Times,2020,11,6,79,1,1,0,-1
"Jake Funk, back from second torn ACL, is proving his worth as Maryland football's tailback",The Washington Times,2020,11,6,79,1,1,0,1
"‘More People May Die, if We Don’t Coordinate,’ Biden Says",The New York Times,2020,11,17,80,1,0,1,0
Japanese City Uses ‘Monster Wolf’ to Scare Off Wild Bears,The New York Times,2020,11,17,80,1,0,1,1
Hungary and Poland Threaten E.U. Stimulus Over Rule of Law Links,The New York Times,2020,11,17,80,1,0,1,-1
Hate Crimes in U.S. Rose to Highest Level in More Than a Decade in 2019,The New York Times,2020,11,17,80,1,0,1,1
Global Financial Stability Watchdog Warns That Markets Remain Vulnerable,The New York Times,2020,11,17,80,1,0,1,1
"A ‘Perfect’ Pitcher, a Home Run Stealer and Two-Thirds of a Big 3",The New York Times,2020,11,17,80,1,0,1,1
They Are Also 2 Wild and Crazy Guys,The New York Times,2020,11,17,80,1,0,1,1
Taylor Swift Denounces Scooter Braun as Her Catalog Is Sold Again,The New York Times,2020,11,17,80,1,0,1,-1
"Tourism, Engine for N.Y.C. Economy, May Not Fully Recover Until 2025",The New York Times,2020,11,17,80,1,0,1,-1
‘How Did We Not Know?’ Gun Owners Confront a Suicide Epidemic,The New York Times,2020,11,17,80,1,0,1,1
Using Wolves as First Responders Against a Deadly Brain Disease,The New York Times,2020,11,17,80,1,0,1,0
"Lindy McDaniel, Ace Reliever for Mediocre Teams, Dies at 84",The New York Times,2020,11,17,80,1,0,1,-1
"David Toole, Disabled Dancer With Grace in His Hands, Dies at 56",The New York Times,2020,11,17,80,1,0,1,-1
"Trump or No Trump, Religious Authoritarianism Is Here to Stay",The New York Times,2020,11,17,80,1,0,1,-1
Why the 2020 Election Makes It Hard to Be Optimistic About the Future,The New York Times,2020,11,17,80,1,0,1,-1
Purdue Gets Chapter 11 Approval of Justice Department Opioid Settlement,The Wall Street Journal,2020,11,17,80,1,1,1,1
Justice Department Finds Constitutional Violations in Massachusetts Prisons,The Wall Street Journal,2020,11,17,80,1,1,1,-1
One Agency for Antitrust,The Wall Street Journal,2020,11,17,80,1,1,1,-1
Biden’s Tough Job: Uniting Americans,The Wall Street Journal,2020,11,17,80,1,1,1,1
Joe Biden: 'More people may die' if Trump administration doesn't cooperate on transition,The Washington Times,2020,11,17,80,1,1,0,-1
Inside the Beltway: Support for gun control drops,The Washington Times,2020,11,17,80,1,1,0,1
Civil disobedience is the solution for this COVID-19 madness,The Washington Times,2020,11,17,80,1,1,0,-1
"Larry Hogan, Maryland governor, blasts 'toxic politics' of Trump, D.C. Republicans",The Washington Times,2020,11,17,80,1,1,0,-1
Moderna: Coronavirus vaccine nearly 95% effective in early look,The Washington Times,2020,11,17,80,1,1,0,1
Rebekah Mercer invests in Parler as competition against Big Tech,The Washington Times,2020,11,17,80,1,1,0,1
"NCAA men's basketball tournament to be held in one location, with Indianapolis likely",The Washington Times,2020,11,17,80,1,1,0,0
"Richard Giardino, N.Y. sheriff, says he won't enforce Cuomo's orders: 'Your house is your castle'",The Washington Times,2020,11,17,80,1,1,0,-1
Drew Brees to miss time with rib injury,The Washington Times,2020,11,17,80,1,1,0,0
Jake Tapper during Fauci interview: 'Christmas is probably not going to be possible?',The Washington Times,2020,11,17,80,1,1,0,0
"Bill Maher rips Democrats as party of 'hypersensitive, social justice warrior, woke bulls--t'",The Washington Times,2020,11,17,80,1,1,0,-1
When Will We Throw Our Masks Away? I Asked Dr. Fauci,The New York Times,2020,11,20,81,1,0,1,0
They Championed Venezuela’s Revolution. They Are Now Its Latest Victims.,The New York Times,2020,11,20,81,1,0,1,-1
Pompeo Visits West Bank Settlement and Offers Parting Gifts to Israeli Right,The New York Times,2020,11,20,81,1,0,1,1
Why Charges Against Protesters Are Being Dismissed by the Thousands,The New York Times,2020,11,20,81,1,0,1,0
Trump’s Attempts to Overturn the Election Are Unparalleled in U.S. History,The New York Times,2020,11,20,81,1,0,1,1
Biden Calls Trump’s Attack on Electoral Process ‘Totally Irresponsible’,The New York Times,2020,11,20,81,1,0,1,-1
An Angel on the Shoulder of Your Teenage Driver (or at Least a Snitch),The New York Times,2020,11,20,81,1,0,1,1
A New U.S. Law Would Target Doping’s Enablers. International Watchdogs Don’t Like It.,The New York Times,2020,11,20,81,1,0,1,-1
"Derek Fordjour, From Anguish to Transcendence",The New York Times,2020,11,20,81,1,0,1,1
‘Collective’ Review: When Tragedy Consumes a Nation,The New York Times,2020,11,20,81,1,0,1,0
"As the Virus Surges, How Much Longer Can New York Avoid a Full Shutdown?",The New York Times,2020,11,20,81,1,0,1,-1
BuzzFeed to Acquire HuffPost From Verizon Media,The New York Times,2020,11,20,81,1,0,1,-1
"Frederick Weston, Outsider Artist Who Was Finally Let In, Dies at 73",The New York Times,2020,11,20,81,1,0,1,-1
"‘Gram, Are You Sad?’ This Year, We’re Spending the Holidays Alone",The New York Times,2020,11,20,81,1,0,1,1
Four Years of the Trump Administration in Court. One Word Stuck in My Head.,The New York Times,2020,11,20,81,1,0,1,1
"Working on Commission (Saturday Crossword, November 21)",The Wall Street Journal,2020,11,20,81,1,1,1,0
"‘An Onion in My Pocket’ Review: Zen Mind, Green Palate",The Wall Street Journal,2020,11,20,81,1,1,1,1
Biden Team Faults Mnuchin for Letting Fed Aid Programs Lapse,The Wall Street Journal,2020,11,20,81,1,1,1,-1
Two Books on Our Woven World,The Wall Street Journal,2020,11,20,81,1,1,1,1
"Pfizer, BioNTech Ask FDA to Authorize Their Covid-19 Vaccine",The Wall Street Journal,2020,11,20,81,1,1,1,-1
Republicans seek House hearing after pro-Trump rally in D.C. turns violent,The Washington Times,2020,11,20,81,1,1,0,-1
Mitt Romney accuses Trump of trying to 'subvert the will of the people' with election challenges,The Washington Times,2020,11,20,81,1,1,0,-1
"AstraZeneca, Oxford vaccine produces strong immune response",The Washington Times,2020,11,20,81,1,1,0,1
Gretchen Whitmer articles of impeachment filed by Michigan Republicans,The Washington Times,2020,11,20,81,1,1,0,-1
Terrapins hold out hope season can resume once COVID-19 outbreak eases,The Washington Times,2020,11,20,81,1,1,0,0
Hunter Biden had deep business ties with communist party-linked Chinese tycoon: new Senate report,The Washington Times,2020,11,20,81,1,1,0,0
EDITORIAL: Mayflower Compact's enduring impact,The Washington Times,2020,11,20,81,1,1,0,1
"Trump should concede, most voters say: Poll",The Washington Times,2020,11,20,81,1,1,0,-1
Maryland football cancels game vs. Michigan State due to COVID-19,The Washington Times,2020,11,20,81,1,1,0,-1
United Nations using COVID-19 to take over the world,The Washington Times,2020,11,20,81,1,1,0,1
"After Admitting Mistake, AstraZeneca Faces Difficult Questions About Its Vaccine",The New York Times,2020,11,26,82,1,0,1,-1
Trump’s Pardon of Flynn Signals Prospect of a Wave in His Final Weeks in Office,The New York Times,2020,11,26,82,1,0,1,0
The Losses We Share,The New York Times,2020,11,26,82,1,0,1,-1
Soccer Fans Mourn the Death of Diego Maradona,The New York Times,2020,11,26,82,1,0,1,-1
Cooking Class | Laura Kim,The New York Times,2020,11,26,82,1,0,1,1
A New Political Force Emerges in Georgia: Asian-American Voters,The New York Times,2020,11,26,82,1,0,1,1
"Latinos, Long Dismissed in Hollywood, Push to Make Voices Heard",The New York Times,2020,11,26,82,1,0,1,-1
It’s Time for a Digital Detox. (You Know You Need It.),The New York Times,2020,11,26,82,1,0,1,1
We’re Still Smarter Than Computers,The New York Times,2020,11,26,82,1,0,1,1
The Most Human of Immortals,The New York Times,2020,11,26,82,1,0,1,1
The N.B.A. Slam Dunk Champion Cashes In,The New York Times,2020,11,26,82,1,0,1,1
Eat Up! Drama is Served at These Family Dinners,The New York Times,2020,11,26,82,1,0,1,1
How ‘Blue Bloods’ and Other Shows Resumed Filming in Pandemic N.Y.C.,The New York Times,2020,11,26,82,1,0,1,-1
A Lonely New York Holiday: ‘Miss This One and Be Alive for the Next’,The New York Times,2020,11,26,82,1,0,1,1
"Gavin Newsom, What Were You Thinking?",The New York Times,2020,11,26,82,1,0,1,-1
Child-Care Access Is Good Policy for Families,The Wall Street Journal,2020,11,26,82,1,1,1,1
CDC May Soon Shorten Advised Covid-19 Quarantine Time,The Wall Street Journal,2020,11,26,82,1,1,1,-1
Supreme Court Blocks New York’s Covid-19 Restrictions on Religious Services,The Wall Street Journal,2020,11,26,82,1,1,1,-1
Bestselling Books Week Ended November 21,The Wall Street Journal,2020,11,26,82,1,1,1,1
Ethiopian Forces Begin Decisive Battle in Tigray’s Capital,The Wall Street Journal,2020,11,26,82,1,1,1,1
Stock Futures Waver in Muted Holiday Trading,The Wall Street Journal,2020,11,26,82,1,1,1,-1
"Michael Hancock, Denver mayor, tells others to 'avoid travel' right before boarding flight",The Washington Times,2020,11,26,82,1,1,0,-1
"Alexandria Ocasio-Cortez, Ilhan Omar petition possible Biden OMB pick",The Washington Times,2020,11,26,82,1,1,0,0
"Phil Scott, Republican governor, says Vermont schools will question kids about Thanksgiving plans",The Washington Times,2020,11,26,82,1,1,0,-1
Dr. Anthony Fauci 'absolutely' ready to serve on Biden task force if asked,The Washington Times,2020,11,26,82,1,1,0,1
"Katherine Clark, top House Dem: Congress 'cannot overspend' on coronavirus relief",The Washington Times,2020,11,26,82,1,1,0,1
"Pennsylvania state judge sides with GOP, halting election certification",The Washington Times,2020,11,26,82,1,1,0,-1
Wisconsin's Big Ten title hopes end after Minnesota game canceled due to COVID-19,The Washington Times,2020,11,26,82,1,1,0,-1
Maryland basketball opens season with 85-67 win vs. Old Dominion,The Washington Times,2020,11,26,82,1,1,0,1
Stephen Colbert gushes during Obama interview: 'I just want to take a moment to drink you in',The Washington Times,2020,11,26,82,1,1,0,1
The hidden upside to the Trump White House’s incompetence,The Washington Post,2020,12,6,83,1,0,1,-1
The Epicenter,The New York Times,2020,12,6,83,1,0,1,1
"The Rise and Fall of Carl Lentz, the Celebrity Pastor of Hillsong Church",The New York Times,2020,12,6,83,1,0,1,1
Historic Church Damaged in East Village Fire,The New York Times,2020,12,6,83,1,0,1,-1
Japanese Space Capsule Ferries Bits of Asteroid to Earth,The New York Times,2020,12,6,83,1,0,1,1
Report Points to Microwave ‘Attack’ as Likely Source of Mystery Illnesses That Hit Diplomats and Spies,The New York Times,2020,12,6,83,1,0,1,-1
Republicans Pushed to Restrict Voting. Millions of Americans Pushed Back.,The New York Times,2020,12,6,83,1,0,1,-1
"A Covid-Free Cruise Takes Planning, but the Strip Show Goes On",The New York Times,2020,12,6,83,1,0,1,-1
"As Premier League Gates Reopen, a Soothing Soundtrack Returns",The New York Times,2020,12,6,83,1,0,1,1
Surviving on Hot Plates and Takeout: 73 Days Without Cooking Gas,The New York Times,2020,12,6,83,1,0,1,1
India’s Leading Documentary Filmmaker Has a Warning,The New York Times,2020,12,6,83,1,0,1,1
How to Pretend You’re in Tokyo,The New York Times,2020,12,6,83,1,0,1,0
The Grit and Glory of Dolly Parton,The New York Times,2020,12,6,83,1,0,1,1
"Warren Berlinger, Film and Television Character Actor, Dies at 83",The New York Times,2020,12,6,83,1,0,1,-1
A King Above and Beyond Politics,The New York Times,2020,12,6,83,1,0,1,1
Exxon Under Pressure From New Activist Fund,The Wall Street Journal,2020,12,6,83,1,1,1,-1
New York Area Hospitals Feel Better Prepared for Covid-19 Winter,The Wall Street Journal,2020,12,6,83,1,1,1,0
‘Urgent’ Stimulus Package Isn’t That Urgent,The Wall Street Journal,2020,12,6,83,1,1,1,-1
Georgia Rejects Trump’s Request to Reverse His Election Loss,The Wall Street Journal,2020,12,6,83,1,1,1,-1
Chinese Arms Industry Ranks Second Behind U.S.,The Wall Street Journal,2020,12,6,83,1,1,1,1
A Weak Visa Case Against Facebook,The Wall Street Journal,2020,12,6,83,1,1,1,-1
The Covid Risks in the Workplace Break Room,The Wall Street Journal,2020,12,6,83,1,1,1,0
Lawmakers Look to Short-Term Funding as Spending Talks Continue,The Wall Street Journal,2020,12,6,83,1,1,1,-1
Fight for Upstate New York House Race Continues in Court,The Wall Street Journal,2020,12,6,83,1,1,1,1
"Economy Week Ahead: Inflation, Stimulus and Layoffs",The Wall Street Journal,2020,12,6,83,1,1,1,1
Schumer’s Wages of ‘Resistance’,The Wall Street Journal,2020,12,6,83,1,1,1,-1
Watchdog Finds No Wrongdoing in Kodak Deal,The Wall Street Journal,2020,12,6,83,1,1,1,1
U.S. Diplomats’ Illnesses Likely Tied to Pulsed Energy Attack,The Wall Street Journal,2020,12,6,83,1,1,1,-1
Trial Lawyers vs. Arab-Israeli Peace,The Wall Street Journal,2020,12,6,83,1,1,1,1
"Five Pricing Moves Companies Made in 2020, From Zoom to Peloton",The Wall Street Journal,2020,12,6,83,1,1,1,1
New York City Will Change Many Selective Schools to Address Segregation,The New York Times,2020,12,19,84,1,0,1,-1
Trump’s Future: Tons of Cash and Plenty of Options for Spending It,The New York Times,2020,12,19,84,1,0,1,1
The Next 3 Months Are Going to Be Pure Hell,The New York Times,2020,12,19,84,1,0,1,-1
‘Didn’t Feel a Thing’: Pence Receives Coronavirus Vaccine,The New York Times,2020,12,19,84,1,0,1,-1
‘A Social Species’: How Kangaroos Communicate With People,The New York Times,2020,12,19,84,1,0,1,1
Justices Put Off Ruling on Trump Plan for Unauthorized Immigrants and Census,The New York Times,2020,12,19,84,1,0,1,0
United Helps to Contact Passengers After Possible Covid-19-Related Death on Flight,The New York Times,2020,12,19,84,1,0,1,1
Here’s What People With Allergies Should Know About Covid Vaccines,The New York Times,2020,12,19,84,1,0,1,-1
Congress Clears Two-Day Spending Extension to Finalize Stimulus Deal,The New York Times,2020,12,19,84,1,0,1,-1
Barr Says C.I.A. ‘Stayed in Its Lane’ in Examining Russian Election Interference,The New York Times,2020,12,19,84,1,0,1,0
"How May We Serve You? For Restaurant Chains, It Depends on the Location",The New York Times,2020,12,19,84,1,0,1,0
"Its Football Season Over, Cal Wonders: Was It Worth It?",The New York Times,2020,12,19,84,1,0,1,-1
Ghislaine Maxwell Calls Jail Oppressive. Prosecutors Say She Has It Easy.,The New York Times,2020,12,19,84,1,0,1,-1
Facebook’s Tone-Deaf Attack on Apple,The New York Times,2020,12,19,84,1,0,1,-1
"Punch After Punch, Rape After Rape, a Murderer Was Made",The New York Times,2020,12,19,84,1,0,1,-1
The World’s Largest Sovereign-Wealth Fund Weighs a More Active Approach,The Wall Street Journal,2020,12,19,84,1,1,1,1
Judy Garland’s Good Tidings,The Wall Street Journal,2020,12,19,84,1,1,1,1
The Darker Side of Christmas,The Wall Street Journal,2020,12,19,84,1,1,1,0
Covid-19 Vaccines Are Slow to Reach Rural America,The Wall Street Journal,2020,12,19,84,1,1,1,-1
Pepper...and Salt,The Wall Street Journal,2020,12,19,84,1,1,1,1
Joe Biden’s 5 Tech Priorities,The Wall Street Journal,2020,12,19,84,1,1,1,1
The Workout Olympic Skiers Use to Prepare for the Slopes,The Wall Street Journal,2020,12,19,84,1,1,1,1
French Prosecutors Bring Rape Charges Against Epstein Associate,The Wall Street Journal,2020,12,19,84,1,1,1,0
U.K. Orders Fresh Lockdowns to Curb New Covid-19 Strain,The Wall Street Journal,2020,12,19,84,1,1,1,-1
‘Salman Toor: How Will I Know’ Review: A Contemporary Painter’s Poignant Scenes,The Wall Street Journal,2020,12,19,84,1,1,1,1
"For Small Firms, Covid-19 Cuts Deeper; ‘It’s Getting Worse Every Day’",The Wall Street Journal,2020,12,19,84,1,1,1,-1
"Haim, Lindsey Buckingham and More Musicians on Their Favorite Songs of 2020",The Wall Street Journal,2020,12,19,84,1,1,1,1
Mammoth Iceberg Jeopardizes Millions of Penguins,The Wall Street Journal,2020,12,19,84,1,1,1,-1
What We Know About New Covid-19 Strain in England,The Wall Street Journal,2020,12,19,84,1,1,1,1
What to Wear to Get Ahead in Finance—According to HBO’s ‘Industry’,The Wall Street Journal,2020,12,19,84,1,1,1,1
‘Nobody Tells Daddy No’: A Housing Boss’s Many Abuse Cases,The New York Times,2021,2,7,85,1,0,1,1
"In Afghanistan, a Booming Kidney Trade Preys on the Poor",The New York Times,2021,2,7,85,1,0,1,-1
Public Buildings Set Ablaze in Chile After Police Shoot Street Juggler,The New York Times,2021,2,7,85,1,0,1,-1
HNA Was Once China’s Biggest Dealmaker. Now It Faces Bankruptcy.,The New York Times,2021,2,7,85,1,0,1,-1
"My New Job Did a Salary Bait and Switch, and I Want Out",The New York Times,2021,2,7,85,1,0,1,1
"On Ballet TikTok, a Place for Young Dancers to Be Real",The New York Times,2021,2,7,85,1,0,1,1
What Can You Actually Buy With Bitcoin?,The New York Times,2021,2,7,85,1,0,1,0
"Through Genetics, Luck or ‘Prehab,’ Tom Brady Endures at 43",The New York Times,2021,2,7,85,1,0,1,0
"At the Super Bowl, Antonio Brown Tries to Move On. Many Cannot.",The New York Times,2021,2,7,85,1,0,1,-1
Don’t Hate the SoulCycle Celeb Who Got the Vaccine. Hate the System.,The New York Times,2021,2,7,85,1,0,1,-1
The Working Woman’s Anthem ‘9 to 5’ Needed an Update. But This?,The New York Times,2021,2,7,85,1,0,1,-1
Coming Soon: The ‘Vaccine Passport’,The New York Times,2021,2,7,85,1,0,1,0
Sarah Jessica Parker and Matthew Broderick Help Kick Off the 2021 Market,The New York Times,2021,2,7,85,1,0,1,1
"Margaret C. Snyder, the U.N.’s ‘First Feminist,’ Dies at 91",The New York Times,2021,2,7,85,1,0,1,-1
The Ugly Secrets Behind the Costco Chicken,The New York Times,2021,2,7,85,1,0,1,-1
George Pratt Shultz,The Wall Street Journal,2021,2,7,85,1,1,1,1
The Case for Plain Vanilla Gets Its Day in Court,The Wall Street Journal,2021,2,7,85,1,1,1,1
"As Biden Decides What to Do With Border Wall, Landowners Are in Limbo",The Wall Street Journal,2021,2,7,85,1,1,1,-1
"Inside Repossi’s New Monaco Store, Where the Jewelry Seems Extra-Shiny",The Wall Street Journal,2021,2,7,85,1,1,1,0
What to Do When There’s a Covid-19 Vaccine Glut,The Wall Street Journal,2021,2,7,85,1,1,1,-1
"Vaccine Promises Fall Short for Many Doctors, Elderly in Europe",The Wall Street Journal,2021,2,7,85,1,1,1,-1
Battle Over Upstate Congressional Seat Shows New York’s Election Problems,The Wall Street Journal,2021,2,7,85,1,1,1,-1
Reconnect With the Work Friends You Miss,The Wall Street Journal,2021,2,7,85,1,1,1,1
Tightening Oil Supplies Inject New Momentum Into Price Rally,The Wall Street Journal,2021,2,7,85,1,1,1,0
Mediocrity Is Now Mandatory,The Wall Street Journal,2021,2,7,85,1,1,1,-1
Long Bonds Won’t Help Underfunded Plans,The Wall Street Journal,2021,2,7,85,1,1,1,-1
Phone Protection Plans: Who Should Buy Them,The Wall Street Journal,2021,2,7,85,1,1,1,0
Rollout of AstraZeneca Covid-19 Vaccine Halted in South Africa,The Wall Street Journal,2021,2,7,85,1,1,1,-1
India-Focused ETFs Could Be Poised for a Rebound,The Wall Street Journal,2021,2,7,85,1,1,1,-1
Senate Democrats See Short Trump Trial Amid Covid-19 Stimulus Push,The Wall Street Journal,2021,2,7,85,1,1,1,-1
Daniil Medvedev Finds Another Way of Playing Professional Tennis,The New York Times,2021,2,17,86,1,0,1,1
"At Rio’s Carnival, Vaccine Jabs Are In, Glitter and Samba Out",The New York Times,2021,2,17,86,1,0,1,1
"Through Chattering Teeth, Texans Criticize Extended Power Outages",The New York Times,2021,2,17,86,1,0,1,-1
Police Forces Have Long Tried to Weed Out Extremists in the Ranks. Then Came the Capitol Riot.,The New York Times,2021,2,17,86,1,0,1,-1
"Trump, in Scorching Attack on McConnell, Urges G.O.P. to Replace Him",The New York Times,2021,2,17,86,1,0,1,0
Aslan Karatsev of Russia Continues an Unlikely Run at Australian Open,The New York Times,2021,2,17,86,1,0,1,0
"The Daytona 500 Champion Isn’t Surprised He Won, Even if You Are",The New York Times,2021,2,17,86,1,0,1,-1
A Painter Explores His Royal Roots,The New York Times,2021,2,17,86,1,0,1,1
Trump Tower’s Neighbors Are Relieved as Barricades Come Down,The New York Times,2021,2,17,86,1,0,1,-1
"In Videos, Dubai Princess Says She Is a ‘Hostage’",The New York Times,2021,2,17,86,1,0,1,-1
Vox Finds Its Next Top Editor at The Atlantic,The New York Times,2021,2,17,86,1,0,1,1
"Stuck at Home, Pastry Chefs Find Freedom. New Yorkers Find Cookies.",The New York Times,2021,2,17,86,1,0,1,1
"To Get Their Lives Back, Teens Volunteer for Vaccine Trials",The New York Times,2021,2,17,86,1,0,1,0
Piecing Together the Next Pandemic,The New York Times,2021,2,17,86,1,0,1,-1
America’s Brutal Racial History Is Written All Over Our Genes,The New York Times,2021,2,17,86,1,0,1,-1
"Biden Allies to Launch Advocacy Group to Promote Covid-19 Relief Plan, Other Policies",The Wall Street Journal,2021,2,17,86,1,1,1,1
"In Texas, Families Take Risks to Stay Warm",The Wall Street Journal,2021,2,17,86,1,1,1,1
Texas Spins Into the Wind,The Wall Street Journal,2021,2,17,86,1,1,1,-1
Treasury Yields Stabilize After Big Jump,The Wall Street Journal,2021,2,17,86,1,1,1,1
Texas Gov. Abbott orders investigation into state's grid operator after rolling blackouts,The Washington Times,2021,2,17,86,1,1,0,-1
Legacy media protects Democrats by omission,The Washington Times,2021,2,17,86,1,1,0,1
'Americans' appetite for a third party has never been greater': Gallup poll,The Washington Times,2021,2,17,86,1,1,0,-1
Rhode Island police search-and-seizure case makes it to Supreme Court,The Washington Times,2021,2,17,86,1,1,0,1
"Jared Moskowitz, top Fla. official, warns fellow Dems to steer clear of anti-DeSantis conspiracies",The Washington Times,2021,2,17,86,1,1,0,-1
Inside the Beltway: Democrats 'weaponized the Capitol riot',The Washington Times,2021,2,17,86,1,1,0,-1
"Fauci defends Kamala Harris' 'starting from scratch' remarks, says Trump plan was 'vague'",The Washington Times,2021,2,17,86,1,1,0,-1
Washington's free agent needs extend beyond quarterback,The Washington Times,2021,2,17,86,1,1,0,1
Adrian Peterson eyes Emmitt Smith's rushing record,The Washington Times,2021,2,17,86,1,1,0,1
Texas House Speaker calls for hearing on what caused statewide winter blackouts,The Washington Times,2021,2,17,86,1,1,0,0
Gun registry bill from Sheila Jackson Lee called 'dangerous',The Washington Times,2021,2,17,86,1,1,0,-1
I’m a photojournalist. Why is the administration banning me from border facilities?,The Washington Post,2021,3,22,87,1,0,1,0
The long history of violence against Asian Americans that led up to Atlanta,The Washington Post,2021,3,22,87,1,0,1,-1
Anti-Asian violence is often inseparable from misogyny,The Washington Post,2021,3,22,87,1,0,1,1
Rich Countries Signed Away a Chance to Vaccinate the World,The New York Times,2021,3,22,87,1,0,1,1
The Private Lives of Strippers,The New York Times,2021,3,22,87,1,0,1,1
‘We’ve Lost the Line!’: Radio Traffic Reveals Police Under Siege at Capitol,The New York Times,2021,3,22,87,1,0,1,0
Defense Secretary Austin Makes Unannounced Visit to Afghanistan,The New York Times,2021,3,22,87,1,0,1,0
"In Kabul’s Streets, Dogs Rule the Night",The New York Times,2021,3,22,87,1,0,1,1
"After Tony Hsieh’s Shocking Death, Zappos Looks to Move Forward",The New York Times,2021,3,22,87,1,0,1,1
The Great Amazon Flip-a-Thon,The New York Times,2021,3,22,87,1,0,1,1
"The Loyola-Chicago Ramblers, and Sister Jean, Return to the Round of 16",The New York Times,2021,3,22,87,1,0,1,1
When Game Day Is a Crime Scene,The New York Times,2021,3,22,87,1,0,1,0
Julie Mehretu’s Reckoning With Success,The New York Times,2021,3,22,87,1,0,1,1
Mixed Virus Data Has Some Experts Questioning Pace of N.Y.C. Reopening,The New York Times,2021,3,22,87,1,0,1,-1
He Redefined ‘Racist.’ Now He’s Trying to Build a Newsroom.,The New York Times,2021,3,22,87,1,0,1,-1
Pro-Trump Lawyer Sidney Powell Seeks to Dismiss Defamation Suit,The Wall Street Journal,2021,3,22,87,1,1,1,-1
Leon Black Steps Down as Apollo Global’s Chairman,The Wall Street Journal,2021,3,22,87,1,1,1,-1
"A 1,000-Word Story on My Friend’s Wall",The Wall Street Journal,2021,3,22,87,1,1,1,0
New York City High Schools Reopen After Covid-19 Shutdowns,The Wall Street Journal,2021,3,22,87,1,1,1,-1
Jury Selection Nears Close in Derek Chauvin Case,The Wall Street Journal,2021,3,22,87,1,1,1,1
Amazon’s Policy Could Provoke Antitrust Move,The Wall Street Journal,2021,3,22,87,1,1,1,-1
Microsoft Prepares to Reopen Its Offices and Enter Hybrid-Work Era,The Wall Street Journal,2021,3,22,87,1,1,1,-1
New York City Venues Reopen but Raise Covid-19 Concerns,The Wall Street Journal,2021,3,22,87,1,1,1,-1
Nevada student sues charter school over social justice curriculum,The Washington Times,2021,3,22,87,1,1,0,-1
Joe Biden to visit Mexico border 'at some point',The Washington Times,2021,3,22,87,1,1,0,0
Defense Secretary Lloyd Austin makes surprise trip to Afghanistan,The Washington Times,2021,3,22,87,1,1,0,1
Sen. Tom Cotton insists 'the border is wide open' after Mayorkas claims border is secure,The Washington Times,2021,3,22,87,1,1,0,0
Recalled Russian envoy arrives in Moscow for consultations,The Washington Times,2021,3,22,87,1,1,0,-1
Alejandro Mayorkas: No plans in place to fly migrants to northern border but 'all options on table',The Washington Times,2021,3,22,87,1,1,0,1
Sen. Richard Durbin backs return to talking filibuster: 'Right now they phone it in',The Washington Times,2021,3,22,87,1,1,0,-1
An open letter to Joe Biden’s base,The Washington Post,2021,4,26,88,1,0,1,1
Free trade with benefits,The Washington Post,2021,4,26,88,1,0,1,1
Michigan’s Covid Wards Are Filling Up With Younger Patients,The New York Times,2021,4,26,88,1,0,1,1
Terrorist Group Steps Into Venezuela as Lawlessness Grows,The New York Times,2021,4,26,88,1,0,1,-1
"Federal Aid to Renters Moves Slowly, Leaving Many at Risk",The New York Times,2021,4,26,88,1,0,1,-1
"Kevin McCarthy, Four Months After Jan. 6, Still on Defensive Over Trump",The New York Times,2021,4,26,88,1,0,1,-1
U.S. to Send Virus-Ravaged India Materials for Vaccines,The New York Times,2021,4,26,88,1,0,1,-1
‘Chlorinated’ U.S. Chickens Convince British Consumers the Sky Is Falling,The New York Times,2021,4,26,88,1,0,1,-1
"As Outbreak Rages, India Orders Critical Social Media Posts to Be Taken Down",The New York Times,2021,4,26,88,1,0,1,-1
Domestic Workers in Gulf Countries Vent Woes on TikTok,The New York Times,2021,4,26,88,1,0,1,1
2021 Oscar Winners: Complete List,The New York Times,2021,4,26,88,1,0,1,1
"Eric Adams Endorsed by Top Bronx Leader, Giving Him Lift With Latinos",The New York Times,2021,4,26,88,1,0,1,1
How Bad Is Our Pandemic Drinking Problem?,The New York Times,2021,4,26,88,1,0,1,-1
"Alber Elbaz, Beloved Fashion Designer, Is Dead at 59",The New York Times,2021,4,26,88,1,0,1,-1
"Bob Fass, Pioneer of Underground Radio, Dies at 87",The New York Times,2021,4,26,88,1,0,1,-1
"From On High (Tuesday Crossword, April 27)",The Wall Street Journal,2021,4,26,88,1,1,1,-1
U.S. Launches Investigation Into Louisville Police Practices,The Wall Street Journal,2021,4,26,88,1,1,1,0
New York City to Increase Spending as Tax Revenue Improves,The Wall Street Journal,2021,4,26,88,1,1,1,0
Investors Stay Hungry for Inflation-Protected Bonds,The Wall Street Journal,2021,4,26,88,1,1,1,-1
"How to Save the Post Office, Maybe",The Wall Street Journal,2021,4,26,88,1,1,1,0
"For Biden’s Next 100 Days, the World Is Preparing Tests",The Wall Street Journal,2021,4,26,88,1,1,1,1
A Liberalish New World Order,The Wall Street Journal,2021,4,26,88,1,1,1,1
iOS 14.5 Is Here: A Guide to Apple’s New App-Tracking Controls,The Wall Street Journal,2021,4,26,88,1,1,1,1
South and Mountain West Gain Political Power From Population Growth,The Wall Street Journal,2021,4,26,88,1,1,1,1
"At the Oscars, Frances McDormand Raises Hollywood’s Existential Question",The Wall Street Journal,2021,4,26,88,1,1,1,1
Cuomo Says Sexual-Harassment Probe Won’t Find Wrongdoing,The Wall Street Journal,2021,4,26,88,1,1,1,1
"Biden's 100-day sprint leaves him behind on approval, bipartisanship",The Washington Times,2021,4,26,88,1,1,0,-1
Fernando Tatis Jr. calls homer celebrations off Trevor Bauer 'payback time',The Washington Times,2021,4,26,88,1,1,0,-1
Biden's weakness allowing new and improved Axis powers to flourish,The Washington Times,2021,4,26,88,1,1,0,1
Turkey summons U.S. ambassador after Biden declaration on Armenian genocide,The Washington Times,2021,4,26,88,1,1,0,-1
When disgraced theories are respectable again,The Washington Post,2021,5,26,89,1,0,1,-1
‘On the Ashes of Tragedy’: Mixed Emotions on Anniversary of George Floyd’s Death,The New York Times,2021,5,26,89,1,0,1,1
The Native Scholar Who Wasn’t,The New York Times,2021,5,26,89,1,0,1,1
Fauci Optimistic Over Moderna Vaccine for Teenagers,The New York Times,2021,5,26,89,1,0,1,1
"Seeking to Restore Palestinian Links, Blinken Risks New Frictions With Israel",The New York Times,2021,5,26,89,1,0,1,-1
Iraqi Activism Fights for Survival Amid Murders and Threats,The New York Times,2021,5,26,89,1,0,1,-1
"Coons, Biden’s Eyes and Ears in the Senate, Reaches for Bipartisanship",The New York Times,2021,5,26,89,1,0,1,0
Justice Dept. Fights to Keep Secret a Memo on Clearing Trump in Russia Inquiry,The New York Times,2021,5,26,89,1,0,1,-1
A New Crop in Pennsylvania: Warehouses,The New York Times,2021,5,26,89,1,0,1,0
Vets Go Upscale to Care for Pets (and Their Owners),The New York Times,2021,5,26,89,1,0,1,1
Indian Police Visit Twitter Offices as Modi Goes on Pandemic Offense,The New York Times,2021,5,26,89,1,0,1,-1
‘I Am So Freaked Out. I Can’t Even Get My Mind Around It.’,The New York Times,2021,5,26,89,1,0,1,-1
The Endless Curiosity of Chris Thile,The New York Times,2021,5,26,89,1,0,1,1
"TikTok, the Fastest Way on Earth to Become a Food Star",The New York Times,2021,5,26,89,1,0,1,1
"How the Mideast Conflict Is Blowing Up the Region, the Democratic Party and Every Synagogue in America",The New York Times,2021,5,26,89,1,0,1,-1
How Disney’s ‘Cruella’ Shows the Decline of the G-Rated Movie,The Wall Street Journal,2021,5,26,89,1,1,1,-1
‘Last Supper in Pompeii: From the Table to the Grave’ Review: Rediscovering Roman Revelry,The Wall Street Journal,2021,5,26,89,1,1,1,1
"Biden to Nominate Thomas Nides as Envoy to Israel, Eric Garcetti as Ambassador to India",The Wall Street Journal,2021,5,26,89,1,1,1,0
Amazon Deal for MGM Marks Win for Hedge Funds,The Wall Street Journal,2021,5,26,89,1,1,1,1
The Missing Aircraft Carrier,The Wall Street Journal,2021,5,26,89,1,1,1,-1
"Google, Hospital Chain to Make Tools Using Patient Data",The Wall Street Journal,2021,5,26,89,1,1,1,1
1619 Project faces backlash from conservative Black intellectuals,The Washington Times,2021,5,26,89,1,1,0,-1
"Kirill Victorovich Firsov, Russian cybercriminal gets 30 months, for selling stolen U.S. data",The Washington Times,2021,5,26,89,1,1,0,-1
Majority of Republicans believe 2020 election was rigged and Trump is true president: Poll,The Washington Times,2021,5,26,89,1,1,0,-1
Brenda Frese signs new six-year deal with Maryland women's basketball,The Washington Times,2021,5,26,89,1,1,0,1
"Juiceland learns the hard lesson of 'hire woke, go broke'",The Washington Times,2021,5,26,89,1,1,0,-1
'No-brainer:' Why Washington's players showed up for OTAs despite NFLPA push,The Washington Times,2021,5,26,89,1,1,0,1
Litter piles up amid pandemic around D.C. region,The Washington Times,2021,5,26,89,1,1,0,-1
Senate Republicans pressure divided Democrats with antisemitism resolution,The Washington Times,2021,5,26,89,1,1,0,-1
"Joe Biden, executively ordering America's way to fascism",The Washington Times,2021,5,26,89,1,1,0,-1
"U.S. Finds No Evidence of Alien Technology in Flying Objects, but Can’t Rule It Out, Either",The New York Times,2021,6,4,90,1,0,1,-1
‘I Had Never Faced the Reality of Death’: A Surgeon Becomes a Patient,The New York Times,2021,6,4,90,1,0,1,0
Veteran’s Mic Cut as He Noted Black History of Memorial Day,The New York Times,2021,6,4,90,1,0,1,0
"For Years, Netanyahu Outlasted His Rivals. What Changed This Week?",The New York Times,2021,6,4,90,1,0,1,0
A Law Student Mocked the Federalist Society. It Jeopardized His Graduation.,The New York Times,2021,6,4,90,1,0,1,-1
Postmaster General Investigated Over Possible Campaign Finance Violations,The New York Times,2021,6,4,90,1,0,1,-1
Michelle Wie West Was Ready to Retire. Then She Got Mad.,The New York Times,2021,6,4,90,1,0,1,-1
"With a Chinese American Gunslinger, He’s Challenging the Whiteness of Westerns",The New York Times,2021,6,4,90,1,0,1,1
Sean Penn and Wes Anderson Will Compete at Cannes,The New York Times,2021,6,4,90,1,0,1,1
A 7-Year-Old Was Accused of Rape. Is Arresting Him the Answer?,The New York Times,2021,6,4,90,1,0,1,-1
Yang-Adams Rivalry Takes Center Stage After Tense Debate,The New York Times,2021,6,4,90,1,0,1,1
Trump Administration Secretly Seized Phone Records of Times Reporters,The New York Times,2021,6,4,90,1,0,1,-1
Sharks Almost Went the Way of the Dinosaurs 19 Million Years Ago,The New York Times,2021,6,4,90,1,0,1,-1
"F. Lee Bailey, Lawyer for Patty Hearst and O.J. Simpson, Dies at 87",The New York Times,2021,6,4,90,1,0,1,-1
Arthur Staats Dies at 97; Called ‘Time Out’ for Unruly Kids,The New York Times,2021,6,4,90,1,0,1,-1
Tax Incentives for Film Production? We’ve Seen This Movie Before,The Wall Street Journal,2021,6,4,90,1,1,1,-1
Can the Next Mayor Make New York Safe Again?,The Wall Street Journal,2021,6,4,90,1,1,1,1
A Guide to San Diego’s Best Beach Towns,The Wall Street Journal,2021,6,4,90,1,1,1,1
Biden Ramps Up Fight Against Corruption,The Wall Street Journal,2021,6,4,90,1,1,1,1
Two Big U.S. Banks to Resume Campaign Donations,The Wall Street Journal,2021,6,4,90,1,1,1,-1
"Paxton Smith, Texas high schooler, roars for abortion as secularism seeps deep",The Washington Times,2021,6,4,90,1,1,0,-1
Democrats condemn world in pursuit of Great Orange Whale,The Washington Times,2021,6,4,90,1,1,0,-1
DOJ elevates ransomware attacks to same priority as terrorism,The Washington Times,2021,6,4,90,1,1,0,1
"Fatigue and overwork still a problem for the Navy, GAO study says",The Washington Times,2021,6,4,90,1,1,0,-1
EDITORIAL: Joe Biden fails to stop relief fraud,The Washington Times,2021,6,4,90,1,1,0,-1
GOP ready to reject Biden counteroffer of 15% minimum corporate tax to pay for infrastructure,The Washington Times,2021,6,4,90,1,1,0,-1
Susan B. Anthony List preparing for budget battle over Biden agenda on abortion,The Washington Times,2021,6,4,90,1,1,0,-1
"Fauci defends record in wake of email dump, is open to lab-leak theory",The Washington Times,2021,6,4,90,1,1,0,1
"Doug Mastriano, Pa. state senator, says Arizona vote audit should be 'model' for his state",The Washington Times,2021,6,4,90,1,1,0,-1
Supreme Court showdown may loom over taxpayer funds for parochial schools,The Washington Times,2021,6,4,90,1,1,0,-1
The U.S. says it can answer cyberattacks with nuclear weapons. That’s lunacy.,The Washington Post,2021,7,9,91,1,0,1,-1
A Battle Between a Great City and a Great Lake,The New York Times,2021,7,9,91,1,0,1,0
Why Haiti Still Despairs After $13 Billion in Foreign Aid,The New York Times,2021,7,9,91,1,0,1,-1
"In Michigan, Pro-Impeachment Republicans Face Voters’ Wrath",The New York Times,2021,7,9,91,1,0,1,-1
The Russia Inquiry Ended a Democratic Lobbyist’s Career. He Wants It Back.,The New York Times,2021,7,9,91,1,0,1,-1
Fallout From Hack of City Law Department Could Linger for Months,The New York Times,2021,7,9,91,1,0,1,-1
The Parking Garage of the Future,The New York Times,2021,7,9,91,1,0,1,1
It’s Ashleigh Barty vs. Karolina Pliskova in Wimbledon Final,The New York Times,2021,7,9,91,1,0,1,1
Lynn Hershman Leeson: The Artist Is Prescient,The New York Times,2021,7,9,91,1,0,1,1
"‘Black Widow’ Review: Spies, Lies and Family Ties",The New York Times,2021,7,9,91,1,0,1,0
The Next City Council Will Look More Like New York,The New York Times,2021,7,9,91,1,0,1,0
A Digital Cat Is Melting Hearts (and Napping a Lot) in Japan,The New York Times,2021,7,9,91,1,0,1,0
Pfizer and BioNTech will test a vaccine against the Delta variant.,The New York Times,2021,7,9,91,1,0,1,-1
"Dilip Kumar, Film Star Who Brought Realism to Bollywood, Dies at 98",The New York Times,2021,7,9,91,1,0,1,-1
The Gavin Newsom Recall Is a Farce,The New York Times,2021,7,9,91,1,0,1,-1
Biden Warns Putin About Ransomware Attacks,The Wall Street Journal,2021,7,9,91,1,1,1,-1
Carrot-Beet Sloppy Joes,The Wall Street Journal,2021,7,9,91,1,1,1,-1
"Trail Mix (Saturday Variety Puzzle, July 10)",The Wall Street Journal,2021,7,9,91,1,1,1,1
Volkswagen Sees Global Chip Shortage Worsening,The Wall Street Journal,2021,7,9,91,1,1,1,-1
"Facebook, JPMorgan Chase, Netflix: Stocks That Defined the Week",The Wall Street Journal,2021,7,9,91,1,1,1,-1
"FDA Seeks Probe of Talks Between Staff, Biogen on Alzheimer’s Drug",The Wall Street Journal,2021,7,9,91,1,1,1,-1
"Fresh Off Netflix Deal, Shonda Rhimes Asks $25 Million for L.A. Home",The Wall Street Journal,2021,7,9,91,1,1,1,1
Pentagon mulls options for Afghan interpreters fearing Taliban revenge,The Washington Times,2021,7,9,91,1,1,0,-1
"Teachers unions, media turn on parents protesting CRT",The Washington Times,2021,7,9,91,1,1,0,-1
U.S. COVID-19 coordinator says 'door-to-door' effort has been misconstrued,The Washington Times,2021,7,9,91,1,1,0,-1
District settles with Capitol Hill Baptist Church over pandemic restrictions,The Washington Times,2021,7,9,91,1,1,0,-1
"Negative ads target MLB, Ticketmaster for bowing to 'woke' pressure ahead of All-Star Game",The Washington Times,2021,7,9,91,1,1,0,-1
EDITORIAL: Communist China is skilled at suppressing unwelcome facts about COVID-19 pandemic,The Washington Times,2021,7,9,91,1,1,0,-1
We're only one generation away from losing America,The Washington Times,2021,7,9,91,1,1,0,1
Trump says he will testify in deposition on Jan. 6 riot,The Washington Times,2021,7,9,91,1,1,0,-1
"Inside the Afghan Evacuation: Rogue Flights, Crowded Tents, Hope and Chaos",The New York Times,2021,9,4,92,1,0,1,-1
Health Officials Advise White House to Scale Back Booster Plan for Now,The New York Times,2021,9,4,92,1,0,1,-1
Hiring Slowdown in August Shows Delta Variant’s Impact,The New York Times,2021,9,4,92,1,0,1,-1
"Married Kremlin Spies, a Shadowy Mission to Moscow and Unrest in Catalonia",The New York Times,2021,9,4,92,1,0,1,1
Afghans With Ties to U.S. Who Could Not Get Out Now Live in Fear,The New York Times,2021,9,4,92,1,0,1,-1
Japan’s Prime Minister Will Step Aside After Just a Year in Office,The New York Times,2021,9,4,92,1,0,1,-1
New Zealand Police Kill ‘Extremist’ Who Stabbed 6 in ISIS-Inspired Attack,The New York Times,2021,9,4,92,1,0,1,-1
Family’s Death in Sierra National Forest Is Shrouded in Mystery,The New York Times,2021,9,4,92,1,0,1,1
Ex-Nurse Pleads Guilty to Sexually Assaulting Patient in Vegetative State,The New York Times,2021,9,4,92,1,0,1,-1
Capitol Rioter Known as QAnon Shaman Pleads Guilty,The New York Times,2021,9,4,92,1,0,1,-1
TikTok Users and Coders Flood Texas Abortion Site With Fake Tips,The New York Times,2021,9,4,92,1,0,1,-1
"Taking Aim at Novak Djokovic, Kei Nishikori Wants a Streak of His Own",The New York Times,2021,9,4,92,1,0,1,0
Disabled Japanese Are Often Invisible. Will Paralympics Bring Lasting Light?,The New York Times,2021,9,4,92,1,0,1,-1
‘We’re Like Athletes Here’: The Maestro With a Gym Habit,The New York Times,2021,9,4,92,1,0,1,1
Floodwaters rose around a Queens woman in a wheelchair. Then a dramatic rescue.,The New York Times,2021,9,4,92,1,0,1,1
Infrastructure Bill Could Alter States’ Transportation Approach,The Wall Street Journal,2021,9,4,92,1,1,1,-1
Companies Need More Workers. Why Do They Reject Millions of Résumés?,The Wall Street Journal,2021,9,4,92,1,1,1,-1
Naomi Osaka Signals Break From Tennis After U.S. Open Defeat,The Wall Street Journal,2021,9,4,92,1,1,1,-1
Not Even ‘Gossip Girl’ Can Kill the Zoom-Era Headband,The Wall Street Journal,2021,9,4,92,1,1,1,-1
Chip Shortage Has Spurred Demand for Little-Known Component,The Wall Street Journal,2021,9,4,92,1,1,1,-1
Try These Four Exercise Routines to Fit Into Your Fall Schedule,The Wall Street Journal,2021,9,4,92,1,1,1,1
"Stand Out at Work, Even if You’re Still in a Zoom Box",The Wall Street Journal,2021,9,4,92,1,1,1,1
Nevada Democratic Senator Keeps Distance From Party’s Left,The Wall Street Journal,2021,9,4,92,1,1,1,0
"Willard Scott, Former Weatherman on NBC’s ‘Today’ Show, Dies at Age 87",The Wall Street Journal,2021,9,4,92,1,1,1,-1
‘Solar Bond’ Demand Goes Through the Roof,The Wall Street Journal,2021,9,4,92,1,1,1,1
Chinese Ride-Hailing Giant Didi Could Get State Investment,The Wall Street Journal,2021,9,4,92,1,1,1,-1
The Pandemic Could Help Us Breathe Easier at the Office,The Wall Street Journal,2021,9,4,92,1,1,1,0
Main Street Pensions Take Wall Street Gamble by Investing Borrowed Money,The Wall Street Journal,2021,9,4,92,1,1,1,-1
A Vintage Lotus That Stays Ahead of the Curve,The Wall Street Journal,2021,9,4,92,1,1,1,1
"China Sets Weekday Ban on Kids’ Videogame Play. Should You Do That, Too?",The Wall Street Journal,2021,9,4,92,1,1,1,-1
Crypto’s Rapid Move Into Banking Elicits Alarm in Washington,The New York Times,2021,9,5,93,1,0,1,1
New York’s Mayor Outlines Rain-Preparedness Plan,The New York Times,2021,9,5,93,1,0,1,1
E.U. Ends Legal Battle With AstraZeneca,The New York Times,2021,9,5,93,1,0,1,-1
Indian vs. Black: Vigilante Killings Upend a South African Town,The New York Times,2021,9,5,93,1,0,1,-1
Taliban Fighters Crush a Women’s Protest Amid Flickers of Resistance,The New York Times,2021,9,5,93,1,0,1,-1
The Rise and Fall of ‘ZuckTalk’,The New York Times,2021,9,5,93,1,0,1,-1
"Before Balls and Strikes, Umpires Make a Call to Pray",The New York Times,2021,9,5,93,1,0,1,-1
Why Does New York State Sue Its College Students?,The New York Times,2021,9,5,93,1,0,1,-1
How Lady Gaga’s Mother and the Head of Her Foundation Spends Sundays,The New York Times,2021,9,5,93,1,0,1,-1
Maggie Nelson Wants to Redefine ‘Freedom’,The New York Times,2021,9,5,93,1,0,1,-1
How to Solve Any Problem Using Just Common Sense,The New York Times,2021,9,5,93,1,0,1,1
New Orleans Tourism Takes Yet Another Hit From Hurricane Ida,The New York Times,2021,9,5,93,1,0,1,1
"Upstate Motels Make a Comeback, With an Aim to Captivate",The New York Times,2021,9,5,93,1,0,1,1
Navigating Today’s Rental Market,The New York Times,2021,9,5,93,1,0,1,1
The Forgotten Jews of the Forest,The New York Times,2021,9,5,93,1,0,1,-1
"Economy Week Ahead: China Trade, Fed Talk, ECB’s Next Move",The Wall Street Journal,2021,9,5,93,1,1,1,1
How Much College Debt Should Students and Parents Take On? Here’s How to Figure It Out.,The Wall Street Journal,2021,9,5,93,1,1,1,-1
"When Financial Experts Refer to a ‘Blowoff Top,’ Here’s What They Are Talking About",The Wall Street Journal,2021,9,5,93,1,1,1,0
Progressives’ Tax-the-Rich Dreams Fade as Democrats Struggle for Votes,The Wall Street Journal,2021,9,5,93,1,1,1,-1
Islamic State Kills at Least 12 Police in Iraq Amid Resurgence Fears,The Wall Street Journal,2021,9,5,93,1,1,1,-1
Chinese Firms Adopt Rigorous Sexual-Harassment Policies,The Wall Street Journal,2021,9,5,93,1,1,1,-1
"China’s Industrial Planning Evolves, Stirring U.S. Concerns",The Wall Street Journal,2021,9,5,93,1,1,1,1
Wallets Are Over. Your Phone Is Your Everything Now.,The Wall Street Journal,2021,9,5,93,1,1,1,-1
Biden’s Aides Head Abroad After U.S. Afghan Pullout,The Wall Street Journal,2021,9,5,93,1,1,1,0
Dine In? Go Out? Learn to Be a Better Covid Risk Manager,The Wall Street Journal,2021,9,5,93,1,1,1,-1
Big European Banks Get Prodded on Climate Promises,The Wall Street Journal,2021,9,5,93,1,1,1,-1
Navy Declares Five Sailors Dead After Helicopter Crash,The Wall Street Journal,2021,9,5,93,1,1,1,-1
TotalEnergies to Invest $27 Billion in Iraq,The Wall Street Journal,2021,9,5,93,1,1,1,0
Search for Yield Leads Bond Buyers to Unrated Debt,The Wall Street Journal,2021,9,5,93,1,1,1,-1
Military Faction Stages Coup in Mineral-Rich Guinea,The Wall Street Journal,2021,9,5,93,1,1,1,-1
We want things to be normal so badly that we’re resorting to magical thinking,The Washington Post,2021,9,7,94,1,0,1,-1
How many Californians does it take to change a governor?,The Washington Post,2021,9,7,94,1,0,1,-1
"From Cradle to Grave, Democrats Move to Expand Social Safety Net",The New York Times,2021,9,7,94,1,0,1,-1
"The Strange Tale of the Freedom Phone, a Smartphone for Conservatives",The New York Times,2021,9,7,94,1,0,1,-1
Palestinian Authority Indicts 14 Security Force Members in Activist’s Death,The New York Times,2021,9,7,94,1,0,1,-1
"On Grand Isle, a Fragile Spot Off Louisiana, Vast Damage",The New York Times,2021,9,7,94,1,0,1,-1
Justice Department Says U.S. Will ‘Protect’ Texas Women Seeking Abortions,The New York Times,2021,9,7,94,1,0,1,0
"For Tribal Members in Oklahoma, Medicaid Expansion Improves Access to Specialty Care",The New York Times,2021,9,7,94,1,0,1,1
Unemployment Benefits Expire for Millions Without Pushback From Biden,The New York Times,2021,9,7,94,1,0,1,1
Covid Medical Bills Are About to Get Bigger,The New York Times,2021,9,7,94,1,0,1,-1
California Bill Could Alter Amazon Labor Practices,The New York Times,2021,9,7,94,1,0,1,-1
"After a Cataclysm, the Nature Lovers in ‘Harrow’ Struggle to Stay Sane",The New York Times,2021,9,7,94,1,0,1,0
Clarissa Ward of CNN Looks Back on the Afghanistan War,The New York Times,2021,9,7,94,1,0,1,1
"Jean-Paul Belmondo, Magnetic Star of the French New Wave, Dies at 88",The New York Times,2021,9,7,94,1,0,1,-1
"Delores Custer, 79, Dies; Gave Star Turns to Cornflakes and Noodles",The New York Times,2021,9,7,94,1,0,1,-1
Stocks Finish Mixed After Long-Weekend Break,The Wall Street Journal,2021,9,7,94,1,1,1,-1
Dallas Fed’s Robert Kaplan Was Active Buyer and Seller of Stocks Last Year,The Wall Street Journal,2021,9,7,94,1,1,1,1
Biden Tours Northeastern States Hammered by Ida,The Wall Street Journal,2021,9,7,94,1,1,1,1
"Firefighters Gain Ground on Caldor Fire, Dixie Fire",The Wall Street Journal,2021,9,7,94,1,1,1,1
Bitcoin Price Tumbles After El Salvador Makes It National Currency,The Wall Street Journal,2021,9,7,94,1,1,1,-1
Texas Governor Signs Divisive Voting Bill Into Law,The Wall Street Journal,2021,9,7,94,1,1,1,-1
Microsoft Start Allows Users to Create Personalized News Feed,The Wall Street Journal,2021,9,7,94,1,1,1,1
Should Ransomware Payments Be Made Illegal?,The Wall Street Journal,2021,9,7,94,1,1,1,-1
BlackRock Raises $1 Billion for First Foreign-Run China Mutual Fund,The Wall Street Journal,2021,9,7,94,1,1,1,0
What Kabul’s Fall Means to the Post-9/11 Generation,The Wall Street Journal,2021,9,7,94,1,1,1,1
Taliban Unveil New Afghan Government,The Wall Street Journal,2021,9,7,94,1,1,1,-1
"The Best Way to Stop Ransomware Attacks: Be Proactive, Not Reactive",The Wall Street Journal,2021,9,7,94,1,1,1,0
Merchants of Death,The Washington Times,2021,9,7,94,1,1,0,-1
"Social Security predicts pandemic birth blip, not birth dearth",The Washington Times,2021,9,7,94,1,1,0,-1
GOP senator: Allies 'shaken to the core' by Afghan withdrawal,The Washington Times,2021,9,7,94,1,1,0,1
United Nations Warns of ‘Catastrophic Pathway’ With Current Climate Pledges,The New York Times,2021,9,18,95,1,0,1,-1
"Why the Empire State Building, and New York, May Never Be the Same",The New York Times,2021,9,18,95,1,0,1,1
Law Enforcement Heightens Security at the Capitol Ahead of Rally,The New York Times,2021,9,18,95,1,0,1,1
Secret Talks and a Hidden Agenda: Behind the U.S. Defense Deal That France Called a ‘Betrayal’,The New York Times,2021,9,18,95,1,0,1,1
Covid Hospitalizations Hit Crisis Levels in Southern I.C.U.s,The New York Times,2021,9,18,95,1,0,1,1
"Ohio House Republican, Calling Trump ‘a Cancer,’ Bows Out of 2022",The New York Times,2021,9,18,95,1,0,1,-1
The Unconventional Weapon Against Future Wildfires: Goats,The New York Times,2021,9,18,95,1,0,1,1
Britain Signals Intent to Revert to the Imperial System,The New York Times,2021,9,18,95,1,0,1,-1
"Tourists Attack N.Y.C. Restaurant Hostess Over Vaccine Proof, Police Say",The New York Times,2021,9,18,95,1,0,1,-1
National Book Awards Announces Its 2021 Nominees,The New York Times,2021,9,18,95,1,0,1,1
Sequoias Are Being Wrapped in Special Foil to Protect Them From Fires,The New York Times,2021,9,18,95,1,0,1,0
A new study suggests that children’s eyesight may have worsened during lockdown.,The New York Times,2021,9,18,95,1,0,1,-1
"Ralph Irizarry, Innovative Latin Percussionist, Dies at 67",The New York Times,2021,9,18,95,1,0,1,0
"Ruly Carpenter, 81, Dies; Owned the Phillies’ First Championship Team",The New York Times,2021,9,18,95,1,0,1,1
The Endless Facebook Apology,The New York Times,2021,9,18,95,1,0,1,-1
Haitian Migrants Under Texas Bridge to Be Flown Back to Haiti,The Wall Street Journal,2021,9,18,95,1,1,1,-1
Durham Cracks the Russia Case,The Wall Street Journal,2021,9,18,95,1,1,1,-1
He Found His Classic Dodge With an Assist From Jay Leno,The Wall Street Journal,2021,9,18,95,1,1,1,1
Rally for Jan. 6 Capitol Rioters Smaller Than Expected,The Wall Street Journal,2021,9,18,95,1,1,1,-1
"West Virginia Was a Vaccine Success Story, but Cases Are Surging",The Wall Street Journal,2021,9,18,95,1,1,1,1
"When to Buy Now, Pay Later, and When to Just Pay Now",The Wall Street Journal,2021,9,18,95,1,1,1,-1
Rudy Giuliani’s Request for Evidence Seized by FBI Is Denied,The Wall Street Journal,2021,9,18,95,1,1,1,-1
Biden Administration Sends More Agents to Texas Bridge,The Wall Street Journal,2021,9,18,95,1,1,1,-1
Beijing’s Debt Clampdown Shakes Real-Estate Giant,The Wall Street Journal,2021,9,18,95,1,1,1,-1
A Daunting Promotion Gave This Finance Executive Confidence to Launch His Own Company,The Wall Street Journal,2021,9,18,95,1,1,1,1
SpaceX Returns Private Astronauts to Earth After Three Days in Orbit,The Wall Street Journal,2021,9,18,95,1,1,1,1
An NFL Trainer’s Knee Maintenance Program for All,The Wall Street Journal,2021,9,18,95,1,1,1,1
"In Russia’s Election, Putin’s Opponents Are Seeing Double",The Wall Street Journal,2021,9,18,95,1,1,1,-1
New Research Busts Popular Myths About Innovation,The Wall Street Journal,2021,9,18,95,1,1,1,1
"Banks Strike Back, but Returns Remain Strong With Fintech",The Wall Street Journal,2021,9,18,95,1,1,1,1
"Facing Criminal Inquiry, Austrian Chancellor Sebastian Kurz Resigns",The New York Times,2021,10,10,96,1,0,1,-1
"After Denying Care to Black Natives, Indian Health Service Reverses Policy",The New York Times,2021,10,10,96,1,0,1,-1
"Attack on Teacher May Have Been Inspired by Social Media Challenge, Police Say",The New York Times,2021,10,10,96,1,0,1,-1
Apple Appeals App Store Ruling in Fight With Epic Games,The New York Times,2021,10,10,96,1,0,1,-1
Atlanta Beats the Brewers at Their Own Game,The New York Times,2021,10,10,96,1,0,1,1
Fernandez Moves On and Raducanu Returns to Tennis Reality at Indian Wells,The New York Times,2021,10,10,96,1,0,1,1
Jenny Saville’s Nudes Bring Renaissance Masters Down to Earth,The New York Times,2021,10,10,96,1,0,1,1
Serial Killer Gets 160 Years After Victim’s Sister and Friends Help Solve Case,The New York Times,2021,10,10,96,1,0,1,1
‘A Safe Space’: Black Pastors Promote Vaccinations from the Pulpit,The New York Times,2021,10,10,96,1,0,1,1
The Real Trials of a ‘Real Housewife’,The New York Times,2021,10,10,96,1,0,1,1
Homer Simpson Was Made for Fashion,The New York Times,2021,10,10,96,1,0,1,1
"First, Impressive Vaccines for Covid. Next Up: The Flu.",The New York Times,2021,10,10,96,1,0,1,-1
"Can You Renovate a Rental? Sure, if You’re Careful.",The New York Times,2021,10,10,96,1,0,1,1
"Abolhassan Bani-Sadr, Former Iranian President, Dies at 88",The New York Times,2021,10,10,96,1,0,1,-1
Stop the Debt Ceiling Nonsense,The New York Times,2021,10,10,96,1,0,1,0
The Nobel Prize in Obscure Literature,The Wall Street Journal,2021,10,10,96,1,1,1,0
"Soaring Energy Prices Raise Concerns About U.S. Inflation, Economy",The Wall Street Journal,2021,10,10,96,1,1,1,1
Europe’s Complacency Heightens the China Challenge,The Wall Street Journal,2021,10,10,96,1,1,1,0
Jacob Blake Shooting: What We Know About the Shooting in Kenosha,The Wall Street Journal,2021,10,10,96,1,1,1,1
"A Pro Tip for Work: Write the Email Now, Send Later",The Wall Street Journal,2021,10,10,96,1,1,1,-1
Iraqi Election Could Shape Future for U.S. Troop Presence,The Wall Street Journal,2021,10,10,96,1,1,1,0
Czech Prime Minister Loses His Bid for Re-Election,The Wall Street Journal,2021,10,10,96,1,1,1,-1
Jon Gruden Is Coaching While the NFL Weighs Discipline for Racially Disparaging Email,The Wall Street Journal,2021,10,10,96,1,1,1,-1
"Can Your Career Help Change the World? You Have 80,000 Hours to Try.",The Wall Street Journal,2021,10,10,96,1,1,1,1
Who Slowed Merck’s Covid Remedy?,The Wall Street Journal,2021,10,10,96,1,1,1,0
Sanders Frustrated With Centrists in Spending Talks,The Wall Street Journal,2021,10,10,96,1,1,1,-1
SEC Digs Deeper Into Companies’ EPS Manipulation,The Wall Street Journal,2021,10,10,96,1,1,1,-1
Mr. Peretz Takes a Swipe at Orthodox Jews,The Wall Street Journal,2021,10,10,96,1,1,1,-1
Big U.S. Retailers Charter Private Cargo Ships Amid Port Delays,The Wall Street Journal,2021,10,10,96,1,1,1,-1
"Navy Staffer, Wife Tried to Pass Secrets, U.S. Alleges",The Wall Street Journal,2021,10,10,96,1,1,1,-1
"Stephen Sweeney, N.J. Senate President, Loses to Republican Truck Driver",The New York Times,2021,11,5,97,1,0,1,-1
Ancient History Shows How We Can Create a More Equal World,The New York Times,2021,11,5,97,1,0,1,1
Israel Approves First State Budget in More Than 3 Years,The New York Times,2021,11,5,97,1,0,1,1
A.N.C. Suffers Worst Election Setback Since End of Apartheid,The New York Times,2021,11,5,97,1,0,1,-1
"In Florida, a Firestorm Over Silenced University Professors Grows",The New York Times,2021,11,5,97,1,0,1,-1
Justice Dept. Sues Texas Over Voting Restrictions,The New York Times,2021,11,5,97,1,0,1,-1
"In a ‘Workers Economy,’ Who Really Holds the Cards?",The New York Times,2021,11,5,97,1,0,1,-1
Facebook Faces New Antitrust Lawsuit,The New York Times,2021,11,5,97,1,0,1,-1
What to Know About the Robert Sarver Racism and Sexism Allegations,The New York Times,2021,11,5,97,1,0,1,0
‘Dexter’ and the Shows That Wouldn’t Die,The New York Times,2021,11,5,97,1,0,1,1
New Museum Triennial Explores the Hidden Strengths of Soft Power,The New York Times,2021,11,5,97,1,0,1,1
Over 40 Countries Pledge at U.N. Climate Summit to End Use of Coal Power,The New York Times,2021,11,5,97,1,0,1,1
"Nelson Freire, Piano Virtuoso of Warmth and Finesse, Dies at 77",The New York Times,2021,11,5,97,1,0,1,1
"Pamela McCorduck, Historian of Artificial Intelligence, Dies at 80",The New York Times,2021,11,5,97,1,0,1,-1
"Democrats, It’s Time to Get Moving",The New York Times,2021,11,5,97,1,0,1,-1
Judge Approves Request to Revamp Rogers Communications Board,The Wall Street Journal,2021,11,5,97,1,1,1,1
University of Florida Professors Allege School Leaders Violated First Amendment Rights,The Wall Street Journal,2021,11,5,97,1,1,1,-1
New York City Marathon App Embraces Hybrid,The Wall Street Journal,2021,11,5,97,1,1,1,1
The ‘Hilarious’ Unreality of Bidenomics,The Wall Street Journal,2021,11,5,97,1,1,1,1
Igor Danchenko Charged With Lying in Trump Dossier Probe,The Wall Street Journal,2021,11,5,97,1,1,1,-1
How AI Will Make Your Doctor Smarter,The Wall Street Journal,2021,11,5,97,1,1,1,-1
New Yorkers Reject Schumer’s Voting Ideas,The Wall Street Journal,2021,11,5,97,1,1,1,-1
States Sue to Stop Biden Vaccine Mandate,The Wall Street Journal,2021,11,5,97,1,1,1,-1
Appeals Court Reinstates Convictions of Platinum Partners Executives,The Wall Street Journal,2021,11,5,97,1,1,1,-1
EXCLUSIVE: 'It's a death trap': ICE officers file OSHA complaint over illegal immigrant COVID risks,The Washington Times,2021,11,5,97,1,1,0,0
"Lerners, Nationals can't afford to waste another year with Soto",The Washington Times,2021,11,5,97,1,1,0,-1
"Justice Department sues Texas, says state's overhaul of voting laws violates Civil Rights Act",The Washington Times,2021,11,5,97,1,1,0,-1
China upholding Iranian regime with oil purchases,The Washington Times,2021,11,5,97,1,1,0,-1
"Half of Americans burned out by screens, turn to podcasts: study",The Washington Times,2021,11,5,97,1,1,0,-1
Roku says purge of 'non-certified' content goes beyond porn,The Washington Times,2021,11,5,97,1,1,0,-1
Rittenhouse didn’t have to prove he acted in self-defense,The Washington Post,2021,11,16,98,1,0,1,-1
Some horror movies take a new approach to disability: Fetishizing deafness,The Washington Post,2021,11,16,98,1,0,1,-1
"A Young Syrian Is Buried, as E.U. Foreign Ministers Meet on Belarus",The New York Times,2021,11,16,98,1,0,1,-1
Four Lives Lost: Inside America’s Homicide Surge,The New York Times,2021,11,16,98,1,0,1,1
Biden to Bar New Drilling Around a Major Native American Cultural Site,The New York Times,2021,11,16,98,1,0,1,1
Blue-Chip Art From Bitter Macklowe Divorce Brings $676 Million at Sotheby’s,The New York Times,2021,11,16,98,1,0,1,-1
"Shell proposes a shift to Britain, dropping ‘Royal Dutch’ from its name.",The New York Times,2021,11,16,98,1,0,1,-1
The Whirlwind of a Rising Daniil Medvedev,The New York Times,2021,11,16,98,1,0,1,1
Taylor Swift’s ‘All Too Well’ and the Weaponization of Memory,The New York Times,2021,11,16,98,1,0,1,1
What’s the Future of Outdoor Dining in New York?,The New York Times,2021,11,16,98,1,0,1,1
Dr. Becky Doesn’t Think the Goal of Parenting Is to Make Your Kid Happy,The New York Times,2021,11,16,98,1,0,1,-1
Why Don’t We Have a Covid Vaccine for Pets?,The New York Times,2021,11,16,98,1,0,1,-1
"‘They See Us as the Enemy’: School Nurses Battle Covid-19, and Angry Parents",The New York Times,2021,11,16,98,1,0,1,0
I Have to Believe This Book Cured My Pain,The New York Times,2021,11,16,98,1,0,1,1
Forget Amazon. The Best Gifts Are Closer Than You Think.,The New York Times,2021,11,16,98,1,0,1,0
"Bitcoin Briefly Drops Below $60,000 as Strong Dollar Weighs on Crypto",The Wall Street Journal,2021,11,16,98,1,1,1,-1
The Hunt for Red October at the Breakfast Table,The Wall Street Journal,2021,11,16,98,1,1,1,1
Son of Former Panama President Plans to Plead Guilty in Odebrecht Bribery Case,The Wall Street Journal,2021,11,16,98,1,1,1,-1
Andrew Cuomo Faces Possible Sanctions Over Book Deal,The Wall Street Journal,2021,11,16,98,1,1,1,-1
Vladimir Putin’s Space Front,The Wall Street Journal,2021,11,16,98,1,1,1,0
Rogers to Replace CEO Joe Natale After Board Fight,The Wall Street Journal,2021,11,16,98,1,1,1,1
‘The Mighty Underdogs’ Review: Playing With the Big Dogs,The Wall Street Journal,2021,11,16,98,1,1,1,1
Electric-Car Startup Lucid Overtakes Ford in Market Value,The Wall Street Journal,2021,11,16,98,1,1,1,0
Biden Hits Road to Promote Infrastructure Law as Democrats Debate Spending Plans,The Wall Street Journal,2021,11,16,98,1,1,1,1
A Housing Gift for Beverly Hills,The Wall Street Journal,2021,11,16,98,1,1,1,1
Belarus back in spotlight with manufactured border crisis,The Washington Times,2021,11,16,98,1,1,0,1
Biden's $390 billion universal preschool plan based on troubled Head Start program,The Washington Times,2021,11,16,98,1,1,0,-1
Border chaos continues in October with record-setting arrests,The Washington Times,2021,11,16,98,1,1,0,1
"China, Russia used pandemic disinformation to undermine U.S., report says",The Washington Times,2021,11,16,98,1,1,0,-1
White House skips introduction of 'key partner' Harris at bill signing,The Washington Times,2021,11,16,98,1,1,0,-1
Abortion pills by mail are safe. The FDA finally acknowledged it.,The Washington Post,2021,12,20,99,1,0,1,0
"Manchin Pulls Support From Biden’s Social Policy Bill, Imperiling Its Passage",The New York Times,2021,12,20,99,1,0,1,1
"He Made the ‘Worst Landlords’ List, but New York Relies on Him",The New York Times,2021,12,20,99,1,0,1,-1
"In Fight Against Violence, Asian and Black Activists Struggle to Agree",The New York Times,2021,12,20,99,1,0,1,1
Millions Sign Petition to Reduce 110-Year Sentence for Trucker in Deadly Crash,The New York Times,2021,12,20,99,1,0,1,-1
The Path Ahead for Biden: Overcome Manchin’s Inflation Fears,The New York Times,2021,12,20,99,1,0,1,1
"Manchin Rejects Landmark Legislation, Putting Biden’s Climate Goals at Risk",The New York Times,2021,12,20,99,1,0,1,-1
Whiplash on U.S. Vaccine Mandate Leaves Employers ‘Totally Confused’,The New York Times,2021,12,20,99,1,0,1,-1
Zegna’s I.P.O. Path Raises Question: Is This the Next Big Fashion Trend?,The New York Times,2021,12,20,99,1,0,1,0
"Chinese Tennis Player Denies Sexual Abuse Claim, Raising More Questions",The New York Times,2021,12,20,99,1,0,1,-1
"Charlie Woods Dazzles While Tiger, in Return, Grimaces and Grinds",The New York Times,2021,12,20,99,1,0,1,-1
Jake Paul Calls Out U.F.C. Fighters After Latest Boxing Win,The New York Times,2021,12,20,99,1,0,1,0
Is That Sniffle a Cold? Or Is It Covid?,The New York Times,2021,12,20,99,1,0,1,-1
‘Spider-Man: No Way Home’ Ensnares Audiences and Refills Studio Coffers,The New York Times,2021,12,20,99,1,0,1,1
Doctors Often Prescribe Placebos. But How Well Do They Work?,The New York Times,2021,12,20,99,1,0,1,1
‘The Worst 72 Hours’: How the NFL Navigated a Covid Minefield,The Wall Street Journal,2021,12,20,99,1,1,1,-1
"I Knew Better, but I Bought Tesla Stock",The Wall Street Journal,2021,12,20,99,1,1,1,-1
An Ordinary Joe’s Christmas,The Wall Street Journal,2021,12,20,99,1,1,1,1
Nike’s Supply Crunch Stunts Growth Again,The Wall Street Journal,2021,12,20,99,1,1,1,-1
Businesses Seek to Delay Tax Rise That Funds Biden Spending Plan,The Wall Street Journal,2021,12,20,99,1,1,1,-1
A Dirge for the Witty Ditty,The Wall Street Journal,2021,12,20,99,1,1,1,1
Omicron Tracking in U.S. Is Hindered by Data Gaps,The Wall Street Journal,2021,12,20,99,1,1,1,-1
Schumer Plans Build Back Better Vote Next Year,The Wall Street Journal,2021,12,20,99,1,1,1,-1
The Supreme Court’s Covid Vaccine Test,The Wall Street Journal,2021,12,20,99,1,1,1,-1
"Dow, Oil Prices Fall on New Covid-19 Curbs",The Wall Street Journal,2021,12,20,99,1,1,1,-1
Trump demands China pay $60T in 'reparations' for pandemic,The Washington Times,2021,12,20,99,1,1,0,-1
Favoring seniors over children,The Washington Times,2021,12,20,99,1,1,0,0
"Allen, Sweat among Washington players cleared for Tuesday",The Washington Times,2021,12,20,99,1,1,0,0
"We need solid policies, and thoughtful leaders",The Washington Times,2021,12,20,99,1,1,0,1
Elizabeth Warren tests positive for COVID-19,The Washington Times,2021,12,20,99,1,1,0,-1
