Headline,Source,Year,Month,Day,Date_id,Pre-Covid,Bias,Cred,Sentiment
"The Trump Effect: Business, Anticipating Less Regulation, Loosens Purse Strings",The New York Times,2018,1,2,0,0,0,0,-1
Kim Jong-un’s Overture Could Drive a Wedge Between South Korea and the U.S.,The New York Times,2018,1,2,0,0,0,0,0
Peter Martins Retires From New York City Ballet After Misconduct Allegations,The New York Times,2018,1,2,0,0,0,0,-1
"With Disney Deal Looming, Murdoch’s Empire Is Fractured",The New York Times,2018,1,2,0,0,0,0,-1
A Note From Our New Publisher,The New York Times,2018,1,2,0,0,0,0,0
"Turtle Treadmills, a Novel Test for Stamina",The New York Times,2018,1,2,0,0,0,0,1
Emboldened Israeli Right Presses Moves to Doom 2-State Solution,The New York Times,2018,1,2,0,0,0,0,-1
Deadly Iran Protests Prompt Warning of Harsher Response,The New York Times,2018,1,2,0,0,0,0,-1
Renewal or Gentrification? London Borough Grapples With a Revamp,The New York Times,2018,1,2,0,0,0,0,-1
2 American Families Are Mourned After Plane Crash in Costa Rica,The New York Times,2018,1,2,0,0,0,0,1
The Hunt for ‘Fire Cats’ Amid Northern California Ashes,The New York Times,2018,1,2,0,0,0,0,-1
"Gretchen Carlson, Miss America 1989, Is Picked to Lead Pageant",The New York Times,2018,1,2,0,0,0,0,1
"Pulled Over in a Rental Car, With Heroin in the Trunk",The New York Times,2018,1,2,0,0,0,0,-1
Recreational Pot Is Officially Legal in California,The New York Times,2018,1,2,0,0,0,0,1
"‘Fake News’: Wide Reach but Little Impact, Study Suggests",The New York Times,2018,1,2,0,0,0,0,-1
"Fighting Climate Change, One Laundry Load at a Time",The New York Times,2018,1,2,0,0,0,0,0
Why the U.S. Spends So Much More Than Other Nations on Health Care,The New York Times,2018,1,2,0,0,0,0,-1
Toasts to the Deals (and Other Winners) of 2017,The New York Times,2018,1,2,0,0,0,0,1
How Antivirus Software Can Be Turned Into a Tool for Spying,The New York Times,2018,1,2,0,0,0,0,-1
Those Seatback Screens on Planes Are Starting to Disappear,The New York Times,2018,1,2,0,0,0,0,-1
Why Are All Our Words in Bubbles?,The New York Times,2018,1,2,0,0,0,0,-1
Alabama Beats Clemson to Set Up All-S.E.C. Championship Game,The New York Times,2018,1,2,0,0,0,0,1
College Football Playoff: Georgia Outlasts Oklahoma in Rose Bowl,The New York Times,2018,1,2,0,0,0,0,1
National Anthem Protests Sidelined by Ambiguity,The New York Times,2018,1,2,0,0,0,0,-1
Powerful Hollywood Women Unveil Anti-Harassment Action Plan,The New York Times,2018,1,2,0,0,0,0,1
Review: The Met Opera’s ‘Tosca’ Overcomes Months of Chaos,The New York Times,2018,1,2,0,0,0,0,1
How Astrology Took Over the Internet,The New York Times,2018,1,2,0,0,0,0,0
"In Chilly Start to 2nd Term, Mayor Looks Beyond New York",The New York Times,2018,1,2,0,0,0,0,-1
"Teterboro Airport: Steeped in Glamour, History and Noise",The New York Times,2018,1,2,0,0,0,0,1
Conquering Her Mobility Obstacles With an Upbeat Attitude,The New York Times,2018,1,2,0,0,0,0,1
"To Sate China’s Demand, African Donkeys Are Stolen and Skinned",The New York Times,2018,1,2,0,0,0,0,-1
U.F.O.s: Is This All There Is?,The New York Times,2018,1,2,0,0,0,0,-1
Beach Crawling Doesn’t Tire Out Baby Sea Turtles,The New York Times,2018,1,2,0,0,0,0,1
"Calestous Juma, 64, Dies; Sought Innovation in African Agriculture",The New York Times,2018,1,2,0,0,0,0,-1
"Maura Jacobson, Creator of Witty Crosswords, Dies at 91",The New York Times,2018,1,2,0,0,0,0,-1
‘A New Progressive Era’ in New York City,The New York Times,2018,1,2,0,0,0,0,1
Can the Economy Keep Calm and Carry On?,The New York Times,2018,1,2,0,0,0,0,0
The Retreat to Tribalism,The New York Times,2018,1,2,0,0,0,0,-1
States Pay the Price When You Buy Online,The New York Times,2018,1,2,0,0,0,0,0
"Trump Administration Says That Nearly 200,000 Salvadorans Must Leave",The New York Times,2018,1,9,1,0,0,0,-1
Fusion GPS Founder Hauled From the Shadows for the Russia Election Investigation,The New York Times,2018,1,9,1,0,0,0,-1
Oprah 2020? Democrats Swing From Giddy to Skeptical at the Prospect,The New York Times,2018,1,9,1,0,0,0,-1
"At J.F.K. Airport, the Planes Just Wouldn’t Stop Coming",The New York Times,2018,1,9,1,0,0,0,-1
"Oprah, Don’t Do It",The New York Times,2018,1,9,1,0,0,0,-1
Nigerian Migrants Get a Welcome Home. Jobs Are Another Story.,The New York Times,2018,1,9,1,0,0,0,1
A Visa-Free Zone Welcomes Your Wallet. But Maybe Not Your Beard.,The New York Times,2018,1,9,1,0,0,0,-1
"North Korea to Send Olympic Athletes to South Korea, in Breakthrough",The New York Times,2018,1,9,1,0,0,0,1
These Billion-Dollar Natural Disasters Set a U.S. Record in 2017,The New York Times,2018,1,9,1,0,0,0,0
Charges Against Bundys in Ranch Standoff Case Are Dismissed,The New York Times,2018,1,9,1,0,0,0,0
Awkward: Brownback Said He Was Leaving as Kansas Governor. He Hasn’t.,The New York Times,2018,1,9,1,0,0,0,-1
Mueller Interview With Trump Is Said to Be Likely,The New York Times,2018,1,9,1,0,0,0,0
"To Pay for Wall, Trump Would Cut Proven Border Security Measures",The New York Times,2018,1,9,1,0,0,0,-1
Strong Economies Lift Presidents. Trump Seems an Exception.,The New York Times,2018,1,9,1,0,0,0,1
Tech Backlash Grows as Investors Press Apple to Act on Children’s Use,The New York Times,2018,1,9,1,0,0,0,-1
"Tax Law May Send Factories and Jobs Abroad, Critics Say",The New York Times,2018,1,9,1,0,0,0,-1
Amway Made China a Billion-Dollar Market. Now It Faces a Crackdown.,The New York Times,2018,1,9,1,0,0,0,-1
Condé Nast Chooses a Digital-First Editor to Run Glamour,The New York Times,2018,1,9,1,0,0,0,-1
Toymaker VTech Settles Charges of Violating Child Privacy Law,The New York Times,2018,1,9,1,0,0,0,-1
Apple Investors Warn iPhones and Other Technology May Be Hurting Children,The New York Times,2018,1,9,1,0,0,0,-1
"How Alabama Won the National Championship, Drive by Drive",The New York Times,2018,1,9,1,0,0,0,1
"After Pledging Reform, FIFA Pays Millions to Ruling Council",The New York Times,2018,1,9,1,0,0,0,0
"A Hoya Again, Patrick Ewing Learns Value of Knowing When to Pivot",The New York Times,2018,1,9,1,0,0,0,1
"After Globes, Women Declare Success. But What About the Men?",The New York Times,2018,1,9,1,0,0,0,0
What Politicians Could Learn From Oprah Winfrey,The New York Times,2018,1,9,1,0,0,0,1
A Mega-Dealer Expands: David Zwirner Plans a New Art Gallery,The New York Times,2018,1,9,1,0,0,0,1
"In Deepest Cold, a Subway Car Becomes the Shelter of Last Resort",The New York Times,2018,1,9,1,0,0,0,-1
Fraternity Is Banned From Pennsylvania After Student’s Hazing Death,The New York Times,2018,1,9,1,0,0,0,-1
"Making a Home Her Own, and a Refuge for Others",The New York Times,2018,1,9,1,0,0,0,1
Brain Surgery in 3-D: Coming Soon to the Operating Theater,The New York Times,2018,1,9,1,0,0,0,1
"In Africa, Geneticists Are Hunting Poachers",The New York Times,2018,1,9,1,0,0,0,-1
"W.H.O. Approves a Safe, Inexpensive Typhoid Vaccine",The New York Times,2018,1,9,1,0,0,0,1
"Alan Sagner, Who Revitalized the Port Authority, Dies at 97",The New York Times,2018,1,9,1,0,0,0,-1
"Ray Thomas, Founding Member of the Moody Blues, Dies at 76",The New York Times,2018,1,9,1,0,0,0,-1
Tim Rollins Dies at 62; Turned Bronx Teenagers Into Art Stars,The New York Times,2018,1,9,1,0,0,0,-1
Republicans in Congress Are Failing America’s Children,The New York Times,2018,1,9,1,0,0,0,-1
What the President Doesn’t Get About Dogs,The New York Times,2018,1,9,1,0,0,0,0
We’re Not Ready for a Flu Pandemic,The New York Times,2018,1,9,1,0,0,0,-1
The Decline of Anti-Trumpism,The New York Times,2018,1,9,1,0,0,0,-1
Senate Leaders Reach Budget Deal to Raise Spending Over Two Years,The New York Times,2018,2,8,2,0,0,0,1
"Rob Porter, White House Aide, Resigns After Accusations of Abuse",The New York Times,2018,2,8,2,0,0,0,-1
"Angela Merkel Strikes New Deal With Old Partners, at a High Cost",The New York Times,2018,2,8,2,0,0,0,1
"In Sweeping War on Obesity, Chile Slays Tony the Tiger",The New York Times,2018,2,8,2,0,0,0,0
It’s Time for an Immigration Enchilada,The New York Times,2018,2,8,2,0,0,0,0
What Kind of Parade Does Trump Want?,The New York Times,2018,2,8,2,0,0,0,-1
Pelosi Stands Up for ‘Dreamers’,The New York Times,2018,2,8,2,0,0,0,1
Analyzing North Korea’s Parade Plans,The New York Times,2018,2,8,2,0,0,0,0
"On Northern Syria Front Line, U.S. and Turkey Head Into Tense Face-off",The New York Times,2018,2,8,2,0,0,0,-1
"Taiwan Earthquake Toll Rises to 9 Dead, With Dozens Missing",The New York Times,2018,2,8,2,0,0,0,-1
"‘Cheddar Man,’ Britain’s Oldest Skeleton, Had Dark Skin, DNA Shows",The New York Times,2018,2,8,2,0,0,0,-1
Trump Wants a Military Parade. But Not Everyone Is in Step.,The New York Times,2018,2,8,2,0,0,0,-1
"Muhiyidin Moye, Black Lives Matter Activist, Is Shot and Killed in New Orleans",The New York Times,2018,2,8,2,0,0,0,-1
"Pence, Returning to Tough Stance on North Korea, Announces New Sanctions",The New York Times,2018,2,8,2,0,0,0,-1
Pelosi Held House Floor in Advocacy of ‘Dreamers’ for More Than 8 Hours,The New York Times,2018,2,8,2,0,0,0,1
"Evangelicals, Having Backed Trump, Find White House ‘Front Door Is Open’",The New York Times,2018,2,8,2,0,0,0,-1
"He’s a Nazi, Republicans Warn, but He’s Their Likely Nominee for Congress",The New York Times,2018,2,8,2,0,0,0,-1
"Without Steve Wynn, Casino Empire Risks Losing More Than a Name",The New York Times,2018,2,8,2,0,0,0,-1
"For Korea Inc., Money and Politics Make an Awkward Olympics",The New York Times,2018,2,8,2,0,0,0,-1
"For Millennial Investors, a Harsh Lesson in Market Gyrations",The New York Times,2018,2,8,2,0,0,0,-1
"In ‘Brotopia,’ Silicon Valley Disrupts Everything but the Boys’ Club",The New York Times,2018,2,8,2,0,0,0,0
$2.4 Billion Deal for Chelsea Market Enlarges Google’s New York Footprint,The New York Times,2018,2,8,2,0,0,0,1
"At 11th Hour, Status of Russian Olympians Remains Uncertain",The New York Times,2018,2,8,2,0,0,0,-1
Success of Russia’s Female Figure Skaters Takes a Toll in Injuries and Stress,The New York Times,2018,2,8,2,0,0,0,1
Curious About the Lives of North Korea’s Isolated Athletes? Here’s a Glimpse,The New York Times,2018,2,8,2,0,0,0,1
Plagiarism Software Unveils a New Source for 11 of Shakespeare’s Plays,The New York Times,2018,2,8,2,0,0,0,-1
How Did ‘The Shape of Water’ Become the Film to Beat at the Oscars?,The New York Times,2018,2,8,2,0,0,0,-1
A K-Pop Primer for Olympic Listening,The New York Times,2018,2,8,2,0,0,0,1
"The Subway Is Being Fixed, but Can Riders Tell?",The New York Times,2018,2,8,2,0,0,0,-1
Turnstile Jumping Pits de Blasio Against Police Reformers,The New York Times,2018,2,8,2,0,0,0,-1
"Archbishop Sheen’s Body to Stay in New York, for Now",The New York Times,2018,2,8,2,0,0,0,1
Tronc Sells The Los Angeles Times to Local Billionaire for $500 Million,The New York Times,2018,2,8,2,0,0,0,-1
"In Los Angeles, a Billionaire Doctor Takes On an Ailing Newspaper",The New York Times,2018,2,8,2,0,0,0,-1
A Crazy Idea for Funding Local News: Charge People for It,The New York Times,2018,2,8,2,0,0,0,-1
They Only Look Casual,The New York Times,2018,2,8,2,0,0,0,-1
‘I Try Not to Look as if I’m Trying Too Hard’,The New York Times,2018,2,8,2,0,0,0,-1
When the Fashion Cycle Meets the Cycle of Life,The New York Times,2018,2,8,2,0,0,0,1
"Joseph Polchinski, 63, Leading Theorist on Multiple Universes, Dies",The New York Times,2018,2,8,2,0,0,0,-1
"Claribel Alegría, 93, Poet for Central America’s Voiceless, Dies",The New York Times,2018,2,8,2,0,0,0,-1
"Dr. Victor Sidel, Public Health Champion, Is Dead at 86",The New York Times,2018,2,8,2,0,0,0,-1
Trump’s Backward View of Immigration,The New York Times,2018,2,8,2,0,0,0,-1
Trump Wants a Big Parade. It Would Be a Big Mistake.,The New York Times,2018,2,8,2,0,0,0,-1
Baquer Namazi Shouldn’t Have to Die in an Iranian Prison,The New York Times,2018,2,8,2,0,0,0,1
Don’t Give Up on the International Space Station,The New York Times,2018,2,8,2,0,0,0,1
Trump’s Worst Watcher,The New York Times,2018,2,8,2,0,0,0,-1
"President Trump, if You’re Innocent, Why Act So Guilty?",The New York Times,2018,2,8,2,0,0,0,-1
"In Replacing Tillerson With Pompeo, Trump Turns to Loyalists Who Reflect ‘America First’ Views",The New York Times,2018,3,14,3,0,0,0,-1
"Gina Haspel, Trump’s Choice for C.I.A., Played Role in Torture Program",The New York Times,2018,3,14,3,0,0,0,-1
"Joseph Percoco, Ex-Cuomo Aide, Found Guilty in Corruption Trial",The New York Times,2018,3,14,3,0,0,0,-1
"As Putin’s Opponents Flocked to London, His Spies Followed",The New York Times,2018,3,14,3,0,0,0,-1
Samantha Power: How Mike Pompeo Could Save the State Department,The New York Times,2018,3,14,3,0,0,0,1
Why Trump Chose Mike Pompeo,The New York Times,2018,3,14,3,0,0,0,-1
The Story of an Afghan Baby Named Donald Trump,The New York Times,2018,3,14,3,0,0,0,0
Japan Fears Being Left Behind by Trump’s Talks With Kim Jong-un,The New York Times,2018,3,14,3,0,0,0,-1
Toxic Tea and Other Tales From an English Tree War,The New York Times,2018,3,14,3,0,0,0,-1
Explosions Rattle Austin as Calls About Suspicious Packages Mount,The New York Times,2018,3,14,3,0,0,0,-1
Florida Will Seek Execution of Nikolas Cruz in Parkland Shooting Trial,The New York Times,2018,3,14,3,0,0,0,-1
How Young Is Too Young for Protest? A National Gun-Violence Walkout Tests Schools,The New York Times,2018,3,14,3,0,0,0,-1
"No Result Yet in Pennsylvania House Race, but Democrat Declares Victory",The New York Times,2018,3,14,3,0,0,0,1
Trump Finds Unlikely Culprit in School Shootings: Obama Discipline Policies,The New York Times,2018,3,14,3,0,0,0,-1
"In California, Trump Attacks Jerry Brown and ‘Sanctuary Policies’",The New York Times,2018,3,14,3,0,0,0,-1
Trump’s Killing of Chip Deal Pushes Protectionism as It Invokes Security,The New York Times,2018,3,14,3,0,0,0,1
"Trade Wars Can Be a Game of Chicken. Sometimes, Literally.",The New York Times,2018,3,14,3,0,0,0,-1
Reese Witherspoon and Nicole Kidman Benefit From the Streaming Wars,The New York Times,2018,3,14,3,0,0,0,0
Google’s Security Sweep for Apps,The New York Times,2018,3,14,3,0,0,0,0
"Even With Takeover Bid Blocked, Qualcomm ‘Is in a Tight Spot’",The New York Times,2018,3,14,3,0,0,0,0
Madison Square Garden Has Used Face-Scanning Technology on Customers,The New York Times,2018,3,14,3,0,0,0,1
The Nun in Loyola-Chicago’s Huddle Has a Few Things to Say,The New York Times,2018,3,14,3,0,0,0,1
Ice Cube Fires Big3 League’s Commissioner Amid Scandal,The New York Times,2018,3,14,3,0,0,0,-1
"Damien Hirst’s Post-Venice, Post-Truth World",The New York Times,2018,3,14,3,0,0,0,1
Three Views of the Crisis in Women’s Health,The New York Times,2018,3,14,3,0,0,0,1
"With James Levine Fired, Should We Rethink Maestro Worship?",The New York Times,2018,3,14,3,0,0,0,-1
"After Fatal Helicopter Crash, ‘Urgent’ Focus on Use of Harnesses",The New York Times,2018,3,14,3,0,0,0,1
Murphy’s First Budget Is Focused on Progressive Policies and New Taxes,The New York Times,2018,3,14,3,0,0,0,1
"M.T.A. Violated Law Omitting Elevators in Station Upgrade, Prosecutors Say",The New York Times,2018,3,14,3,0,0,0,-1
"Sala Kirschner, 94, Whose Trove of Letters Told of the Holocaust, Dies",The New York Times,2018,3,14,3,0,0,0,-1
"Ken Dodd, Veteran British Comedian, Is Dead at 90",The New York Times,2018,3,14,3,0,0,0,-1
"Oskar Gröning, the ‘Bookkeeper of Auschwitz,’ Is Dead at 96",The New York Times,2018,3,14,3,0,0,0,-1
Trump May Make America Miss Rex Tillerson,The New York Times,2018,3,14,3,0,0,0,-1
Having a Torturer Lead the C.I.A.,The New York Times,2018,3,14,3,0,0,0,-1
"Dear National Rifle Association: We Won’t Let You Win. From, Teenagers.",The New York Times,2018,3,14,3,0,0,0,-1
Where Does Mike Pompeo Stand on the Issues? Too Close to Trump,The New York Times,2018,3,14,3,0,0,0,-1
Turning Back the Clock on Protecting Alaska’s Wild Lands,The New York Times,2018,3,14,3,0,0,0,-1
F.B.I. Raids Office of Trump’s Longtime Lawyer Michael Cohen; Trump Calls It ‘Disgraceful’,The New York Times,2018,4,10,4,0,0,0,-1
"Mueller Investigating Ukrainian’s $150,000 Payment for a Trump Appearance",The New York Times,2018,4,10,4,0,0,0,-1
"After Chemical Weapons Attack in Syria, Trump Weighs Retaliation",The New York Times,2018,4,10,4,0,0,0,-1
"Year of the Woman? In Arizona, It’s Women, Plural, and It’s Both Parties",The New York Times,2018,4,10,4,0,0,0,1
Does Facebook Know You Better Than You Do?,The New York Times,2018,4,10,4,0,0,0,-1
Trump Calls Syrian Chemical Attack ‘Atrocious’,The New York Times,2018,4,10,4,0,0,0,-1
Israel Suspected of Striking Syrian Air Base,The New York Times,2018,4,10,4,0,0,0,-1
Iran-Israel Conflict Escalates in Shadow of Syrian Civil War,The New York Times,2018,4,10,4,0,0,0,-1
Pope Francis Puts Caring for Migrants and Opposing Abortion on Equal Footing,The New York Times,2018,4,10,4,0,0,0,1
"As President, ‘Lula’ of Brazil Opened the Prison. Now He’s an Inmate.",The New York Times,2018,4,10,4,0,0,0,1
Federal Budget Deficit Projected to Soar to Over $1 Trillion in 2020,The New York Times,2018,4,10,4,0,0,0,-1
Bill Cosby Paid His Sex Assault Accuser $3.38 Million in Settlement,The New York Times,2018,4,10,4,0,0,0,-1
Rick Scott Senate Run Returns Florida to Battleground,The New York Times,2018,4,10,4,0,0,0,1
Trump Denounces F.B.I. Raid on His Lawyer’s Office as ‘Attack on Our Country’,The New York Times,2018,4,10,4,0,0,0,-1
"To Bannon, Tariffs on China Will Be Ultimate Test of Trump’s Beliefs",The New York Times,2018,4,10,4,0,0,0,-1
Tammy Duckworth Becomes First U.S. Senator to Give Birth While in Office,The New York Times,2018,4,10,4,0,0,0,0
The Big Question for Markets: Is There a Kudlow or Powell ‘Put’?,The New York Times,2018,4,10,4,0,0,0,-1
Mark Zuckerberg Meets With Top Lawmakers Before Hearings,The New York Times,2018,4,10,4,0,0,0,1
What Mark Zuckerberg Will Be Grilled On at the Congressional Hearings,The New York Times,2018,4,10,4,0,0,0,1
"Failed by Facebook, We’ll Return to the Scene of the Crime. We Always Do.",The New York Times,2018,4,10,4,0,0,0,-1
Zuckerberg Was Called Out Over Myanmar Violence. Here’s His Apology.,The New York Times,2018,4,10,4,0,0,0,-1
"Uber to Buy Jump, Maker of Electric Bicycles, After Bike-Sharing Test",The New York Times,2018,4,10,4,0,0,0,-1
The Jamaican Who Isn’t Sure He Wants to Play for Jamaica,The New York Times,2018,4,10,4,0,0,0,0
Mystery Consortium Is Said to Offer FIFA $25 Billion for Control of 2 Tournaments,The New York Times,2018,4,10,4,0,0,0,-1
"As Cleveland Indians Prepare to Part With Chief Wahoo, Tensions Reignite",The New York Times,2018,4,10,4,0,0,0,-1
How a Philly Cheesesteak Goes From the Grill to Carnegie Hall,The New York Times,2018,4,10,4,0,0,0,1
‘Berenice Abbott’ Captures a Large and Star-Studded Life,The New York Times,2018,4,10,4,0,0,0,1
Congestion Pricing Plan for Manhattan Ran Into Politics. Politics Won.,The New York Times,2018,4,10,4,0,0,0,-1
Embattled Housing Authority Chief in New York City Is Resigning,The New York Times,2018,4,10,4,0,0,0,-1
Trump Tower Smoke Sensors Alerted Firefighters to Deadly Blaze,The New York Times,2018,4,10,4,0,0,0,1
That Python in the Pet Store? It May Have Been Snatched From the Wild,The New York Times,2018,4,10,4,0,0,0,-1
Dr. King Said Segregation Harms Us All. Environmental Research Shows He Was Right.,The New York Times,2018,4,10,4,0,0,0,-1
Bananas vs. Sports Drinks? Bananas Win in Study,The New York Times,2018,4,10,4,0,0,0,1
"Eric Bristow, the First Superstar of Darts, Is Dead at 60",The New York Times,2018,4,10,4,0,0,0,-1
"Chuck McCann, Zany Comic in Early Children’s TV, Dies at 83",The New York Times,2018,4,10,4,0,0,0,-1
"In Syria, Trump Faces the Limits of Bluster",The New York Times,2018,4,10,4,0,0,0,-1
We Already Know How to Protect Ourselves From Facebook,The New York Times,2018,4,10,4,0,0,0,-1
The Failures of Anti-Trumpism,The New York Times,2018,4,10,4,0,0,0,-1
Turning Revulsion Into Votes,The New York Times,2018,4,10,4,0,0,0,-1
Eric Schneiderman Resigns as New York Attorney General Amid Assault Claims by 4 Women,The New York Times,2018,5,8,5,0,0,0,-1
"Trump Is Expected to Leave Iran Deal, Allies Say",The New York Times,2018,5,8,5,0,0,0,-1
"Gina Haspel Has the Experience to Run the C.I.A., and That May Be Her Biggest Problem",The New York Times,2018,5,8,5,0,0,0,-1
The Mother’s Day Trap,The New York Times,2018,5,8,5,0,0,0,-1
"AIDS Runs Rampant in Venezuela, Putting an Ancient Culture at Risk",The New York Times,2018,5,8,5,0,0,0,-1
Opponents of Iran Deal Hired Investigators to Dig Up Dirt on Obama Aide,The New York Times,2018,5,8,5,0,0,0,-1
"200 Years On, Chinese-Australians Are Still Proving They Belong",The New York Times,2018,5,8,5,0,0,0,1
E.P.A. Emails Show an Effort to Shield Pruitt From Public Scrutiny,The New York Times,2018,5,8,5,0,0,0,-1
"The Pleasure and Pain of Being California, the World’s 5th-Largest Economy",The New York Times,2018,5,8,5,0,0,0,1
Trump Administration Threatens Jail and Separating Children From Parents for Those Who Illegally Cross Southwest Border,The New York Times,2018,5,8,5,0,0,0,-1
Trump Weighs In on West Virginia Senate Race in Sign of Republican Anxiety,The New York Times,2018,5,8,5,0,0,0,-1
"Melania Trump Rolls Out ‘Be Best,’ a Children’s Agenda With a Focus on Social Media",The New York Times,2018,5,8,5,0,0,0,-1
Air France Dispute Threatens to Escalate Macron’s Battle With Labor,The New York Times,2018,5,8,5,0,0,0,-1
U.S. Oil Prices Hit $70 a Barrel for First Time Since ’14,The New York Times,2018,5,8,5,0,0,0,-1
"Elon Musk Wants to Fill Warren Buffett’s ‘Moat’ With Candy, but It Still Holds Water",The New York Times,2018,5,8,5,0,0,0,-1
Bitcoin Sees Wall Street Warm to Trading Virtual Currency,The New York Times,2018,5,8,5,0,0,0,1
"After Fatal Uber Crash, a Self-Driving Start-Up Moves Forward",The New York Times,2018,5,8,5,0,0,0,1
Microsoft Tries a New Role: Moral Leader,The New York Times,2018,5,8,5,0,0,0,-1
He Was Convicted of Molesting a 6-Year Old. Should He Have a Future in Baseball?,The New York Times,2018,5,8,5,0,0,0,-1
"To Dominate in New Orleans and Beyond, the Warriors Head to the Hamptons",The New York Times,2018,5,8,5,0,0,0,1
Yankees Are Beating Everyone but Still Looking Up at the Red Sox,The New York Times,2018,5,8,5,0,0,0,1
"I Went Naked to a Museum, and It Was … Revealing",The New York Times,2018,5,8,5,0,0,0,1
"Valee, Kanye West’s New Signee, Is a Rapper Who Just Might Build You a Koi Pond",The New York Times,2018,5,8,5,0,0,0,1
"On the Mattress for ‘Sleep,’ an 8-Hour Lullaby",The New York Times,2018,5,8,5,0,0,0,-1
How Can the M.T.A. Rescue the Subway When It Struggles to Deliver Basics?,The New York Times,2018,5,8,5,0,0,0,-1
Nixon Pushes Cuomo to Debate: ‘What’s It Going to Be Andrew?’,The New York Times,2018,5,8,5,0,0,0,1
Ships Unearthed in Virginia Offer Glimpse of Colonial Era,The New York Times,2018,5,8,5,0,0,0,1
States Turn to an Unproven Method of Execution: Nitrogen Gas,The New York Times,2018,5,8,5,0,0,0,-1
Women With Breast Cancer Delay Care When Faced With High Deductibles,The New York Times,2018,5,8,5,0,0,0,-1
"Edwin G. Burrows, Historian and Co-Author of ‘Gotham,’ Dies at 74",The New York Times,2018,5,8,5,0,0,0,-1
"Pierre Rissient, 81, Behind-the-Scenes Force of Cinema, Dies",The New York Times,2018,5,8,5,0,0,0,0
What Will New York Do About Its Uber Problem?,The New York Times,2018,5,8,5,0,0,0,-1
Why Did a Creepy Israeli Intel Firm Spy on Obama Alums?,The New York Times,2018,5,8,5,0,0,0,-1
Gnawing Away at Health Care,The New York Times,2018,5,8,5,0,0,0,-1
"The Man Who Changed the World, Twice",The New York Times,2018,5,8,5,0,0,0,1
"Trump to Invite Putin to Washington, Blindsiding His Intelligence Chief",The New York Times,2018,7,20,6,0,0,0,-1
Law That Saved the Bald Eagle Could Be Vastly Reworked,The New York Times,2018,7,20,6,0,0,0,-1
Israeli Law Declares the Country the ‘Nation-State of the Jewish People’,The New York Times,2018,7,20,6,0,0,0,1
The Districts Are Mostly White. The Candidates Are Not.,The New York Times,2018,7,20,6,0,0,0,-1
Trump Is Being Manipulated by Putin. What Should We Do?,The New York Times,2018,7,20,6,0,0,0,-1
Watch Dan Coats Find Out Trump Invited Putin to the White House,The New York Times,2018,7,20,6,0,0,0,0
Trump’s Mixed Messages on Russian Meddling,The New York Times,2018,7,20,6,0,0,0,-1
American Accused of Being ISIS Fighter in Syria Faces Prosecution in U.S.,The New York Times,2018,7,20,6,0,0,0,-1
"Erdogan, Flush With Victory, Seizes New Powers in Turkey",The New York Times,2018,7,20,6,0,0,0,1
Climate Change Is Killing the Cedars of Lebanon,The New York Times,2018,7,20,6,0,0,0,-1
Tariffs Imperil a Hometown Business in South Carolina: BMW,The New York Times,2018,7,20,6,0,0,0,1
You’ve Heard of Berkeley. Is Merced the Future of the University of California?,The New York Times,2018,7,20,6,0,0,0,1
"17 Dead After Duck Boat Capsizes Near Branson, Missouri",The New York Times,2018,7,20,6,0,0,0,-1
Trump Takes a Rare Presidential Swipe at the Fed,The New York Times,2018,7,20,6,0,0,0,-1
Trump Tries a Familiar Tactic: Providing a New Story Line,The New York Times,2018,7,20,6,0,0,0,-1
Republicans Block Anti-Putin Resolutions Before Senate Approves One Rebuke,The New York Times,2018,7,20,6,0,0,0,-1
How E.U. Is Getting Ready for Chaos in a Worst-Case Brexit,The New York Times,2018,7,20,6,0,0,0,-1
"On Trump’s Car Tariffs, Companies Are United in Dissent",The New York Times,2018,7,20,6,0,0,0,0
How 2 Media Moguls’ Once-Warm Friendship Turned Frigid,The New York Times,2018,7,20,6,0,0,0,-1
What Stays on Facebook and What Goes? The Social Network Cannot Answer,The New York Times,2018,7,20,6,0,0,0,-1
Trump Tried to Protect Qualcomm. Now His Trade War May Be Hurting It.,The New York Times,2018,7,20,6,0,0,0,-1
U.S.-Funded Broadcaster Directed Ads to Americans,The New York Times,2018,7,20,6,0,0,0,-1
British Open: A Relaxed Kevin Kisner Putts His Way to an Early Lead,The New York Times,2018,7,20,6,0,0,0,1
"Brittany Lincicome Shoots a 78 in a PGA Tour Event, but Finds a Bright Side",The New York Times,2018,7,20,6,0,0,0,1
"Carnoustie’s 18th Hole Is Ready to Make, or Break, Another Legacy",The New York Times,2018,7,20,6,0,0,0,1
"Thrills, Tears and the Real Gone Girls of Cinema",The New York Times,2018,7,20,6,0,0,0,1
Review: Taming ‘The Taming of the Shrew’ Under a Tent,The New York Times,2018,7,20,6,0,0,0,-1
The Cement Mixer as Muse,The New York Times,2018,7,20,6,0,0,0,1
Review: ‘Mamma Mia! Here We Go Again’ Takes a Detour and Loses Its Kick,The New York Times,2018,7,20,6,0,0,0,-1
Review: ‘Blindspotting’ Walks a Tense Line in a Gentrifying Oakland,The New York Times,2018,7,20,6,0,0,0,1
"Review: In ‘The Third Murder,’ Guilty as Charged Isn’t the Whole Story",The New York Times,2018,7,20,6,0,0,0,-1
"Man Says Cardinal McCarrick, His ‘Uncle Ted,’ Sexually Abused Him for Years",The New York Times,2018,7,20,6,0,0,0,-1
Asbestos Confirmed in Steam Pipe That Exploded in Manhattan,The New York Times,2018,7,20,6,0,0,0,-1
Why Joe Crowley’s Loss Could Be Good News for Hakeem Jeffries,The New York Times,2018,7,20,6,0,0,0,0
A $5.1 Billion Fine for Google Won’t Fix Tech,The New York Times,2018,7,20,6,0,0,0,-1
Want Reliable Medical Information? The Trump Administration Doesn’t,The New York Times,2018,7,20,6,0,0,0,-1
Liberal Blind Spots Are Hiding the Truth About ‘Trump Country’,The New York Times,2018,7,20,6,0,0,0,-1
The Localist Revolution,The New York Times,2018,7,20,6,0,0,0,1
How to Get America on the Mediterranean Diet,The New York Times,2018,7,20,6,0,0,0,1
"In Trump’s Saudi Bargain, the Bottom Line Proudly Wins Out",The New York Times,2018,10,15,7,0,0,0,1
"For Khashoggi, a Tangled Mix of Royal Service and Islamist Sympathies",The New York Times,2018,10,15,7,0,0,0,0
"Sears, the Original Everything Store, Files for Bankruptcy",The New York Times,2018,10,15,7,0,0,0,-1
A Mexican Man’s Fatal Journey to Reclaim His American Life,The New York Times,2018,10,15,7,0,0,0,1
Is Trump on a Collision Course With Impeachment?,The New York Times,2018,10,15,7,0,0,0,-1
Abortion Was Illegal. This Secret Group Defied the Law.,The New York Times,2018,10,15,7,0,0,0,-1
Liberal Greens and Far Right Make Bavarian Election Gains,The New York Times,2018,10,15,7,0,0,0,1
Canadians Already Smoke a Lot of Pot. Now It’s About to Become Legal.,The New York Times,2018,10,15,7,0,0,0,-1
"At World’s Largest Food Market, a Sip of Wine After a Night of Butchery",The New York Times,2018,10,15,7,0,0,0,1
"Among the Ruins of Mexico Beach Stands One House, Built ‘for the Big One’",The New York Times,2018,10,15,7,0,0,0,-1
G.O.P. Finds an Unexpectedly Potent Line of Attack: Immigration,The New York Times,2018,10,15,7,0,0,0,1
"On Eve of Harvard Bias Trial, Dueling Rallies Show Rifts Among Asian-Americans",The New York Times,2018,10,15,7,0,0,0,-1
Democrats Want to Beat Scott Walker. But the Wisconsin Economy Is a Hurdle.,The New York Times,2018,10,15,7,0,0,0,-1
He’s ‘One of Us’: The Undying Bond Between the Bible Belt and Trump,The New York Times,2018,10,15,7,0,0,0,1
Trump Gives Mattis an Inauspicious Label: ‘Democrat’,The New York Times,2018,10,15,7,0,0,0,-1
Trump Embraces Foreign Aid to Counter China’s Global Influence,The New York Times,2018,10,15,7,0,0,0,-1
Trump’s New Iran Sanctions May Hit Snag With Global Financial Service,The New York Times,2018,10,15,7,0,0,0,-1
Jeff Hawkins Is Finally Ready to Explain His Brain Research,The New York Times,2018,10,15,7,0,0,0,1
The Dodgers’ Edge? Their Lineup of Swiss Army Knives,The New York Times,2018,10,15,7,0,0,0,-1
"Racial Abuse, Then a Beating, on a French Soccer Field",The New York Times,2018,10,15,7,0,0,0,-1
"Helmet-to-Helmet Hits in N.F.L. Haven’t Diminished, but Penalty Flags Have",The New York Times,2018,10,15,7,0,0,0,-1
Brazil Enthralls With an Art Show of Afro-Atlantic History,The New York Times,2018,10,15,7,0,0,0,1
Nicole Maines on Becoming TV’s First Transgender Superhero,The New York Times,2018,10,15,7,0,0,0,1
"Review: Rufus Wainwright’s ‘Hadrian’ Is a Step Forward, but Still Frustrating",The New York Times,2018,10,15,7,0,0,0,0
He Wanted to Be an Informant. The F.B.I. Arrested Him Instead.,The New York Times,2018,10,15,7,0,0,0,-1
Marie Antoinette’s Jewels Are Here. Now’s Your Chance to Try Them on.,The New York Times,2018,10,15,7,0,0,0,1
Would You Want the Place Where You Were Married to Become a Jail?,The New York Times,2018,10,15,7,0,0,0,-1
Reality Breaks Up a Saudi Prince Charming’s Media Narrative,The New York Times,2018,10,15,7,0,0,0,-1
Need a Song for Your Commercial? Try These Campers,The New York Times,2018,10,15,7,0,0,0,1
‘First Man’ Is No Match for ‘Venom’ and ‘A Star Is Born’,The New York Times,2018,10,15,7,0,0,0,0
"Natan Wekselbaum, 83, Dies; Built a Cornucopia of Housewares",The New York Times,2018,10,15,7,0,0,0,-1
"Jeanne Ashworth, Pioneering Speedskating Olympian, Dies at 80",The New York Times,2018,10,15,7,0,0,0,-1
"Overlooked No More: Voltairine de Cleyre, America’s ‘Greatest Woman Anarchist’",The New York Times,2018,10,15,7,0,0,0,1
It’s Getting Harder to Talk About God,The New York Times,2018,10,15,7,0,0,0,-1
"Freelancers of the World, Unite in Despair!",The New York Times,2018,10,15,7,0,0,0,-1
What Civil Rights History Can Teach Kavanaugh’s Critics,The New York Times,2018,10,15,7,0,0,0,1
Trump’s Visit to Pittsburgh Divides a City Mourning Victims of Hate,The New York Times,2018,10,31,8,0,0,0,0
"In Campaign’s Homestretch, Trump Tosses Out Ideas to See What Sticks",The New York Times,2018,10,31,8,0,0,0,-1
Whitey Bulger Is Dead in Prison at 89; Long-Hunted Boston Mob Boss,The New York Times,2018,10,31,8,0,0,0,1
"Female Candidates Break Barriers, Except When It Comes to Money",The New York Times,2018,10,31,8,0,0,0,1
You’re Disillusioned. That’s Fine. Vote Anyway.,The New York Times,2018,10,31,8,0,0,0,0
Inside A North Dakota Tribe’s Fight to Vote,The New York Times,2018,10,31,8,0,0,0,0
Fire the Gun or Film the Ultrasound? How Women Running for Office Define Toughness.,The New York Times,2018,10,31,8,0,0,0,-1
Circling a Black Hole,The New York Times,2018,10,31,8,0,0,0,1
"As Merkel Eyes Exit, Nervous E.U. Wonders Who’ll Take the Stage",The New York Times,2018,10,31,8,0,0,0,0
"As World’s Air Gets Worse, India Struggles to Breathe",The New York Times,2018,10,31,8,0,0,0,-1
Indonesia Plane Crash Leaves Experts Puzzled,The New York Times,2018,10,31,8,0,0,0,-1
"In North Dakota, Native Americans Try to Turn an ID Law to Their Advantage",The New York Times,2018,10,31,8,0,0,0,-1
"For Many American Families, Abolishing Birthright Citizenship Is ‘Unthinkable’",The New York Times,2018,10,31,8,0,0,0,-1
"A Mobster of Many Enemies, Whitey Bulger May Have Been Killed in a Hit",The New York Times,2018,10,31,8,0,0,0,-1
President Wants to Use Executive Order to End Birthright Citizenship,The New York Times,2018,10,31,8,0,0,0,-1
Trump’s Birthright Citizenship Proposal Is at Odds With Legal Consensus,The New York Times,2018,10,31,8,0,0,0,0
They’re Trained for War. Now American Troops Are Headed to the U.S. Border.,The New York Times,2018,10,31,8,0,0,0,-1
The Number 7 Could Make China’s Currency a Trade-War Weapon,The New York Times,2018,10,31,8,0,0,0,-1
Parts of America Are Still Struggling Economically. They Don’t Matter Much in the Midterms.,The New York Times,2018,10,31,8,0,0,0,-1
Job No. 1 for G.E.’s New Chief: Fix Its Ailing Power Business,The New York Times,2018,10,31,8,0,0,0,1
"Facebook’s Vision for the Future: Less News Feed, More Stories",The New York Times,2018,10,31,8,0,0,0,-1
Alphabet Executive Resigns After Harassment Accusation,The New York Times,2018,10,31,8,0,0,0,-1
Apple Unveils New iPad and MacBook Air,The New York Times,2018,10,31,8,0,0,0,1
"After Maryland Player’s Death, Coach and Athletic Director Keep Their Jobs",The New York Times,2018,10,31,8,0,0,0,0
"Mets Introduce Brodie Van Wagenen, Their New G.M. (and a Recovering Agent)",The New York Times,2018,10,31,8,0,0,0,1
Giants Quarterback Kyle Lauletta Accused of Almost Hitting Officer With Car,The New York Times,2018,10,31,8,0,0,0,-1
Barbra Streisand Can’t Get Trump Out of Her Head. So She Sang About Him.,The New York Times,2018,10,31,8,0,0,0,1
"Louis C.K. Turns Up at a Comedy Club, but This Time It’s No Secret",The New York Times,2018,10,31,8,0,0,0,0
"On ‘More Blood, More Tracks,’ Familiar Bob Dylan Songs Cut Closer to the Bone",The New York Times,2018,10,31,8,0,0,0,1
"In Echo of Flint, Mich., Water Crisis Now Hits Newark",The New York Times,2018,10,31,8,0,0,0,1
"Mayor at 19, New York Governor at 43? Molinaro Seeks an Upset Over Cuomo.",The New York Times,2018,10,31,8,0,0,0,-1
Political Mailer Prompts Charges of Anti-Semitism,The New York Times,2018,10,31,8,0,0,0,-1
"The Evolution of a Restaurant Dish, From Vision to Revision",The New York Times,2018,10,31,8,0,0,0,1
"Baroo Has Closed, but Leaves a Rare Culinary Legacy in Los Angeles",The New York Times,2018,10,31,8,0,0,0,1
A Gamble That Bourbon Can Grow Old Gracefully,The New York Times,2018,10,31,8,0,0,0,0
"Dionisio Lind, Whose Voice Was a Mighty Carillon, Dies at 87",The New York Times,2018,10,31,8,0,0,0,-1
"Horacio Cardo, Illustrator With a Political Edge, Is Dead at 74",The New York Times,2018,10,31,8,0,0,0,-1
"John Ziegler Jr., Former N.H.L. President, Is Dead at 84",The New York Times,2018,10,31,8,0,0,0,-1
Brazil Lurches to the Right,The New York Times,2018,10,31,8,0,0,0,0
"I Thought the Web Would Stop Hate, Not Spread It",The New York Times,2018,10,31,8,0,0,0,-1
George Washington for President,The New York Times,2018,10,31,8,0,0,0,1
The Internet Will Be the Death of Us,The New York Times,2018,10,31,8,0,0,0,-1
Turkey’s President Says Recording of Khashoggi’s Killing Was Given to U.S.,The New York Times,2018,11,11,9,0,0,0,-1
Can Europe’s Liberal Order Survive as the Memory of War Fades?,The New York Times,2018,11,11,9,0,0,0,0
"As Brazil’s Far Right Leader Threatens the Amazon, One Tribe Pushes Back",The New York Times,2018,11,11,9,0,0,0,-1
Deployed Inside the United States: The Military Waits for the Migrant Caravan,The New York Times,2018,11,11,9,0,0,0,1
The Resistance Strikes Back,The New York Times,2018,11,11,9,0,0,0,0
Andrew Gillum Retracts Concession Speech,The New York Times,2018,11,11,9,0,0,0,-1
Who Is Matthew Whitaker? A Vocal Mueller Critic With Ties to a Shady Business,The New York Times,2018,11,11,9,0,0,0,-1
‘Alma and Esperanza’s Tragic Quest’,The New York Times,2018,11,11,9,0,0,0,1
Mexico Gave the Migrant Caravan a Warm Welcome. It Wasn’t Always This Way.,The New York Times,2018,11,11,9,0,0,0,1
Bonhomie? C’est Fini as Trump and Macron Seek to Defuse Tension,The New York Times,2018,11,11,9,0,0,0,0
Florida Begins Vote Recounts in Senate and Governor’s Races,The New York Times,2018,11,11,9,0,0,0,-1
‘Paradise Is Gone’: California Fires Devastate Communities,The New York Times,2018,11,11,9,0,0,0,-1
"California Is Already Tough on Guns. After a Mass Shooting, Some Wonder if It’s Enough",The New York Times,2018,11,11,9,0,0,0,0
Democrats Have Two Paths for 2020: Daring or Defensive. Can They Settle on Either?,The New York Times,2018,11,11,9,0,0,0,-1
John Delaney Is Already Running for President,The New York Times,2018,11,11,9,0,0,0,1
Who Won That Arizona Senate Race? What Day Is It?,The New York Times,2018,11,11,9,0,0,0,-1
"A Year After #MeToo, Hollywood’s Got a Malaise Money Can’t Cure",The New York Times,2018,11,11,9,0,0,0,-1
"Now, the Markets Can Worry About Other Things. Here’s a List.",The New York Times,2018,11,11,9,0,0,0,-1
Your Office Doesn’t Have Nap Time Because You Are Not a Child,The New York Times,2018,11,11,9,0,0,0,1
Sundar Pichai of Google: ‘Technology Doesn’t Solve Humanity’s Problems’,The New York Times,2018,11,11,9,0,0,0,-1
"Phoebe Robinson’s Work Diary: ‘The Sausage Is Getting Made Very Publicly, but It Makes You Fearless’",The New York Times,2018,11,11,9,0,0,0,1
The 16-oz. Beer Can: A Cold One That’s a Hot One,The New York Times,2018,11,11,9,0,0,0,-1
"‘Seriously, You Chose Her?’: U.S.A. Gymnastics’ Trouble at the Top",The New York Times,2018,11,11,9,0,0,0,-1
"At Manchester City, Uncommon Greatness. But at What Cost?",The New York Times,2018,11,11,9,0,0,0,1
The Unreality of Racial Justice Cinema,The New York Times,2018,11,11,9,0,0,0,-1
He Makes Archie Deep and Sabrina Dark. Meet Roberto Aguirre-Sacasa.,The New York Times,2018,11,11,9,0,0,0,1
"Taking Your Child to Work, When Your Job Is Making Theater",The New York Times,2018,11,11,9,0,0,0,1
The Lounge Pianist Who Invented Samba Funk,The New York Times,2018,11,11,9,0,0,0,1
The Very Busy Life of an Immigrants’ Rights Priest in 2018,The New York Times,2018,11,11,9,0,0,0,-1
"For Autistic Boys, the Subway Is Actually Soothing",The New York Times,2018,11,11,9,0,0,0,1
U.S. Law Enforcement Failed to See the Threat of White Nationalism. Now They Don’t Know How to Stop It.,The New York Times,2018,11,11,9,0,0,0,-1
Gillian Flynn Peers Into the Dark Side of Femininity,The New York Times,2018,11,11,9,0,0,0,1
What if the Placebo Effect Isn’t a Trick?,The New York Times,2018,11,11,9,0,0,0,-1
‘Entering Burn Area’: Yosemite After the Fire,The New York Times,2018,11,11,9,0,0,0,0
How Safe Is Your Airline?,The New York Times,2018,11,11,9,0,0,0,-1
Pip and Me: A Journey Into the World of ‘Great Expectations’,The New York Times,2018,11,11,9,0,0,0,1
"Something New, for $1 Million",The New York Times,2018,11,11,9,0,0,0,1
Finishing Touches,The New York Times,2018,11,11,9,0,0,0,1
The Dog Is In Charge,The New York Times,2018,11,11,9,0,0,0,1
How to Date a Lot of Billionaires,The New York Times,2018,11,11,9,0,0,0,1
Can’t Take Your Fancy Dog Hiking in the Country? Hire a Pro,The New York Times,2018,11,11,9,0,0,0,-1
Victoria’s Secret Is Trying to Change With the Times. Or Is It?,The New York Times,2018,11,11,9,0,0,0,0
T’s Travel Issue: 5 Fairy Tales From Lands Near and Far,The New York Times,2018,11,11,9,0,0,0,1
"A Fairy Tale Set in Florida, in 10 Parts",The New York Times,2018,11,11,9,0,0,0,1
The Imagined Story Behind Leonard Cohen’s ‘Suzanne’,The New York Times,2018,11,11,9,0,0,0,1
"Jean Mohr, Photographer Who Found Heart Amid Bleakness, Dies at 93",The New York Times,2018,11,11,9,0,0,0,-1
"John Maguire, 86, Early Promoter of Diversity in Education, Dies",The New York Times,2018,11,11,9,0,0,0,-1
America Needs a Bigger House,The New York Times,2018,11,11,9,0,0,0,0
A Congress for Every American,The New York Times,2018,11,11,9,0,0,0,1
Who’s the Real American Psycho?,The New York Times,2018,11,11,9,0,0,0,-1
A Defeat for White Identity,The New York Times,2018,11,11,9,0,0,0,-1
Why I Dread Returning to an American Public School,The New York Times,2018,11,11,9,0,0,0,-1
"Manafort Breached Plea Deal by Repeatedly Lying, Mueller Says",The New York Times,2018,11,27,10,0,0,0,-1
G.M. to Idle Plants and Cut Thousands of Jobs as Sales Slow,The New York Times,2018,11,27,10,0,0,0,-1
Mexico’s New Leader Faces Clash With Trump Over Migrant Caravan,The New York Times,2018,11,27,10,0,0,0,-1
NASA’s InSight Mission Has Touched Down on Mars to Study the Red Planet’s Deep Secrets,The New York Times,2018,11,27,10,0,0,0,1
Maybe They’re Just Bad People,The New York Times,2018,11,27,10,0,0,0,-1
"World’s First Gene-Edited Babies Born This Month, Researcher Says",The New York Times,2018,11,27,10,0,0,0,0
"Trump Has ‘No Real Relationships,’ Mia Love Says",The New York Times,2018,11,27,10,0,0,0,-1
Russia-Ukraine Fight Over Narrow Sea Passage Risks Wider War,The New York Times,2018,11,27,10,0,0,0,-1
Chinese Scientist Claims to Use Crispr to Make First Genetically Edited Babies,The New York Times,2018,11,27,10,0,0,0,-1
General Kicked Off Facebook Can Still Glorify Military at Grandiose Museum,The New York Times,2018,11,27,10,0,0,0,0
He Says He Got Away With 90 Murders. Now He’s Confessing to Them All.,The New York Times,2018,11,27,10,0,0,0,1
"$3,700 Generators and $666 Sinks: FEMA Contractors Charged Steep Markups on Puerto Rico Repairs",The New York Times,2018,11,27,10,0,0,0,-1
How Trump Is Ensuring That Greenhouse Gas Emissions Will Rise,The New York Times,2018,11,27,10,0,0,0,0
Ringleader of Democratic Rebels Softens Tone on Pelosi,The New York Times,2018,11,27,10,0,0,0,0
"Trump, in Mississippi, Seeks to Shore Up Senate Candidate Engulfed in Controversy",The New York Times,2018,11,27,10,0,0,0,-1
The Suburbs Are Changing. But Not in All the Ways Liberals Hope.,The New York Times,2018,11,27,10,0,0,0,-1
"Meet Zora, the Robot Caregiver",The New York Times,2018,11,27,10,0,0,0,1
Real vs. Artificial Christmas Trees: Which Is the Greener Choice?,The New York Times,2018,11,27,10,0,0,0,-1
"Netflix for Conservatives? Fox News Introduces Fox Nation, a Streaming App",The New York Times,2018,11,27,10,0,0,0,-1
"For Copa Libertadores at a Crossroads, a Weekend to Forget",The New York Times,2018,11,27,10,0,0,0,-1
"N.F.L. Is Full of Quarterbacks Who Are Off the Mark, or Even Off the Street",The New York Times,2018,11,27,10,0,0,0,-1
One Constant of the Tennis Season: Mixed Emotions,The New York Times,2018,11,27,10,0,0,0,1
"Five Countries Slow to Address Nazi-Looted Art, U.S. Expert Says",The New York Times,2018,11,27,10,0,0,0,-1
An Artist Who Explores Emotional Pain Inspires a Novel That Does the Same,The New York Times,2018,11,27,10,0,0,0,1
Why Michael B. Jordan Is More Than a Movie Star,The New York Times,2018,11,27,10,0,0,0,1
"Amid New York’s Blue Wave, a Republican County Resists",The New York Times,2018,11,27,10,0,0,0,-1
"For Brooklyn Community Services, He Delivers",The New York Times,2018,11,27,10,0,0,0,1
The Kilogram Is Dead. Long Live the Kilogram!,The New York Times,2018,11,27,10,0,0,0,-1
This Is the Way the Paper Crumples,The New York Times,2018,11,27,10,0,0,0,-1
When Human Relatives First Visited a Green Arabian Peninsula,The New York Times,2018,11,27,10,0,0,0,1
"Bernardo Bertolucci, Director of ‘Last Tango in Paris,’ Dies at 77",The New York Times,2018,11,27,10,0,0,0,-1
"Meena Alexander, Poet Who Wrote of Dislocation, Dies at 67",The New York Times,2018,11,27,10,0,0,0,-1
"Willie Naulls, Knicks All-Star and Celtics Champion, Dies at 84",The New York Times,2018,11,27,10,0,0,0,-1
A Trump Win for the Environment? Maybe,The New York Times,2018,11,27,10,0,0,0,-1
The Depravity of Climate-Change Denial,The New York Times,2018,11,27,10,0,0,0,-1
"When Blue Chip Companies Pile on Debt, It’s Time to Worry",The New York Times,2018,11,27,10,0,0,0,-1
"Trump’s China Truce Calms Markets, but He Chooses a Hard-Liner to Lead Talks",The New York Times,2018,12,4,11,0,0,0,-1
"Stung by Election Losses, Republicans in the States Seek a Way to Neutralize Democrats",The New York Times,2018,12,4,11,0,0,0,-1
"Why Michael Cohen, Trump’s Fixer, Confessed to It All",The New York Times,2018,12,4,11,0,0,0,-1
Now Mental Health Patients Can Specify Their Care Before Hallucinations and Voices Overwhelm Them,The New York Times,2018,12,4,11,0,0,0,1
Why Are Gender Reveal Parties a Thing?,The New York Times,2018,12,4,11,0,0,0,-1
George Bush’s Coffin Arrives in Washington,The New York Times,2018,12,4,11,0,0,0,0
Soyuz Rocket Successfully Launches After Mishap,The New York Times,2018,12,4,11,0,0,0,1
"With U.S. Soil Achingly Close, Decision Time for Caravan Migrants",The New York Times,2018,12,4,11,0,0,0,1
Netanyahu’s Obsession With Image Could Be His Downfall,The New York Times,2018,12,4,11,0,0,0,-1
France’s Yellow Vest Protests: The Movement That Has Put Paris on Edge,The New York Times,2018,12,4,11,0,0,0,1
"After a California Wildfire, New and Old Homeless Populations Collide",The New York Times,2018,12,4,11,0,0,0,0
Police ‘Code of Silence’ Is on Trial After Murder by Chicago Officer,The New York Times,2018,12,4,11,0,0,0,0
"Bush’s Coffin Arrives at Capitol, Where the Former President Will Lie in State",The New York Times,2018,12,4,11,0,0,0,-1
Manafort Discussed Deal With Ecuador to Hand Assange Over to U.S.,The New York Times,2018,12,4,11,0,0,0,-1
"Bush Made Willie Horton an Issue in 1988, and the Racial Scars Are Still Fresh",The New York Times,2018,12,4,11,0,0,0,1
North Carolina’s Election Turmoil: What We Know and Don’t Know,The New York Times,2018,12,4,11,0,0,0,0
Qatar Says It Will Leave OPEC and Focus on Natural Gas,The New York Times,2018,12,4,11,0,0,0,-1
Trump Says China Will Curtail Fentanyl. The U.S. Has Heard That Before.,The New York Times,2018,12,4,11,0,0,0,-1
"Ray Kelvin, Ted Baker C.E.O., Is Accused of Harassment",The New York Times,2018,12,4,11,0,0,0,-1
The Race Is On to Protect Data From the Next Leap in Computers. And China Has the Lead.,The New York Times,2018,12,4,11,0,0,0,1
"Marriott Hack Adds Passport Headache, but Its Intensity Is in Dispute",The New York Times,2018,12,4,11,0,0,0,-1
Want to See All the Vermeers in the World? Now’s Your Chance,The New York Times,2018,12,4,11,0,0,0,1
The N.F.L. Coaching Carousel Takes a Big Turn. Who’s Next?,The New York Times,2018,12,4,11,0,0,0,0
"A 2012 Olympic Gold Medal, Finally Awarded in 2018",The New York Times,2018,12,4,11,0,0,0,1
New York’s N.B.A. Teams Don’t Have Much to Celebrate. These Fans Cheer Anyway.,The New York Times,2018,12,4,11,0,0,0,1
"Review: In ‘The Cher Show,’ I Got You, Babe. And You. And You.",The New York Times,2018,12,4,11,0,0,0,1
‘Milkman’ Slogs Through Political and Cultural Tensions in Northern Ireland,The New York Times,2018,12,4,11,0,0,0,-1
Fact-Check of a ‘Lifespan’,The New York Times,2018,12,4,11,0,0,0,0
"Declare the Strand Bookstore a City Landmark? No Thanks, the Strand Says",The New York Times,2018,12,4,11,0,0,0,-1
F.B.I. Raids Home of Atlantic City Mayor Frank Gilliam,The New York Times,2018,12,4,11,0,0,0,-1
A Water Crisis in Newark Brings New Worries,The New York Times,2018,12,4,11,0,0,0,-1
"The Placenta, an Afterthought No Longer",The New York Times,2018,12,4,11,0,0,0,-1
"Yes, the Octopus Is Smart as Heck. But Why?",The New York Times,2018,12,4,11,0,0,0,0
"Robert Plotnik, ‘Bleecker Bob’ of Record-Store Fame, Dies at 75",The New York Times,2018,12,4,11,0,0,0,-1
"Ruth Haring, Top Chess Player Who Led Federation, Dies at 63",The New York Times,2018,12,4,11,0,0,0,-1
No News Is Bad News for Hungary,The New York Times,2018,12,4,11,0,0,0,1
"Victims of War, and Now Victims of the Trump Administration",The New York Times,2018,12,4,11,0,0,0,-1
Can You Like the Person You Love to Hate?,The New York Times,2018,12,4,11,0,0,0,1
What Does It Mean to ‘Speak as a Woman’?,The New York Times,2018,12,4,11,0,0,0,1
Texas Judge Strikes Down Obama’s Affordable Care Act as Unconstitutional,The New York Times,2018,12,15,12,0,0,0,-1
Trump Names Mick Mulvaney Acting Chief of Staff,The New York Times,2018,12,15,12,0,0,0,-1
Johnson & Johnson Feared Baby Powder’s Possible Asbestos Link for Years,The New York Times,2018,12,15,12,0,0,0,-1
"West Virginia’s Opioid Crisis: A Journey of Despair, Love and Loss",The New York Times,2018,12,15,12,0,0,0,1
The Hard Truths of Trying to ‘Save’ the Rural Economy,The New York Times,2018,12,15,12,0,0,0,0
Walker Defends Legacy After Signing Bills Limiting Successor’s Power,The New York Times,2018,12,15,12,0,0,0,1
Bolton Warns of Threat From Russia and China in Africa,The New York Times,2018,12,15,12,0,0,0,0
Theresa May Finds No Joy in Brussels. Now What for Brexit?,The New York Times,2018,12,15,12,0,0,0,-1
Russia Slowly Throttles a Ukrainian Port,The New York Times,2018,12,15,12,0,0,0,-1
Australian Gag Order Stokes Global Debate on Secrecy,The New York Times,2018,12,15,12,0,0,0,0
Wisconsin’s Scott Walker Signs Bills Stripping Powers From Incoming Governor,The New York Times,2018,12,15,12,0,0,0,-1
Lists of Priests Accused of Sexual Abuse Are Spilling Out Across the Country,The New York Times,2018,12,15,12,0,0,0,-1
North Carolina Republican Says He Chose to Hire Controversial Operative,The New York Times,2018,12,15,12,0,0,0,-1
Mueller Rejects Flynn’s Attempt to Portray Himself as Victim of the F.B.I.,The New York Times,2018,12,15,12,0,0,0,-1
Michael Cohen Says ‘Of Course’ Trump Knew Hush Payments Were Wrong,The New York Times,2018,12,15,12,0,0,0,-1
"The Senate Passed the Criminal Justice Bill. For Jared Kushner, It’s a Personal Issue and a Rare Victory.",The New York Times,2018,12,15,12,0,0,0,1
"China’s Economy Slows Sharply, in Challenge for Xi Jinping",The New York Times,2018,12,15,12,0,0,0,-1
How a National Security Investigation of Huawei Set Off an International Incident,The New York Times,2018,12,15,12,0,0,0,-1
The Simplest Annuity Explainer We Could Write,The New York Times,2018,12,15,12,0,0,0,-1
How YouTube’s Year-in-Review ‘Rewind’ Video Set Off a Civil War,The New York Times,2018,12,15,12,0,0,0,-1
"After Yellow Vests Come Off, Activists in France Use Facebook to Protest and Plan",The New York Times,2018,12,15,12,0,0,0,-1
Facebook Says Bug Opened Access to Private Photos,The New York Times,2018,12,15,12,0,0,0,-1
N.F.L. Injury Analysis as Fast as You Can Say Ouch,The New York Times,2018,12,15,12,0,0,0,1
Another Very Good ‘Short’ Quarterback Rises From Oklahoma,The New York Times,2018,12,15,12,0,0,0,1
Iowa Basketball Rivalry Fizzles as Big School Ducks the Upstarts,The New York Times,2018,12,15,12,0,0,0,-1
The People of Mbomo Tell Their Stories,The New York Times,2018,12,15,12,0,0,0,1
"Springsteen on Netflix, Where Everyone Can Get a Ticket",The New York Times,2018,12,15,12,0,0,0,1
"Nitehawk Prospect Park Is Finally Ready, Promising Art-House Movies (and Cleaner Floors)",The New York Times,2018,12,15,12,0,0,0,1
What Amazon Could Learn From Google in New York City,The New York Times,2018,12,15,12,0,0,0,1
"She Says Rikers Guards Raped Her, Then Warned: ‘This Never Happened’",The New York Times,2018,12,15,12,0,0,0,-1
You Want Snacks With That? New Jersey Bill Considers Marijuana Delivery,The New York Times,2018,12,15,12,0,0,0,-1
"Nancy Wilson, Singer Who Bridged Jazz and Pop, Is Dead at 81",The New York Times,2018,12,15,12,0,0,0,-1
"Sondra Locke, 74, Is Dead; Oscar-Nominated Actress",The New York Times,2018,12,15,12,0,0,0,1
A Partisan Ruling on Obamacare,The New York Times,2018,12,15,12,0,0,0,1
New Jersey Democrats Play Power Games Too,The New York Times,2018,12,15,12,0,0,0,1
New York City Can Protect Tenants Now,The New York Times,2018,12,15,12,0,0,0,1
The Solace of Birds in Winter,The New York Times,2018,12,15,12,0,0,0,1
An Antidote to Idiocy in ‘Churchill’,The New York Times,2018,12,15,12,0,0,0,1
I Got Rejected 101 Times,The New York Times,2018,12,15,12,0,0,0,-1
Ruling Striking Down Obamacare Moves Health Debate to Center Stage,The New York Times,2018,12,16,13,0,0,0,1
Climate Negotiators Reach an Overtime Deal to Keep Paris Pact Alive,The New York Times,2018,12,16,13,0,0,0,-1
How McKinsey Has Helped Raise the Stature of Authoritarian Governments,The New York Times,2018,12,16,13,0,0,0,1
Are You Ready for the Financial Crisis of 2019?,The New York Times,2018,12,16,13,0,0,0,-1
Walker Defends Legacy After Signing Bills Limiting Successor’s Power,The New York Times,2018,12,16,13,0,0,0,1
Brazil’s Violent Drug Trade Overruns Paraguay: ‘Scenes You Only See in Movies’,The New York Times,2018,12,16,13,0,0,0,-1
"Virgin of Guadalupe Is ‘No. 1 Mother’ in Mexico, a Binding Force Across Divides",The New York Times,2018,12,16,13,0,0,0,1
‘Yellow Vest’ Protests Dwindle Amid Warnings and Concessions,The New York Times,2018,12,16,13,0,0,0,-1
"A Museum Honoring Judy Chicago, Star of Feminist Art? Not in This ‘Sleepy Little Town’",The New York Times,2018,12,16,13,0,0,0,-1
"Ryan Zinke, Face of Trump Environmental Rollbacks, Is Leaving Interior Department",The New York Times,2018,12,16,13,0,0,0,-1
National Park Service Now Owns the Home Where Martin Luther King Jr. Was Born,The New York Times,2018,12,16,13,0,0,0,1
"As the Trumps Dodged Taxes, Their Tenants Paid a Price",The New York Times,2018,12,16,13,0,0,0,0
Mulvaney Called Trump a ‘Terrible Human Being’ in 2016,The New York Times,2018,12,16,13,0,0,0,-1
Mueller Is Fighting a Witness in Court. Who Is It?,The New York Times,2018,12,16,13,0,0,0,-1
"Investors Have Nowhere to Hide as Stocks, Bonds and Commodities All Tumble",The New York Times,2018,12,16,13,0,0,0,-1
Star Economist at Harvard Faces Sexual Harassment Complaints,The New York Times,2018,12,16,13,0,0,0,-1
A Chinese Tycoon Sought Power and Influence. Washington Responded.,The New York Times,2018,12,16,13,0,0,0,-1
Trail Blazers’ Game-Day Posters Are Often First Shot Against Opponents,The New York Times,2018,12,16,13,0,0,0,1
"First in Trophies, First in Revenue, Sixth in the Table",The New York Times,2018,12,16,13,0,0,0,1
The Ravens’ Down-to-Earth Approach Is Unnerving the N.F.L.,The New York Times,2018,12,16,13,0,0,0,1
Ellen DeGeneres Is Not as Nice as You Think,The New York Times,2018,12,16,13,0,0,0,-1
‘Clueless’ Was Amy Heckerling’s Masterpiece. Is She Done With It? As If.,The New York Times,2018,12,16,13,0,0,0,-1
Rib-Eye Steak With a Side of Shakespeare,The New York Times,2018,12,16,13,0,0,0,1
"The Director James Wan: If ‘Aquaman’ Doesn’t Work, Blame Me",The New York Times,2018,12,16,13,0,0,0,-1
‘Mortal Engines’: How the Filmmakers Created a Roaming London,The New York Times,2018,12,16,13,0,0,0,1
"‘Capernaum’ Is Not Just a Film, but a Rallying Cry",The New York Times,2018,12,16,13,0,0,0,1
"Welcome to Брайтон Бич, Brooklyn",The New York Times,2018,12,16,13,0,0,0,1
The Return of the ‘Bad Boys’ of Chinatown,The New York Times,2018,12,16,13,0,0,0,-1
Maybe It’s Not Taxes That Scare Off Business but Failing Subways,The New York Times,2018,12,16,13,0,0,0,-1
He Helped Build an Artists’ Utopia. Now He Faces Trial for 36 Deaths There.,The New York Times,2018,12,16,13,0,0,0,-1
"After ‘Gravity,’ Alfonso Cuarón Had His Pick of Directing Blockbusters. Instead, He Went Home to Make ‘Roma.’",The New York Times,2018,12,16,13,0,0,0,-1
What Happens When Facebook Goes the Way of Myspace?,The New York Times,2018,12,16,13,0,0,0,-1
"In Chilean Patagonia, Following a Track to the End of the World",The New York Times,2018,12,16,13,0,0,0,-1
Checking In? No Thanks. I’m Just Here to Use the Wi-Fi.,The New York Times,2018,12,16,13,0,0,0,-1
What Travelers Need to Know About the Paris Riots,The New York Times,2018,12,16,13,0,0,0,1
"Forget the Suburbs, It’s Country or Bust",The New York Times,2018,12,16,13,0,0,0,-1
Spying on the Dog (or Cat),The New York Times,2018,12,16,13,0,0,0,0
Finding Her Place at Westbeth,The New York Times,2018,12,16,13,0,0,0,1
The Octomom Has Proved Us All Wrong,The New York Times,2018,12,16,13,0,0,0,-1
Where to Find a Ceramic Christmas Tree?,The New York Times,2018,12,16,13,0,0,0,-1
Rookie Cataloged a Generation of Girlhood,The New York Times,2018,12,16,13,0,0,0,1
"Fred Greenstein, 88, Dies; Political ‘Psychologist’ Assessed Presidents",The New York Times,2018,12,16,13,0,0,0,-1
John Gibbons Dies at 94; Argued for Rights for Guantánamo Detainees,The New York Times,2018,12,16,13,0,0,0,-1
"Joan Steinbrenner, 83, Yankees Vice-Chairwoman and Owner’s Widow, Dies",The New York Times,2018,12,16,13,0,0,0,-1
Don’t Tear Up This Treaty,The New York Times,2018,12,16,13,0,0,0,1
New Jersey Democrats Play Power Games Too,The New York Times,2018,12,16,13,0,0,0,1
The Year Justice Caught Up With Trumpworld,The New York Times,2018,12,16,13,0,0,0,-1
Survival of the Sneakiest,The New York Times,2018,12,16,13,0,0,0,0
"So, I Asked People in Saudi Arabia About Their Mad, Murderous Crown Prince",The New York Times,2018,12,16,13,0,0,0,-1
Trump Makes Surprise Visit to American Troops in Iraq,The New York Times,2018,12,27,14,0,0,0,0
Stocks Bounce Back From Edge of Bear Market,The New York Times,2018,12,27,14,0,0,0,-1
‘A Breaking Point’: Second Child’s Death Prompts New Procedures for Border Agency,The New York Times,2018,12,27,14,0,0,0,1
President Trump’s Retreat on the Environment Is Affecting Communities Across America,The New York Times,2018,12,27,14,0,0,0,1
Donald Trump Is Bad for Israel,The New York Times,2018,12,27,14,0,0,0,-1
Trek Into Congo Forest Reveals an Ebola Crisis Fueled by Violence,The New York Times,2018,12,27,14,0,0,0,-1
"Thailand to Allow Medical Marijuana, a First in Southeast Asia",The New York Times,2018,12,27,14,0,0,0,-1
Iran’s Economic Crisis Drags Down the Middle Class Almost Overnight,The New York Times,2018,12,27,14,0,0,0,-1
"Happy New Year! May Your City Never Become San Francisco, New York or Seattle",The New York Times,2018,12,27,14,0,0,0,1
"First Las Vegas, Then Thousand Oaks. Now He Must Survive in Afghanistan.",The New York Times,2018,12,27,14,0,0,0,1
Ruth Bader Ginsburg Is Discharged From Hospital After Surgery,The New York Times,2018,12,27,14,0,0,0,-1
End of Government Shutdown May Depend on the Definition of ‘Wall’,The New York Times,2018,12,27,14,0,0,0,-1
"As Shutdown Lingers, Only Guarantee for Federal Workers Is More Uncertainty",The New York Times,2018,12,27,14,0,0,0,-1
"Federal Workers, Some in ‘Panic Mode,’ Share Shutdown Fears on Social Media",The New York Times,2018,12,27,14,0,0,0,-1
"A $21,000 Cosmetology School Debt, and a $9-an-Hour Job",The New York Times,2018,12,27,14,0,0,0,-1
India Curbs Power of Amazon and Walmart to Sell Products Online,The New York Times,2018,12,27,14,0,0,0,-1
"Japan to Resume Commercial Whaling, Defying International Ban",The New York Times,2018,12,27,14,0,0,0,-1
LinkedIn Co-Founder Apologizes for Deception in Alabama Senate Race,The New York Times,2018,12,27,14,0,0,0,-1
The Tech That Was Fixed in 2018 and the Tech That Still Needs Fixing,The New York Times,2018,12,27,14,0,0,0,-1
One Giant Step for a Chess-Playing Machine,The New York Times,2018,12,27,14,0,0,0,1
Colin O’Brady Completes Crossing of Antarctica With Final 32-Hour Push,The New York Times,2018,12,27,14,0,0,0,1
"The Town Where the Shots Go Up, and the Records Fall",The New York Times,2018,12,27,14,0,0,0,-1
There Are Lakers Not Named LeBron James — and They Are Not So Bad,The New York Times,2018,12,27,14,0,0,0,1
"Bad Bunny Broke Boundaries in 2018. His Debut, ‘X 100PRE,’ Demolishes More.",The New York Times,2018,12,27,14,0,0,0,0
"In a Season of Boys’ Choirs, a Question: Why No Girls?",The New York Times,2018,12,27,14,0,0,0,0
"Late-Night TV in 2018: Trump, Trump, Facebook and More Trump",The New York Times,2018,12,27,14,0,0,0,-1
‘What the Hell Is This?’ Officer in Viral Subway Video Didn’t Know He Had Gone Viral,The New York Times,2018,12,27,14,0,0,0,-1
Let the Fountain Pens Flow!,The New York Times,2018,12,27,14,0,0,0,1
The Sound of Silence,The New York Times,2018,12,27,14,0,0,0,-1
Is ‘Vintage’ Clothing Over?,The New York Times,2018,12,27,14,0,0,0,0
"Deaths Seized the Attention of Millions in 2018, Sometimes Surprisingly",The New York Times,2018,12,27,14,0,0,0,-1
"Sister Wendy Beckett, Nun Who Became a BBC Star, Dies at 88",The New York Times,2018,12,27,14,0,0,0,-1
"Larry Eisenberg, 99, Dead; His Limericks Were Very Well Read",The New York Times,2018,12,27,14,0,0,0,1
Trump Imperils the Planet,The New York Times,2018,12,27,14,0,0,0,-1
‘It’s an Act of Murder’: How Europe Outsources Suffering as Migrants Drown,The New York Times,2018,12,27,14,0,0,0,-1
"Is CBD Helpful, or Just Hype?",The New York Times,2018,12,27,14,0,0,0,-1
Our Cellphones Aren’t Safe,The New York Times,2018,12,27,14,0,0,0,-1
"In Newly Divided Government, Who Will Control the Political Agenda?",The New York Times,2019,1,2,15,0,0,0,-1
"Kim and Trump Back at Square 1: If U.S. Keeps Sanctions, North Will Keep Nuclear Program",The New York Times,2019,1,2,15,0,0,0,0
How Biden Has Paved the Way for a Possible Presidential Run,The New York Times,2019,1,2,15,0,0,0,1
How to Crush Your Habits in the New Year With the Help of Science,The New York Times,2019,1,2,15,0,0,0,1
"NASA’s New Horizons Takes Photos of Ultima Thule, 4 Billion Miles Away",The New York Times,2019,1,2,15,0,0,0,1
Xi Jinping Warns Taiwan That Unification Is the Goal and Force Is an Option,The New York Times,2019,1,2,15,0,0,0,0
"Jair Bolsonaro Sworn In as Brazil’s President, Cementing Rightward Shift",The New York Times,2019,1,2,15,0,0,0,1
"Shutdown Leaves Food, Medicine and Pay in Doubt in Indian Country",The New York Times,2019,1,2,15,0,0,0,-1
Police Searching for Gunman Who Fired Into Car and Killed a 7-Year-Old,The New York Times,2019,1,2,15,0,0,0,-1
James Watson Had a Chance to Salvage His Reputation on Race. He Made Things Worse.,The New York Times,2019,1,2,15,0,0,0,-1
"As China Talks Begin, Trump’s Trade Negotiator Tries to Keep President From Wavering",The New York Times,2019,1,2,15,0,0,0,-1
Mitt Romney Says Trump ‘Has Not Risen to the Mantle of the Office’,The New York Times,2019,1,2,15,0,0,0,-1
U.S. Agents Fire Tear Gas Across Mexican Border,The New York Times,2019,1,2,15,0,0,0,-1
Will 2019 Be a Good Year for Investors? Here Are 4 Key Factors Affecting Stocks and the Economy,The New York Times,2019,1,2,15,0,0,0,1
Netflix Blocks Show in Saudi Arabia Critical of Saudi Prince,The New York Times,2019,1,2,15,0,0,0,-1
"In the Race for Content, Hollywood Is Buying Up Hit Podcasts",The New York Times,2019,1,2,15,0,0,0,0
Curbs on A.I. Exports? Silicon Valley Fears Losing Its Edge,The New York Times,2019,1,2,15,0,0,0,-1
"In High-Tech Cities, No More Potholes, but What About Privacy?",The New York Times,2019,1,2,15,0,0,0,1
"Big Tech May Look Troubled, but It’s Just Getting Started",The New York Times,2019,1,2,15,0,0,0,1
"As His Parting Gift, Urban Meyer Gives Ohio State a Rose Bowl Victory",The New York Times,2019,1,2,15,0,0,0,1
Another Season Comes and Goes While Pac-12 Struggles to Keep Up,The New York Times,2019,1,2,15,0,0,0,-1
Roger Federer Struggles With Serena Williams’s Serve. And Vice Versa.,The New York Times,2019,1,2,15,0,0,0,-1
10 Things Our Critics Are Looking Forward to in 2019,The New York Times,2019,1,2,15,0,0,0,1
Review: Met Opera’s ‘Adriana Lecouvreur’ Bristles With Passion and Danger,The New York Times,2019,1,2,15,0,0,0,1
"In Stories From an Argentine Surrealist, Circles of Madness and Violence",The New York Times,2019,1,2,15,0,0,0,1
Why the West Coast Is Suddenly Beating the East Coast on Transportation,The New York Times,2019,1,2,15,0,0,0,1
"At Inauguration, Cuomo Rallies State Against Trump",The New York Times,2019,1,2,15,0,0,0,0
"Traffic Deaths in New York City Drop to 200, a Record Low",The New York Times,2019,1,2,15,0,0,0,-1
How to Eat in 2019,The New York Times,2019,1,2,15,0,0,0,1
Bangladeshi Food Is a Rarity Around New York. This Place Helps Fill the Void.,The New York Times,2019,1,2,15,0,0,0,1
Hwaban Is the Modern Korean Restaurant Where You’d Take Your Mother,The New York Times,2019,1,2,15,0,0,0,1
"Aldo Parisot, Eminent Cello Teacher and Yale Fixture, Dies at 100",The New York Times,2019,1,2,15,0,0,0,-1
"Judith Rich Harris, 80, Dies; Author Played Down the Role of Parents",The New York Times,2019,1,2,15,0,0,0,-1
"Norman Gimbel, 91, Grammy and Oscar-Winning Lyricist, Is Dead",The New York Times,2019,1,2,15,0,0,0,-1
The Trump Tax Cut: Even Worse Than You’ve Heard,The New York Times,2019,1,2,15,0,0,0,-1
Trump Suggests Government Shutdown Could Last for ‘Months or Even Years’,The New York Times,2019,1,5,16,0,0,0,-1
Strong Hiring and Fed Chief’s Reassurance on Rates Delight Investors,The New York Times,2019,1,5,16,0,0,0,1
Rashida Tlaib’s Expletive-Laden Cry to Impeach Trump Upends Democrats’ Talking Points,The New York Times,2019,1,5,16,0,0,0,-1
"She’s on a #MeToo Mission in China, Battling Censors and Lawsuits",The New York Times,2019,1,5,16,0,0,0,-1
Must Writers Be Moral? Their Contracts May Require It,The New York Times,2019,1,5,16,0,0,0,-1
‘I Did Say That’: Trump Suggests Shutdown Could Last for Months,The New York Times,2019,1,5,16,0,0,0,-1
"Fed Is Willing to ‘Revisit’ Views on Rate Increases, Chairman Says",The New York Times,2019,1,5,16,0,0,0,1
Cyberconflict: Why the Worst Is Yet to Come,The New York Times,2019,1,5,16,0,0,0,-1
Matteo Salvini Likes Nutella and Kittens. It’s All Part of a Social Media Strategy.,The New York Times,2019,1,5,16,0,0,0,1
"American Detained in Moscow Also Has British, Irish and Canadian Passports",The New York Times,2019,1,5,16,0,0,0,-1
Opposition Leader Is Seen by Church as Winning Congo Vote,The New York Times,2019,1,5,16,0,0,0,1
The Price of Trump’s Migrant Deterrence Strategy: New Chaos on the Border,The New York Times,2019,1,5,16,0,0,0,0
Supreme Court Takes Up New Cases on Partisan Gerrymandering,The New York Times,2019,1,5,16,0,0,0,0
U.S. to Investigate Discrimination Against Native Students on Montana Reservation,The New York Times,2019,1,5,16,0,0,0,0
Trump Raises Possibility of Declaring National Emergency at Border,The New York Times,2019,1,5,16,0,0,0,-1
"Trump’s Wall, Trump’s Shutdown and Trump’s Side of the Story",The New York Times,2019,1,5,16,0,0,0,-1
"Alexandria Ocasio-Cortez Dancing Video Was Meant as a Smear, but It Backfired",The New York Times,2019,1,5,16,0,0,0,-1
This Expert Called the Market Plunge. Here’s What He Sees in 2019.,The New York Times,2019,1,5,16,0,0,0,-1
F.D.A. Accuses Juul and Altria of Backing Off Plan to Stop Youth Vaping,The New York Times,2019,1,5,16,0,0,0,-1
Wells Fargo Should Be More Generous With Federal Workers.,The New York Times,2019,1,5,16,0,0,0,-1
"Hackers Leak Details of German Lawmakers, Except Those on Far Right",The New York Times,2019,1,5,16,0,0,0,-1
Marriott Concedes 5 Million Passport Numbers Lost to Hackers Were Not Encrypted,The New York Times,2019,1,5,16,0,0,0,-1
"In Price and Value, Chinese Phone Makers Outpace Apple in Much of the World",The New York Times,2019,1,5,16,0,0,0,1
Hard Feelings in San Antonio as Kawhi Leonard Returns,The New York Times,2019,1,5,16,0,0,0,1
A Mighty Tree Grows in Georgetown. It Belongs to Patrick Ewing and Alonzo Mourning.,The New York Times,2019,1,5,16,0,0,0,1
4 Reasons the Tampa Bay Lightning Have Dominated the N.H.L.,The New York Times,2019,1,5,16,0,0,0,1
"‘Bandersnatch,’ ‘The Sopranos,’ and the Myth of Certainty",The New York Times,2019,1,5,16,0,0,0,1
"Cornelia Street Café, a Pillar of Greenwich Village Experimentation, Closes Its Doors",The New York Times,2019,1,5,16,0,0,0,-1
‘A Quiet Place’ Was a Huge Hit. Will Oscar Listen?,The New York Times,2019,1,5,16,0,0,0,1
The L Train Shutdown Plan Was 3 Years in the Making. It Unraveled in 3 Weeks.,The New York Times,2019,1,5,16,0,0,0,-1
El Chapo Trial: How a Cartel Prince Left the Drug Trade,The New York Times,2019,1,5,16,0,0,0,1
They Upended Their Lives to Avoid the L Train Shutdown. Then There Was No Shutdown.,The New York Times,2019,1,5,16,0,0,0,-1
"‘Bandersnatch’ Has Many Paths, but Do Any of Them Add Up to Anything?",The New York Times,2019,1,5,16,0,0,0,0
Neil deGrasse Tyson’s Show Is Pulled Amid Misconduct Allegations,The New York Times,2019,1,5,16,0,0,0,-1
Ellen DeGeneres: Academy Should Reinstate Kevin Hart as Oscars Host,The New York Times,2019,1,5,16,0,0,0,-1
"Christine McGuire, Eldest of the Singing Sisters, Is Dead at 92",The New York Times,2019,1,5,16,0,0,0,-1
"Dean Ford, Singer on Marmalade’s ‘Reflections,’ Is Dead at 72",The New York Times,2019,1,5,16,0,0,0,-1
"Honey Lantree, 75, Rarity as a Female ’60s Rock Drummer, Is Dead",The New York Times,2019,1,5,16,0,0,0,-1
The Latest Front Against Civil Rights,The New York Times,2019,1,5,16,0,0,0,0
A Eureka Moment for the Subway?,The New York Times,2019,1,5,16,0,0,0,1
The Democratic Primary Doesn’t Have to Be a Nightmare,The New York Times,2019,1,5,16,0,0,0,1
What Have the Elites Ever Done for Fox?,The New York Times,2019,1,5,16,0,0,0,0
Amos Oz’s Rebuke to Cowardice,The New York Times,2019,1,5,16,0,0,0,-1
Trump Storms Out of White House Meeting With Democrats on Shutdown,The New York Times,2019,1,10,17,0,0,0,-1
"Trump’s Emergency Powers Threat Could End Shutdown Crisis, but at What Cost?",The New York Times,2019,1,10,17,0,0,0,-1
How Chummy Are Junk Food Giants and China’s Health Officials? They Share Offices,The New York Times,2019,1,10,17,0,0,0,-1
Trump Hits the Wall,The New York Times,2019,1,10,17,0,0,0,0
Schumer Accuses Trump of ‘Temper Tantrum’ in Shutdown Meeting,The New York Times,2019,1,10,17,0,0,0,-1
Stranded Migrants Are Finally Brought to Shore After 19 Days,The New York Times,2019,1,10,17,0,0,0,0
"American Boy, 16, Caught Fighting for ISIS in Syria, Militia Says",The New York Times,2019,1,10,17,0,0,0,-1
"Congo Says Felix Tshisekedi Won Election, Rebuffing Independent Review",The New York Times,2019,1,10,17,0,0,0,-1
"Washington’s Strong Economy, Financed by Taxpayers, Takes Hit From Shutdown",The New York Times,2019,1,10,17,0,0,0,-1
Victims of Abuse by Religious Order Priests Say Their Claims Fall Through the Cracks,The New York Times,2019,1,10,17,0,0,0,-1
Judge Dismisses Part of Ashley Judd’s Lawsuit Against Harvey Weinstein,The New York Times,2019,1,10,17,0,0,0,-1
"Rod Rosenstein, a Tough-on-Crime Conservative Thrust Into a Political Maelstrom",The New York Times,2019,1,10,17,0,0,0,-1
"Democrats Start Investigative Gears, but Slowly",The New York Times,2019,1,10,17,0,0,0,-1
"Tom Steyer, Billionaire Impeachment Activist, Won’t Run Against Trump",The New York Times,2019,1,10,17,0,0,0,1
"South Korea Raised Taxes in Bid for Growth. So Far, It’s Not Working.",The New York Times,2019,1,10,17,0,0,0,-1
"John Lasseter, Ousted From Pixar in #MeToo Wave, Finds New Hollywood Home",The New York Times,2019,1,10,17,0,0,0,1
Fiat Chrysler Is Expected to Pay Nearly $650 Million in Emissions Case,The New York Times,2019,1,10,17,0,0,0,-1
CES 2019: It’s the Year of Virtual Assistants and 5G,The New York Times,2019,1,10,17,0,0,0,1
"To Cover China, There’s No Substitute for WeChat",The New York Times,2019,1,10,17,0,0,0,0
Jeff Bezos of Amazon and MacKenzie Bezos Plan to Divorce,The New York Times,2019,1,10,17,0,0,0,-1
An N.B.A. Star Takes On Erdogan,The New York Times,2019,1,10,17,0,0,0,0
"In Adam Gase, Jets Pick a Coach They Could Rarely Beat",The New York Times,2019,1,10,17,0,0,0,1
Down and Out of Tennis at 22. Back at 28.,The New York Times,2019,1,10,17,0,0,0,-1
Wakanda for Oscar?,The New York Times,2019,1,10,17,0,0,0,0
Philip Glass and John Adams on a Bowie-Inspired New Symphony,The New York Times,2019,1,10,17,0,0,0,1
Woodstock Returns Again on the Festival’s 50th Anniversary,The New York Times,2019,1,10,17,0,0,0,1
"Paid Vacation to Be Required for Private Sector Workers, Mayor Says",The New York Times,2019,1,10,17,0,0,0,1
Video Shows Police Officers Beating Men on Manhattan Street in Wild Melee,The New York Times,2019,1,10,17,0,0,0,-1
Colorado’s Got a Gay Governor. Who Cares?,The New York Times,2019,1,10,17,0,0,0,-1
How to Make a Millennial Feel Cozy in Just One Beverage,The New York Times,2019,1,10,17,0,0,0,1
What We Saw at London Fashion Week Men’s,The New York Times,2019,1,10,17,0,0,0,1
"Mary Kay Stearns, 93, a Star of One of TV’s Earliest Shows, Dies",The New York Times,2019,1,10,17,0,0,0,-1
"Larry Langford, Convicted Former Birmingham Mayor, Dies at 72",The New York Times,2019,1,10,17,0,0,0,-1
"Peter Meldrum, Who Lost a Fight to Patent Genes, Dies at 71",The New York Times,2019,1,10,17,0,0,0,0
Jair Bolsonaro Takes Power. With a Vengeance.,The New York Times,2019,1,10,17,0,0,0,1
You Should Meditate Every Day,The New York Times,2019,1,10,17,0,0,0,1
Have We Had Enough of the Imperial Presidency Yet?,The New York Times,2019,1,10,17,0,0,0,1
I Am Pro-Life. Don’t Call Me Anti-Abortion.,The New York Times,2019,1,10,17,0,0,0,0
May and Brexit Face Uncertain Future After Crushing Vote in Parliament,The New York Times,2019,1,16,18,0,0,0,-1
William Barr Vows to Let Mueller Finish Investigation,The New York Times,2019,1,16,18,0,0,0,0
"Shutdown’s Economic Damage Starts to Pile Up, Threatening an End to Growth",The New York Times,2019,1,16,18,0,0,0,-1
Britain Needs a Miracle,The New York Times,2019,1,16,18,0,0,0,1
House Passes Resolution Condemning White Supremacy,The New York Times,2019,1,16,18,0,0,0,0
Barr: Mueller Should ‘Complete His Work’,The New York Times,2019,1,16,18,0,0,0,-1
Who Is Kirsten Gillibrand? | 2020 Presidential Candidate,The New York Times,2019,1,16,18,0,0,0,1
Trump and Putin Have Met Five Times. What Was Said Is a Mystery.,The New York Times,2019,1,16,18,0,0,0,0
Shabab Claim Responsibility for Deadly Assault on Nairobi Hotel-Office Complex,The New York Times,2019,1,16,18,0,0,0,-1
"Venezuela Opposition Declares Maduro Illegitimate, and Urges Defections",The New York Times,2019,1,16,18,0,0,0,-1
Carol Channing Dies at 97; a Larger-Than-Life Broadway Star,The New York Times,2019,1,16,18,0,0,0,0
‘The Shutdown Makes Me Nervous’: Young People Caught Up in Impasse,The New York Times,2019,1,16,18,0,0,0,-1
Here’s How the Shutdown Is Delaying Climate Data and Undercutting Scientists,The New York Times,2019,1,16,18,0,0,0,-1
Republicans Rebuke Steve King but Face Vexing Question: Why Not Sooner?,The New York Times,2019,1,16,18,0,0,0,-1
Court Blocks Trump Administration From Asking About Citizenship in Census,The New York Times,2019,1,16,18,0,0,0,-1
Supreme Court Concludes That Snatching a Necklace Is a Violent Felony,The New York Times,2019,1,16,18,0,0,0,-1
"Sacklers Directed Efforts to Mislead Public About OxyContin, Court Filing Claims",The New York Times,2019,1,16,18,0,0,0,-1
"Goodbye, New York. Adam Moss Is Leaving the Magazine He Has Edited for 15 Years.",The New York Times,2019,1,16,18,0,0,0,-1
"Expecting a Huge Payout, Investment Banker Loses His New Job Instead",The New York Times,2019,1,16,18,0,0,0,-1
Huawei’s Reclusive Founder Rejects Spying and Praises Trump,The New York Times,2019,1,16,18,0,0,0,1
U.S. Charges 2 With Hacking Into S.E.C. System in Stock-Trading Scheme,The New York Times,2019,1,16,18,0,0,0,-1
"In Portland, Scooter Start-Ups Played Nice. Regulators Took Note.",The New York Times,2019,1,16,18,0,0,0,1
"A Champion for Britain, and for Women’s Tennis",The New York Times,2019,1,16,18,0,0,0,1
The N.F.L.’s Minority Head Coaching Ranks Are Thinning,The New York Times,2019,1,16,18,0,0,0,-1
Senegal’s Museum of Black Civilizations Welcomes Some Treasures Home,The New York Times,2019,1,16,18,0,0,0,1
M. Night Shyamalan’s Biggest Twist? Coming Full Circle,The New York Times,2019,1,16,18,0,0,0,1
A Newly Published Story for the New Way We Read Sylvia Plath,The New York Times,2019,1,16,18,0,0,0,1
"Cuomo Swooped in as L-Train Savior, but M.T.A. Rejected Similar Approach Over Safety Concerns",The New York Times,2019,1,16,18,0,0,0,-1
"Former Mexican President Peña Nieto Took $100 Million Bribe, Witness at El Chapo Trial Says",The New York Times,2019,1,16,18,0,0,0,-1
"Benno, Proudly Out of Step With the Age",The New York Times,2019,1,16,18,0,0,0,1
A California Chef Learns to Swim in Changed Waters,The New York Times,2019,1,16,18,0,0,0,1
"Wanted: A Nice Dinner Place for a Maine Island With a Long, Hungry Winter",The New York Times,2019,1,16,18,0,0,0,1
"John Burningham, Author Who Piqued Young Imaginations, Dies at 82",The New York Times,2019,1,16,18,0,0,0,-1
"Clydie King, Top-Tier Backup Singer on Big Hits, Is Dead at 75",The New York Times,2019,1,16,18,0,0,0,-1
"J.D. Gibbs, Who Helped Make Nascar Stars, Is Dead at 49",The New York Times,2019,1,16,18,0,0,0,-1
How to Make New York as Progressive on Criminal Justice as Texas,The New York Times,2019,1,16,18,0,0,0,1
"Republicans, Racism and Steve King",The New York Times,2019,1,16,18,0,0,0,-1
Is 2019 Over Yet?,The New York Times,2019,1,16,18,0,0,0,1
"Actually, the Numbers Show That We Need More Immigration, Not Less",The New York Times,2019,1,16,18,0,0,0,-1
"ISIS Attack in Syria Kills 4 Americans, Raising New Worries About Troop Withdrawal",The New York Times,2019,1,17,19,0,0,0,-1
Theresa May Survives No-Confidence Vote in British Parliament,The New York Times,2019,1,17,19,0,0,0,0
Pelosi Asks Trump to Reschedule State of the Union Amid Shutdown,The New York Times,2019,1,17,19,0,0,0,-1
‘How Could We Not Know?’ Kidnapping Suspect Hid in Plain Sight,The New York Times,2019,1,17,19,0,0,0,-1
The Integrity of William Barr,The New York Times,2019,1,17,19,0,0,0,1
Video Shows Deadly Blast in Syria,The New York Times,2019,1,17,19,0,0,0,-1
May Vows to Deliver on Brexit After Surviving No-Confidence Vote,The New York Times,2019,1,17,19,0,0,0,1
Pelosi Calls for Postponing State of the Union,The New York Times,2019,1,17,19,0,0,0,-1
"Corbyn Will Decide Fate of Brexit, Whether He Wants to or Not",The New York Times,2019,1,17,19,0,0,0,-1
Death Toll Rises in Kenya Attack as Distraught Relatives Scramble,The New York Times,2019,1,17,19,0,0,0,-1
A $100 Million Bribe to the President? Mexicans Shrug,The New York Times,2019,1,17,19,0,0,0,-1
How One Socialist Lawmaker Is Trying to Change His State’s Pro-Business Policies,The New York Times,2019,1,17,19,0,0,0,-1
"Andrew Wheeler, at E.P.A. Confirmation Hearing, Walks a Fine Line on Climate Change",The New York Times,2019,1,17,19,0,0,0,1
Justices Express Skepticism of Tennessee Law on Liquor Stores,The New York Times,2019,1,17,19,0,0,0,1
"In a West Wing in Transition, Trump Tries to Stand Firm on the Shutdown",The New York Times,2019,1,17,19,0,0,0,-1
Will We Ever See Mueller’s Report on Trump? Maybe,The New York Times,2019,1,17,19,0,0,0,-1
"As Republicans Rush to Condemn Steve King, Some Ask: Why Not Trump?",The New York Times,2019,1,17,19,0,0,0,-1
Government Shutdown Shakes Stability of Jobs That Are Often the Best Around,The New York Times,2019,1,17,19,0,0,0,0
Goldman Sachs’s Tactic in Malaysian Fraud Case: Smear an Ex-Partner,The New York Times,2019,1,17,19,0,0,0,-1
French Government Calls for Carlos Ghosn to Be Replaced as Renault’s Leader,The New York Times,2019,1,17,19,0,0,0,-1
Microsoft Pledges $500 Million for Affordable Housing in Seattle Area,The New York Times,2019,1,17,19,0,0,0,-1
YouTube Bans Risky Prank Videos Amid Spate of ‘Bird Box’ Challenge Stunts,The New York Times,2019,1,17,19,0,0,0,-1
How to Sort Through a Cornucopia of Television Shows,The New York Times,2019,1,17,19,0,0,0,-1
"A Male Tennis Pro, a Female Coach and Shrugs for Anyone Who Thinks It Won’t Work",The New York Times,2019,1,17,19,0,0,0,-1
The Warriors Prepare to Add Another Star: DeMarcus Cousins,The New York Times,2019,1,17,19,0,0,0,1
Politics Looms Over Empty Seats as Saudi Arabia Faces Qatar in Asian Cup,The New York Times,2019,1,17,19,0,0,0,-1
‘Project Blue Book’ Is Based on a True U.F.O. Story. Here It Is.,The New York Times,2019,1,17,19,0,0,0,1
What Do the Oscars Gain by Losing a Host?,The New York Times,2019,1,17,19,0,0,0,0
Jaboukie Young-White: A Comic Prodigy With a Veteran’s Killer Moves,The New York Times,2019,1,17,19,0,0,0,1
‘We Are in Control’: 5 Takeaways From Governor Cuomo’s State of the State Speech,The New York Times,2019,1,17,19,0,0,0,0
"Facebook Advertising Profiles Are a Mystery to Most Users, Survey Says",The New York Times,2019,1,17,19,0,0,0,-1
New York Magazine Names a New Editor as Adam Moss Departs,The New York Times,2019,1,17,19,0,0,0,-1
New York’s Lost Department Stores,The New York Times,2019,1,17,19,0,0,0,-1
The Gay Penguins of Australia,The New York Times,2019,1,17,19,0,0,0,-1
"Jo Andres, Innovative Choreographer and Filmmaker, Dies at 64",The New York Times,2019,1,17,19,0,0,0,-1
"Bob Kuechenberg, 71, Dies; Gritty Guard With Champion Dolphins",The New York Times,2019,1,17,19,0,0,0,1
"Theo Adam, Acclaimed in Wagner Operas, Is Dead at 92",The New York Times,2019,1,17,19,0,0,0,-1
Britain Races Toward a Cliff. Time to Slow Down.,The New York Times,2019,1,17,19,0,0,0,-1
Take the Trump-Russia Quiz,The New York Times,2019,1,17,19,0,0,0,-1
The Chart That Shows the Financial Peril Facing Federal Workers,The New York Times,2019,1,17,19,0,0,0,0
Can States Fix the Disaster of American Health Care?,The New York Times,2019,1,17,19,0,0,0,-1
Collapse of Two Plans to End Shutdown Propels Urgent Negotiations,The New York Times,2019,1,25,20,0,0,0,-1
"Nancy Pelosi, a Woman in Control, Is a Rival Who Flummoxes Trump",The New York Times,2019,1,25,20,0,0,0,-1
Russia Warns U.S. Not to Intervene in Venezuela as Military Backs Maduro,The New York Times,2019,1,25,20,0,0,0,-1
Along the U.S.-Mexico Border,The New York Times,2019,1,25,20,0,0,0,0
Pompeo to O.A.S. Members: Recognize Guaidó as Venezuela’s New President,The New York Times,2019,1,25,20,0,0,0,1
Pelosi Pushes Back On Proposed ‘Down Payment’ for Border Wall,The New York Times,2019,1,25,20,0,0,0,-1
"Biden on Liking Republicans: ‘Bless Me Father, for I Have Sinned’",The New York Times,2019,1,25,20,0,0,0,0
U.S. and Taliban Make Headway in Talks for Withdrawal From Afghanistan,The New York Times,2019,1,25,20,0,0,0,-1
"Deadly Ebola Virus Is Found in Liberian Bat, Researchers Say",The New York Times,2019,1,25,20,0,0,0,-1
"Down to Its Last 2 Villages in Syria, ISIS Still Fights Back",The New York Times,2019,1,25,20,0,0,0,-1
‘We Didn’t Get Ph.D.s Just to Sit Around’: Civil Servants’ Good Will Erodes,The New York Times,2019,1,25,20,0,0,0,-1
"After Falling Under Obama, America’s Uninsured Rate Looks to Be Rising",The New York Times,2019,1,25,20,0,0,0,0
A ‘Let Them Eat Cake’ Shutdown? Democrats Make the Most of an Administration’s Missteps,The New York Times,2019,1,25,20,0,0,0,-1
Senate Intelligence Committee Subpoenas Trump Attorney Michael Cohen,The New York Times,2019,1,25,20,0,0,0,-1
U.S. to Begin Blocking Asylum Seekers From Entering Over Mexican Border,The New York Times,2019,1,25,20,0,0,0,-1
PG&E Is Cleared in Deadly Tubbs Fire of 2017,The New York Times,2019,1,25,20,0,0,0,0
Renault Names New Leaders to Replace Carlos Ghosn,The New York Times,2019,1,25,20,0,0,0,1
Warren’s Plan Is Latest Push by Democrats to Raise Taxes on the Rich,The New York Times,2019,1,25,20,0,0,0,-1
Amazon Is Pushing Facial Technology That a Study Says Could Be Biased,The New York Times,2019,1,25,20,0,0,0,-1
Intel Searches (and Searches) for a New C.E.O.,The New York Times,2019,1,25,20,0,0,0,-1
Are Electric Cars Only for the Rich? Sacramento Is Challenging That Notion,The New York Times,2019,1,25,20,0,0,0,1
"To Learn to Win, the Denver Nuggets Had to Lose (Badly)",The New York Times,2019,1,25,20,0,0,0,0
Kvitova and Osaka Will Play for Australian Open Title and No. 1 Ranking,The New York Times,2019,1,25,20,0,0,0,1
How a Global Reputation Is Changing an Amateur Derby,The New York Times,2019,1,25,20,0,0,0,0
Slashing His Way to the Sublime,The New York Times,2019,1,25,20,0,0,0,1
Review: Ethan Hawke and Paul Dano Go Mano a Mano in the Riveting ‘True West’,The New York Times,2019,1,25,20,0,0,0,1
Review: A Netflix Legal Thriller Weighs Genocide and Guilt,The New York Times,2019,1,25,20,0,0,0,1
"‘The Image Book’ Review: Godard Looks at Violence, and Movies",The New York Times,2019,1,25,20,0,0,0,0
"‘Serenity’ Review: Matthew McConaughey, Anne Hathaway and One Very Bad Mess",The New York Times,2019,1,25,20,0,0,0,-1
"Review: Revisiting a Film from Ida Lupino, Hollywood Star Turned Director",The New York Times,2019,1,25,20,0,0,0,1
"The $238 Million Penthouse, and the Hedge Fund Billionaire Who May Rarely Live There",The New York Times,2019,1,25,20,0,0,0,1
The L Train Shutdown Was Averted. Can the Brooklyn Promenade Stay Open Too?,The New York Times,2019,1,25,20,0,0,0,-1
"Trump and Cohen Received Gun Licenses in Exchange for Favors, Former Police Official Alleges",The New York Times,2019,1,25,20,0,0,0,-1
Diana Athill Dies at 101; Wrote Cleareyed Memoirs of Love and Sex,The New York Times,2019,1,25,20,0,0,0,1
"Rita Vidaurri, Ranchera Singer Who Reclaimed Her Career, Dies at 94",The New York Times,2019,1,25,20,0,0,0,-1
"Norman Goodman, 95, Dies; Summoned Manhattanites to Jury Duty, Like It or Not",The New York Times,2019,1,25,20,0,0,0,-1
Venezuela: Between Maduro and a Hard Place,The New York Times,2019,1,25,20,0,0,0,1
Who Needs a Paycheck Anyway?,The New York Times,2019,1,25,20,0,0,0,-1
Why Trump Will Lose in 2020,The New York Times,2019,1,25,20,0,0,0,-1
Our Longest War Is Still an Important War,The New York Times,2019,1,25,20,0,0,0,1
"Pope Francis Ends Landmark Sex Abuse Meeting With Strong Words, but Few Actions",The New York Times,2019,2,25,21,0,0,0,0
"In Conservative Districts, Democrats Have to Answer for Party’s Left Wing",The New York Times,2019,2,25,21,0,0,0,-1
Netanyahu Sparks Outrage Over Pact With Racist Party,The New York Times,2019,2,25,21,0,0,0,-1
"Oscars 2019: ‘Green Book,’ Rami Malek and Olivia Colman Are Winners",The New York Times,2019,2,25,21,0,0,0,1
How the Upper Middle Class Is Really Doing,The New York Times,2019,2,25,21,0,0,0,1
"‘Austerity, That’s What I Know’: The Making of a Young U.K. Socialist",The New York Times,2019,2,25,21,0,0,0,1
"With Aid Blocked at Border, What’s Next Move for Venezuela’s Opposition?",The New York Times,2019,2,25,21,0,0,0,-1
The Police Were Called for Help. They Arrested Her Instead.,The New York Times,2019,2,25,21,0,0,0,-1
Can America Still Build Big? A California Rail Project Raises Doubts,The New York Times,2019,2,25,21,0,0,0,-1
"Drafting Only Men for the Military Is Unconstitutional, Judge Rules",The New York Times,2019,2,25,21,0,0,0,-1
What You Really Want to Know About the Candidates for Chicago Mayor,The New York Times,2019,2,25,21,0,0,0,1
40-Foot Cross Divides a Community and Prompts a Supreme Court Battle,The New York Times,2019,2,25,21,0,0,0,1
Democrats Prepared to Subpoena Mueller and Take Fight Over Report to Court,The New York Times,2019,2,25,21,0,0,0,-1
"U.S. and China Extend Talks, but Final Deal Remains Elusive",The New York Times,2019,2,25,21,0,0,0,-1
How to Make Time With Family and Loved Ones Count,The New York Times,2019,2,25,21,0,0,0,1
China’s Tech Firms Are Mapping Pig Faces,The New York Times,2019,2,25,21,0,0,0,-1
Huawei’s Plight Hangs Over Wireless Industry Showcase,The New York Times,2019,2,25,21,0,0,0,-1
When the Waiting Room Is Your Living Room,The New York Times,2019,2,25,21,0,0,0,1
Stevie Johnson Still Carries His Grief Onto the Tennis Court,The New York Times,2019,2,25,21,0,0,0,1
Liverpool Draws at Manchester United and Lives to Fight Another Day,The New York Times,2019,2,25,21,0,0,0,0
Mapping Oliver Jeffers’s World,The New York Times,2019,2,25,21,0,0,0,1
The Oscars Red Carpet Is Living Again,The New York Times,2019,2,25,21,0,0,0,1
Review: Ambrogio Maestri Returns for Another Round as ‘Falstaff’,The New York Times,2019,2,25,21,0,0,0,1
"Mayor de Blasio Returns to Iowa, Playing the Role of Coy Presidential Aspirant",The New York Times,2019,2,25,21,0,0,0,0
N.Y.C. Special Election: 7 Factors That Will Help Decide the Public Advocate Race,The New York Times,2019,2,25,21,0,0,0,1
"Overlooked No More: Dorothy Bolden, Who Started a Movement for Domestic Workers",The New York Times,2019,2,25,21,0,0,0,1
"Marella Agnelli, Society’s ‘Last Swan’ and a Passionate Gardener, Is Dead at 91",The New York Times,2019,2,25,21,0,0,0,-1
"David Horowitz, 81, Dies; TV Consumer Advocate Cried, ‘Fight Back!’",The New York Times,2019,2,25,21,0,0,0,-1
"Mr. Mayor, Where Did the Love Go?",The New York Times,2019,2,25,21,0,0,0,1
It’s Time for Pharmaceutical Companies to Have Their Tobacco Moment,The New York Times,2019,2,25,21,0,0,0,-1
Michelle Obama’s Rules of Assimilation,The New York Times,2019,2,25,21,0,0,0,-1
Putin’s One Weapon: The ‘Intelligence State’,The New York Times,2019,2,25,21,0,0,0,0
‘You Have to Pay With Your Body’: The Hidden Nightmare of Sexual Violence on the Border,The New York Times,2019,3,4,22,0,0,0,1
"Nursing Homes Are Closing Across Rural America, Scattering Residents",The New York Times,2019,3,4,22,0,0,0,-1
"To Woo a Skeptical Trump, Intelligence Chiefs Talk Economics Instead of Spies",The New York Times,2019,3,4,22,0,0,0,0
Drug Companies and Doctors Battle Over the Future of Fecal Transplants,The New York Times,2019,3,4,22,0,0,0,-1
Reckoning With Violence,The New York Times,2019,3,4,22,0,0,0,-1
"After India Loses Dogfight to Pakistan, Questions Arise About Its ‘Vintage’ Military",The New York Times,2019,3,4,22,0,0,0,0
"Guaidó Vows a Prompt Return to Venezuela, as Unity Starts to Fray",The New York Times,2019,3,4,22,0,0,0,0
Brazen Crocodile Preys on a Philippine Town: ‘It Was Like He Was Showing Off’,The New York Times,2019,3,4,22,0,0,0,-1
Amazon’s Hard Bargain Extends Far Beyond New York,The New York Times,2019,3,4,22,0,0,0,1
"Alternative Colleges, and Their ‘Radical, Communal Ideas,’ Fight for a Future",The New York Times,2019,3,4,22,0,0,0,0
"Tornadoes Kill at Least 23 in Alabama, Official Says",The New York Times,2019,3,4,22,0,0,0,-1
U.S. and China Near a Trade Deal to Drop Tariffs,The New York Times,2019,3,4,22,0,0,0,-1
Pennsylvania Democrats Wonder How Far Is Too Far Left in 2020,The New York Times,2019,3,4,22,0,0,0,-1
Key House Democrat Plans to Request Documents From Dozens of People Tied to Trump,The New York Times,2019,3,4,22,0,0,0,-1
"With Big Stars and Paid Subscriptions, Luminary Aims to Be the Netflix of Podcasts",The New York Times,2019,3,4,22,0,0,0,1
"Bigger, Saltier, Heavier: Fast Food Since 1986 in 3 Simple Charts",The New York Times,2019,3,4,22,0,0,0,-1
Private Money Takes On Bigger Role in Airport Projects,The New York Times,2019,3,4,22,0,0,0,0
"As Uber Prepares to Go Public, This Man Is Racing to Clean It Up",The New York Times,2019,3,4,22,0,0,0,1
"As Trump and Kim Met, North Korean Hackers Hit Over 100 Targets in U.S. and Ally Nations",The New York Times,2019,3,4,22,0,0,0,0
The Week in Tech: How Can America Make the World Shun Huawei?,The New York Times,2019,3,4,22,0,0,0,-1
A Swimmer Saved by What She Lost,The New York Times,2019,3,4,22,0,0,0,1
Patriots Owner Robert Kraft Faces Biggest Test of His Power,The New York Times,2019,3,4,22,0,0,0,-1
Playoff Mode? LeBron James and the Lakers Are Failing to Activate,The New York Times,2019,3,4,22,0,0,0,-1
Want More After ‘Apollo 11’? Here Are 5 Space Documentaries to Stream,The New York Times,2019,3,4,22,0,0,0,1
New York Has a Public Housing Problem. Does London Have an Answer?,The New York Times,2019,3,4,22,0,0,0,-1
Review: An Abundance of Cunningham at Harkness Festival,The New York Times,2019,3,4,22,0,0,0,1
"Not ‘My Grandfather’s Boy Scout Troop’: It’s Now for Girls, Too",The New York Times,2019,3,4,22,0,0,0,-1
Uber Driver Is Stabbed to Death in the Bronx,The New York Times,2019,3,4,22,0,0,0,-1
That Dusty Apple Macintosh Plus From the ’80s? It Could End Up on TV,The New York Times,2019,3,4,22,0,0,0,-1
"Zhores Alferov, 88, Dies; Nobel Winner Paved Way for Laser Technology",The New York Times,2019,3,4,22,0,0,0,1
"Charles McCarry, 88, Spy Turned Master Spy Novelist, Is Dead",The New York Times,2019,3,4,22,0,0,0,-1
Overlooked No More: The Underground Graffiti Adventures of Dondi,The New York Times,2019,3,4,22,0,0,0,0
Venezuela’s Hunger Games,The New York Times,2019,3,4,22,0,0,0,-1
A Dose of Moderation Would Help Democrats,The New York Times,2019,3,4,22,0,0,0,1
The New Age of Nuclear Confrontation Will Not End Well,The New York Times,2019,3,4,22,0,0,0,-1
Mom Is Waiting on Mueller and Lots of Other Reports Too,The New York Times,2019,3,4,22,0,0,0,-1
"In Blow to Trump, America’s Trade Deficit in Goods Hits Record $891 Billion",The New York Times,2019,3,7,23,0,0,0,-1
Facebook’s Mark Zuckerberg Says He’ll Shift Focus to Users’ Privacy,The New York Times,2019,3,7,23,0,0,0,-1
Ilhan Omar Controversy Caps a Month of Stumbles for Democratic Leaders,The New York Times,2019,3,7,23,0,0,0,-1
Why Birthrates Among Hispanic Americans Have Plummeted,The New York Times,2019,3,7,23,0,0,0,-1
"Ilhan Omar, Aipac and Me",The New York Times,2019,3,7,23,0,0,0,1
Why Ilhan Omar Faces Accusations of Anti-Semitism,The New York Times,2019,3,7,23,0,0,0,-1
Trebek Reveals Cancer Diagnosis,The New York Times,2019,3,7,23,0,0,0,-1
House Tour | Isaac Mizrahi,The New York Times,2019,3,7,23,0,0,0,1
Will Kim Jong-un Return to Brinkmanship? Weak Economy Is Forcing His Hand,The New York Times,2019,3,7,23,0,0,0,-1
U.K. Knife Crime Rises. Are Budget Cuts to Blame?,The New York Times,2019,3,7,23,0,0,0,-1
She Defended Iranian Women Who Removed Their Head-Coverings. Now She Is a Convict.,The New York Times,2019,3,7,23,0,0,0,1
"Good News: Opioid Prescribing Fell. The Bad? Pain Patients Suffer, Doctors Say.",The New York Times,2019,3,7,23,0,0,0,-1
Hip-Hop Artists Give the Supreme Court a Primer on Rap Music,The New York Times,2019,3,7,23,0,0,0,1
"Amid Halal Grocers and a ‘Bangladesh Avenue,’ a Polish Pastry Is a Beloved Tradition",The New York Times,2019,3,7,23,0,0,0,1
Senator Martha McSally Says Superior Officer in the Air Force Raped Her,The New York Times,2019,3,7,23,0,0,0,-1
Cohen Offers Documents in Bid to Show Trump Lawyers Helped With False Testimony,The New York Times,2019,3,7,23,0,0,0,-1
Homeland Security Chief Spars With Democrats Over Splitting Migrant Families,The New York Times,2019,3,7,23,0,0,0,-1
Mario Batali Exits His Restaurants,The New York Times,2019,3,7,23,0,0,0,-1
Regulators Move to Ease Post-Crisis Oversight of Wall Street,The New York Times,2019,3,7,23,0,0,0,0
U.S. and E.U. Are Headed for a Food Fight Over Trade,The New York Times,2019,3,7,23,0,0,0,-1
Huawei Sues U.S. Government Over What It Calls an Unfair Ban,The New York Times,2019,3,7,23,0,0,0,-1
Tesla’s Troubles Mount: Shuttered Showrooms and Sinking Shares,The New York Times,2019,3,7,23,0,0,0,-1
This Tech Makes D.I.Y. Key Duplication Easy. Maybe Too Easy.,The New York Times,2019,3,7,23,0,0,0,1
Horse Deaths at Santa Anita Spell Trouble for an Industry,The New York Times,2019,3,7,23,0,0,0,-1
"Brewers Are Still Looking for Any Way to Get an Out, and a Title",The New York Times,2019,3,7,23,0,0,0,-1
Slow Enough to Be a Sponsored Runner,The New York Times,2019,3,7,23,0,0,0,-1
Solange Defies Pop Expectations on ‘When I Get Home’,The New York Times,2019,3,7,23,0,0,0,1
Are These Paintings Really by Hitler? German Authorities Are Investigating,The New York Times,2019,3,7,23,0,0,0,-1
"In ‘The Uninhabitable Earth,’ Apocalypse Is Now",The New York Times,2019,3,7,23,0,0,0,-1
She Accused 2 Police Officers of Rape. Then Her Testimony Was Questioned.,The New York Times,2019,3,7,23,0,0,0,-1
New York Will Add 4 Statues of Women to Help Fix ‘Glaring’ Gender Gap in Public Art,The New York Times,2019,3,7,23,0,0,0,1
Looking for Details on Rogue N.Y. Police Officers? This Database Might Help,The New York Times,2019,3,7,23,0,0,0,1
The World’s Last Blockbuster Has No Plans to Close,The New York Times,2019,3,7,23,0,0,0,0
"Democrats Reject Fox News as 2020 Debate Host, Citing Ties to Trump",The New York Times,2019,3,7,23,0,0,0,-1
Slate Picks a Skilled Storyteller as Its New Top Editor,The New York Times,2019,3,7,23,0,0,0,1
Seven Buds for Seven Brothers,The New York Times,2019,3,7,23,0,0,0,1
"At Start-Ups, the Free Lunch Is Yours for the Making",The New York Times,2019,3,7,23,0,0,0,0
Karl Lagerfeld’s Final Chanel Show,The New York Times,2019,3,7,23,0,0,0,1
"Hugh Fordin, Writer and Record Producer, Is Dead at 83",The New York Times,2019,3,7,23,0,0,0,-1
"Marcia Dale Weary, Heartland Ballet Teacher, Is Dead at 82",The New York Times,2019,3,7,23,0,0,0,-1
Questions For and About Jared Kushner,The New York Times,2019,3,7,23,0,0,0,1
The India-Pakistan Conflict Was a Parade of Lies,The New York Times,2019,3,7,23,0,0,0,-1
This Is the Truth About Vaccines,The New York Times,2019,3,7,23,0,0,0,1
Trump’s 5G Plan Is More Than a Gift to His Base,The New York Times,2019,3,7,23,0,0,0,1
"As Mueller Report Lands, Prosecutorial Focus Moves to New York",The New York Times,2019,3,24,24,0,0,0,0
"Boeing Was ‘Go, Go, Go’ to Beat Airbus With the 737 Max",The New York Times,2019,3,24,24,0,0,0,1
ISIS Caliphate Crumbles as Last Village in Syria Falls,The New York Times,2019,3,24,24,0,0,0,-1
Medicare for All Would Abolish Private Insurance. ‘There’s No Precedent in American History.’,The New York Times,2019,3,24,24,0,0,0,0
Britain Is Drowning Itself in Nostalgia,The New York Times,2019,3,24,24,0,0,0,0
Large Anti-Brexit Protest in London,The New York Times,2019,3,24,24,0,0,0,0
An ISIS Couple’s Troubling Path to Terror Recruiting,The New York Times,2019,3,24,24,0,0,0,-1
"After a Deadly Ferry Accident, a Grim Vigil at an Iraqi Morgue",The New York Times,2019,3,24,24,0,0,0,-1
"In Istanbul, Erdogan Remakes Taksim Square, a Symbol of Secular Turkey",The New York Times,2019,3,24,24,0,0,0,-1
"‘I Can’t Be Myself Here’: At the Border, Transgender Women Navigate 2 Worlds",The New York Times,2019,3,24,24,0,0,0,1
Drug Prices on TV? They May Be Coming.,The New York Times,2019,3,24,24,0,0,0,-1
"Discovered After 70, Black Artists Find Success, Too, Has Its Price",The New York Times,2019,3,24,24,0,0,0,1
Israel Lobby Convenes in Washington Amid Fraying Bipartisanship and Rising Tension,The New York Times,2019,3,24,24,0,0,0,-1
"At Democratic Campaign Events, Mueller Report Is Barely Mentioned",The New York Times,2019,3,24,24,0,0,0,-1
Attorney General Prepares to Brief Lawmakers and Trump on Report,The New York Times,2019,3,24,24,0,0,0,0
The Great American Cardboard Comeback,The New York Times,2019,3,24,24,0,0,0,1
A College Investor Who Beats the Ivys,The New York Times,2019,3,24,24,0,0,0,1
Indra Nooyi: ‘I’m Not Here to Tell You What to Eat’,The New York Times,2019,3,24,24,0,0,0,0
N.C.A.A. Tournament Day 3: Kentucky and L.S.U. Head to Round of 16,The New York Times,2019,3,24,24,0,0,0,1
How an Owner With Deep Roots Lured Bryce Harper to Lay Down His Own,The New York Times,2019,3,24,24,0,0,0,1
The Making of Ja Morant,The New York Times,2019,3,24,24,0,0,0,1
"This Is Lupita Nyong’o. Hollywood, Please Keep Up.",The New York Times,2019,3,24,24,0,0,0,1
He’s the Star of ‘Tootsie’ on Broadway. Wearing Heels Is the Easy Part.,The New York Times,2019,3,24,24,0,0,0,1
"Reunion Tour! The Band Is Back! Wait, Who Are These Guys?",The New York Times,2019,3,24,24,0,0,0,1
"Chirlane McCray, de Blasio’s Wife, Is Questioned Over His ‘Revolutionary’ $1 Billion Mental Health Plan",The New York Times,2019,3,24,24,0,0,0,-1
"For Sale: This Massive, Obsessive and (Probably) Obsolete VHS Boxing Archive",The New York Times,2019,3,24,24,0,0,0,-1
‘I Do It From My Couch’: The Next Generation of Explorers,The New York Times,2019,3,24,24,0,0,0,1
"Rick Steves Wants to Save the World, One Vacation at a Time",The New York Times,2019,3,24,24,0,0,0,1
The Mystery Gift at the End of the World,The New York Times,2019,3,24,24,0,0,0,-1
It Was Just a Kayaking Trip. Until It Upended Our Lives.,The New York Times,2019,3,24,24,0,0,0,-1
"A 7-Hour, 6-Mile, Round-the-Museum Tour of the Prado",The New York Times,2019,3,24,24,0,0,0,1
"Martinique: A Slice of France, Tropical Forests and,Yes, Beaches Too",The New York Times,2019,3,24,24,0,0,0,1
In Praise of Pioneer Women and Rocket Scientists,The New York Times,2019,3,24,24,0,0,0,1
"Buying Your First Home? Save, and Save Some More",The New York Times,2019,3,24,24,0,0,0,1
Translating Broker Babble,The New York Times,2019,3,24,24,0,0,0,-1
"$250,000 Homes in Maryland, Virginia and Ohio",The New York Times,2019,3,24,24,0,0,0,1
"It’s Delightful, It’s Delicious, It’s DeVito",The New York Times,2019,3,24,24,0,0,0,1
Robert Kraft’s Future in the Balance: ‘I Am Truly Sorry’,The New York Times,2019,3,24,24,0,0,0,-1
Psychic Mediums Are the New Wellness Coaches,The New York Times,2019,3,24,24,0,0,0,1
"In Chile, Homes as Extreme as the Landscape Itself",The New York Times,2019,3,24,24,0,0,0,1
"Reviving a Centuries-Old Abandoned Castle and, With It, a Way of Life",The New York Times,2019,3,24,24,0,0,0,1
Why Baltimore Persists as a Cultural Beacon,The New York Times,2019,3,24,24,0,0,0,1
"Antonia Rey, Latin Actress of Stage and Screen, Dies at 92",The New York Times,2019,3,24,24,0,0,0,-1
"Anita Silvers, an Authority on Disability Rights, Dies at 78",The New York Times,2019,3,24,24,0,0,0,-1
A Pied-à-Terre Tax Will Bring Revenue New York Needs,The New York Times,2019,3,24,24,0,0,0,0
"Stephen Moore Would Be a Loyalist, not an Expert, at the Fed",The New York Times,2019,3,24,24,0,0,0,-1
Our Chess Champion Has a Home,The New York Times,2019,3,24,24,0,0,0,1
"Now Comes Washington’s Garbo, Robert Mueller",The New York Times,2019,3,24,24,0,0,0,0
A Case for the Electoral College,The New York Times,2019,3,24,24,0,0,0,0
"Mueller Finds No Trump-Russia Conspiracy, but Stops Short of Exonerating President on Obstruction",The New York Times,2019,3,25,25,0,0,0,0
"No Impeachment in View, but Democrats Push On With Investigations of Trump",The New York Times,2019,3,25,25,0,0,0,0
A Cloud Over Trump’s Presidency Is Lifted,The New York Times,2019,3,25,25,0,0,0,1
An Ice Marathon Across a Frozen Russian Lake: ‘I Ran Twice as Fast’,The New York Times,2019,3,25,25,0,0,0,0
The Many Problems With the Barr Letter,The New York Times,2019,3,25,25,0,0,0,-1
"Its Territory May Be Gone, but the U.S. Fight Against ISIS Is Far From Over",The New York Times,2019,3,25,25,0,0,0,-1
"In Thai Elections, Military Party Takes the Lead, Upending Polls",The New York Times,2019,3,25,25,0,0,0,-1
This Chinese Christian Was Charged With Trying to Subvert the State,The New York Times,2019,3,25,25,0,0,0,-1
"After 2 Apparent Student Suicides, Parkland Grieves Again",The New York Times,2019,3,25,25,0,0,0,1
‘A State of Emergency’: Native Americans Stranded for Days by Flooding,The New York Times,2019,3,25,25,0,0,0,-1
Women Becoming Marines: ‘I’ Will No Longer Be in Your Vocabulary,The New York Times,2019,3,25,25,0,0,0,-1
"Trump Declares Exoneration, and a War on His Enemies",The New York Times,2019,3,25,25,0,0,0,-1
‘You’re Not Supposed to Betray Your Race’: The Challenge Faced by Black Women Accusing Black Men,The New York Times,2019,3,25,25,0,0,0,0
"Eager to Court Jews (and Fracture Democrats), Republicans Push Bills on Anti-Semitism",The New York Times,2019,3,25,25,0,0,0,-1
Trump Administration Strikes Tougher Stance Ahead of China Talks,The New York Times,2019,3,25,25,0,0,0,-1
"At the 737 Max Factory, Pilots Simulate New Boeing Software",The New York Times,2019,3,25,25,0,0,0,-1
"Hey, Look at Me! I’m a Venture Capitalist",The New York Times,2019,3,25,25,0,0,0,-1
Why Netflix Won’t Be Part of Apple TV,The New York Times,2019,3,25,25,0,0,0,-1
Warnings of a Dark Side to A.I. in Health Care,The New York Times,2019,3,25,25,0,0,0,-1
"Skies Aren’t Clogged With Drones Yet, but Don’t Rule Them Out",The New York Times,2019,3,25,25,0,0,0,1
N.C.A.A. Tournament: Duke Avoids Upset in Win Over Central Florida,The New York Times,2019,3,25,25,0,0,0,1
"Paul George, at Peace in Oklahoma City, Reels In a Career Year",The New York Times,2019,3,25,25,0,0,0,1
Patriots Suffer Big Loss: Gronkowski Will Retire,The New York Times,2019,3,25,25,0,0,0,-1
Why Lupita Nyong’o’s ‘Us’ Voice Sounds So Creepy,The New York Times,2019,3,25,25,0,0,0,-1
A Museum Tackles Myths About Jews and Money,The New York Times,2019,3,25,25,0,0,0,1
"Felicity Huffman: Desperate Housewife, Devoted Parent and Now a Defendant",The New York Times,2019,3,25,25,0,0,0,1
He Confessed to Beating a Jogger Who Died. Questions About Race and Policing Led to a Retrial.,The New York Times,2019,3,25,25,0,0,0,-1
"Man Charged in Subway Attack on 78-Year-Old Woman That Was Caught on Video, Police Say",The New York Times,2019,3,25,25,0,0,0,-1
"At 374,000 Pounds, ‘Big Boy’ Plays Vital Supporting Role at Ground Zero",The New York Times,2019,3,25,25,0,0,0,1
"Rafi Eitan, 92, Israeli Spymaster Who Caught Eichmann, Is Dead",The New York Times,2019,3,25,25,0,0,0,-1
"Godfried Danneels, Liberal Cardinal Tainted by Sex Scandal, Dies at 85",The New York Times,2019,3,25,25,0,0,0,-1
"Alessandro Mendini, Designer Known for Splash, Is Dead at 87",The New York Times,2019,3,25,25,0,0,0,-1
"No Collusion, No ‘Exoneration’",The New York Times,2019,3,25,25,0,0,0,-1
Trump’s Pointless Provocation on the Golan,The New York Times,2019,3,25,25,0,0,0,-1
It’s Bigger Than Mueller and Trump,The New York Times,2019,3,25,25,0,0,0,0
A Grand Compromise on Immigration,The New York Times,2019,3,25,25,0,0,0,1
"It Will Take More Than a $34,000 Drug to Stop Postpartum Depression",The New York Times,2019,3,25,25,0,0,0,-1
Kirstjen Nielsen Resigns as Trump’s Homeland Security Secretary,The New York Times,2019,4,8,26,0,0,0,-1
"As Netanyahu Seeks Re-election, the Future of the West Bank Is Now on the Ballot",The New York Times,2019,4,8,26,0,0,0,1
"In a Poor Kenyan Community, Cheap Antibiotics Fuel Deadly Drug-Resistant Infections",The New York Times,2019,4,8,26,0,0,0,-1
Is the U.S. a Democracy? A Social Studies Battle Turns on the Nation’s Values,The New York Times,2019,4,8,26,0,0,0,0
Kirstjen Nielsen Enforced Cruelty at the Border. Her Replacement Could Be Worse.,The New York Times,2019,4,8,26,0,0,0,-1
Poland’s Populists Pick a New Top Enemy: Gay People,The New York Times,2019,4,8,26,0,0,0,-1
A Family Craft With a Deadly Toll: Illegal Gun Making,The New York Times,2019,4,8,26,0,0,0,0
"Rhino Poacher Killed by Elephant and Eaten by Lions, Officials Say",The New York Times,2019,4,8,26,0,0,0,-1
Hunger and an ‘Abandoned’ Hospital: Puerto Rico Waits as Washington Bickers,The New York Times,2019,4,8,26,0,0,0,-1
"Casimir Pulaski, Polish Hero of the Revolutionary War, Was Most Likely Intersex, Researchers Say",The New York Times,2019,4,8,26,0,0,0,0
House Democratic Campaign Arm Nears War With Liberals Over Primary Fights,The New York Times,2019,4,8,26,0,0,0,-1
Congress Waits as Barr Blacks Out Parts of Mueller Report,The New York Times,2019,4,8,26,0,0,0,-1
Cory Booker Raises $5 Million in First Quarter of 2020 Race,The New York Times,2019,4,8,26,0,0,0,0
"Blamed for Climate Change, Oil Companies Invest in Carbon Removal",The New York Times,2019,4,8,26,0,0,0,-1
Why Scandinavian Banks’ Clean Reputations Are Threatened by Dirty Money,The New York Times,2019,4,8,26,0,0,0,-1
Warning About Fisher-Price Rock ’n Play Issued After Infant Deaths,The New York Times,2019,4,8,26,0,0,0,-1
"The Hottest App in China Teaches Citizens About Their Leader — and, Yes, There’s a Test",The New York Times,2019,4,8,26,0,0,0,1
Britain Proposes Broad New Powers to Regulate Internet Content,The New York Times,2019,4,8,26,0,0,0,-1
Stop Letting Modern Distractions Steal Your Attention,The New York Times,2019,4,8,26,0,0,0,0
"In First N.C.A.A. Title Game, Virginia Savors Shot at Redemption",The New York Times,2019,4,8,26,0,0,0,1
N.C.A.A. Women’s Final: Baylor Is Champion With Win Over Notre Dame,The New York Times,2019,4,8,26,0,0,0,1
The Cheerleader Who Blew the Whistle on the N.F.L. Soldiers On,The New York Times,2019,4,8,26,0,0,0,1
The Shed Opens: What Our Critics Think,The New York Times,2019,4,8,26,0,0,0,1
Review: A Smashing ‘Oklahoma!’ Is Reborn in the Land of Id,The New York Times,2019,4,8,26,0,0,0,1
Erin Lee Carr on Father-Daughter Joys and Struggles,The New York Times,2019,4,8,26,0,0,0,1
How Sandy Hook Families Hope to Pierce the Gun Industry’s Legal Shield,The New York Times,2019,4,8,26,0,0,0,1
"To Get Trump’s Tax Returns, N.Y. Democrats Try a New Strategy",The New York Times,2019,4,8,26,0,0,0,-1
The Pizza-and-Beer Train: New York City’s Hidden Railroad,The New York Times,2019,4,8,26,0,0,0,1
"$3,000 to Rent a Movie? Bringing the Theater Home for the 1 Percent",The New York Times,2019,4,8,26,0,0,0,-1
Fire Your Agent? Not Yet. Hollywood Writers and Talent Agencies Extend Talks.,The New York Times,2019,4,8,26,0,0,0,-1
‘S.N.L.’ and Kit Harington Spoof Biden and ‘Game of Thrones’,The New York Times,2019,4,8,26,0,0,0,1
"Ralph Metzner, LSD and Consciousness Researcher, Dies at 82",The New York Times,2019,4,8,26,0,0,0,-1
"Ly Tong, Vietnamese Pilot Who Hijacked Planes to Fight Communism, Dies at 74",The New York Times,2019,4,8,26,0,0,0,-1
"Sydel Silverman, 85, Dies; Defended Anthropology in Academia",The New York Times,2019,4,8,26,0,0,0,1
Cows on Mars!,The New York Times,2019,4,8,26,0,0,0,1
Will the Israeli ‘King’ Be Recrowned?,The New York Times,2019,4,8,26,0,0,0,-1
Trumpism Extols Its Folk Hero,The New York Times,2019,4,8,26,0,0,0,-1
Why the Cool Kids Are Playing Dungeons & Dragons,The New York Times,2019,4,8,26,0,0,0,1
"In Aftermath of Notre-Dame Fire, Macron Urges Unity in Fragmented Nation",The New York Times,2019,4,17,27,0,0,0,1
Notre-Dame Attic Was Known as ‘the Forest.’ And It Burned Like One.,The New York Times,2019,4,17,27,0,0,0,-1
"In New Effort to Deter Migrants, Barr Withholds Bail to Asylum Seekers",The New York Times,2019,4,17,27,0,0,0,-1
A President of the People or a President of His People?,The New York Times,2019,4,17,27,0,0,0,1
I Don’t Need a DNA Test to Tell Me How Black I Am,The New York Times,2019,4,17,27,0,0,0,0
‘I Was Completely Overwhelmed’: Paris Confronts Aftermath of Notre-Dame Fire,The New York Times,2019,4,17,27,0,0,0,1
Restoration Experts Saved Statues Before Notre-Dame Fire,The New York Times,2019,4,17,27,0,0,0,1
Full Video: Fire at Notre-Dame Cathedral in Paris,The New York Times,2019,4,17,27,0,0,0,1
Scorned British Tabloids to Harry and Meghan: Show Us Your Baby!,The New York Times,2019,4,17,27,0,0,0,-1
Aung San Suu Kyi Has a New Target: Political Satire,The New York Times,2019,4,17,27,0,0,0,0
Trump Vetoes Measure to Force End to U.S. Involvement in Yemen War,The New York Times,2019,4,17,27,0,0,0,-1
A Small Town Bet on Sports Gambling. It’s Still Waiting.,The New York Times,2019,4,17,27,0,0,0,-1
An Afghan War Widower Is Caught Up in a ‘Chronic Problem’: Wrongful Deportation,The New York Times,2019,4,17,27,0,0,0,-1
"Biden, at Hollings Funeral, Talks About How ‘People Can Change’",The New York Times,2019,4,17,27,0,0,0,1
‘Stop Sanders’ Democrats Are Agonizing Over His Momentum,The New York Times,2019,4,17,27,0,0,0,-1
Gina Haspel Relies on Spy Skills to Connect With Trump. He Doesn’t Always Listen.,The New York Times,2019,4,17,27,0,0,0,-1
"For Democrats, Ilhan Omar Is a Complicated Figure to Defend",The New York Times,2019,4,17,27,0,0,0,0
"Donald Trump, China Savior? Some Chinese Say Yes",The New York Times,2019,4,17,27,0,0,0,-1
Apple and Qualcomm Settle All Disputes Worldwide,The New York Times,2019,4,17,27,0,0,0,1
"F.D.A. Halts U.S. Sales of Pelvic Mesh, Citing Safety Concerns for Women",The New York Times,2019,4,17,27,0,0,0,-1
"For Many Latino Players, Roberto Clemente’s Number Is Off Limits, Too",The New York Times,2019,4,17,27,0,0,0,-1
"A Hunger Artist Off the Bench, Lou Williams Helps the Clippers Feast",The New York Times,2019,4,17,27,0,0,0,1
Golf Looks to a Tiger Boom 2.0,The New York Times,2019,4,17,27,0,0,0,0
"Sparkle, Once R. Kelly’s Protégée, May Testify Against Him. Again.",The New York Times,2019,4,17,27,0,0,0,1
Review: Adam Driver Heats Up a Wobbly ‘Burn This’,The New York Times,2019,4,17,27,0,0,0,-1
"May’s Book Club Pick: Two Novels by Ann Petry, a Writer Who Believed in Art That Delivers a Message",The New York Times,2019,4,17,27,0,0,0,1
New York Is Adopting Congestion Pricing. New Jersey Wants Revenge.,The New York Times,2019,4,17,27,0,0,0,-1
He’s the ‘Albanian Gangster’ on Film. (It Wasn’t Much of a Stretch.),The New York Times,2019,4,17,27,0,0,0,1
How a Dark Web Drug Ring Was Uncovered After Suspicious A.T.M. Withdrawals,The New York Times,2019,4,17,27,0,0,0,1
"A Young Chef, and a Stunning Comeback",The New York Times,2019,4,17,27,0,0,0,1
Is Seltzer Jewish? And 99 Other Argument-Starters,The New York Times,2019,4,17,27,0,0,0,1
Ramen Without Broth? A Chef Doubles Down on a Sidelined Dish,The New York Times,2019,4,17,27,0,0,0,0
"Barbara Schultz, 92, Dies; Produced Serious Drama in a Sitcom Era",The New York Times,2019,4,17,27,0,0,0,-1
"Ralph Solecki, Who Found Humanity in Neanderthals, Dies at 101",The New York Times,2019,4,17,27,0,0,0,-1
"Owen Garriott, 88, an Early Scientist-Astronaut, Is Dead",The New York Times,2019,4,17,27,0,0,0,-1
Notre-Dame’s Bells Will Toll Again,The New York Times,2019,4,17,27,0,0,0,1
Standing Vigil for Notre-Dame,The New York Times,2019,4,17,27,0,0,0,1
When Slaveowners Got Reparations,The New York Times,2019,4,17,27,0,0,0,-1
Another Reason to Hate Hudson Yards,The New York Times,2019,4,17,27,0,0,0,-1
Measles Cases Surpass 700 as Outbreak Continues Unabated,The New York Times,2019,4,30,28,0,0,0,-1
"ISIS’ Mysterious Leader Is Not Dead, New Video Shows",The New York Times,2019,4,30,28,0,0,0,-1
Profitable Giants Like Amazon Pay $0 in Corporate Taxes. Some Voters Are Sick of It.,The New York Times,2019,4,30,28,0,0,0,-1
"John Singleton, ‘Boyz N the Hood’ Director, Dies at 51",The New York Times,2019,4,30,28,0,0,0,-1
A Terrorist Tried to Kill Me Because I Am a Jew. I Will Never Back Down.,The New York Times,2019,4,30,28,0,0,0,-1
"Japan Would Make Akihito Emperor, but She Called Him ‘Jimmy’",The New York Times,2019,4,30,28,0,0,0,-1
"For Sri Lanka’s Children, the Deepest Scars Are Not Physical",The New York Times,2019,4,30,28,0,0,0,0
U.K. Police Have a Message for Crime Victims: Hand Over Your Private Data,The New York Times,2019,4,30,28,0,0,0,-1
"In California, Home to Many Hate Groups, Officials Struggle to Spot the Next Threat",The New York Times,2019,4,30,28,0,0,0,-1
‘No One Feels Safe Here’: Life in Alabama’s Prisons,The New York Times,2019,4,30,28,0,0,0,-1
"Terror Attack Thwarted in Los Angeles, Authorities Say",The New York Times,2019,4,30,28,0,0,0,-1
"Biden, Now the Front-Runner, Gives First Speech as 2020 Candidate",The New York Times,2019,4,30,28,0,0,0,1
Beto O’Rourke Releases $5 Trillion Climate Change Proposal,The New York Times,2019,4,30,28,0,0,0,1
Newtown Wasn’t an End for Gun Control. It Was a Beginning.,The New York Times,2019,4,30,28,0,0,0,-1
Labor Dept. Says Workers at a Gig Company Are Contractors,The New York Times,2019,4,30,28,0,0,0,-1
‘996’ Is China’s Version of Hustle Culture. Tech Workers Are Sick of It.,The New York Times,2019,4,30,28,0,0,0,-1
"After the Bust, Are Bitcoins More Like Tulip Mania or the Internet?",The New York Times,2019,4,30,28,0,0,0,-1
"WeWork Files for I.P.O., Joining Wave of Cash-Burning Start-Ups in Going Public",The New York Times,2019,4,30,28,0,0,0,1
Tesla Looks to Regain Its Luster in Solar Energy by Slashing Prices,The New York Times,2019,4,30,28,0,0,0,-1
How One Computer System Tangled Up Several Airlines,The New York Times,2019,4,30,28,0,0,0,-1
"Aaron Judge Is Everywhere for the Yankees, Except on the Field",The New York Times,2019,4,30,28,0,0,0,1
Islanders Face 2-0 Deficit to Team That Looks Familiar,The New York Times,2019,4,30,28,0,0,0,-1
‘Game of Thrones’: Grey Worm’s Fate Surprised Everyone but the Man Who Plays Him,The New York Times,2019,4,30,28,0,0,0,1
"The Pain and Sweat of Merce Cunningham Dancers, Captured in Latex",The New York Times,2019,4,30,28,0,0,0,-1
"A New Kind of ‘Hamilton’ Show, This Time on Lake Michigan",The New York Times,2019,4,30,28,0,0,0,1
Democrats in N.Y. Find Unexpected Foe in Campaign Finance Overhaul,The New York Times,2019,4,30,28,0,0,0,1
"‘Anna Delvey,’ Fake Heiress: 7 Bizarre Highlights From Her Trial",The New York Times,2019,4,30,28,0,0,0,1
New Jersey Governor Refuses to Fly ‘Reprehensible’ Mississippi Flag,The New York Times,2019,4,30,28,0,0,0,-1
Chronicles of the Rings: What Trees Tell Us,The New York Times,2019,4,30,28,0,0,0,1
Virtual Reality as Therapy for Pain,The New York Times,2019,4,30,28,0,0,0,1
"Ocean-Clogging Microplastics Also Pollute the Air, Study Finds",The New York Times,2019,4,30,28,0,0,0,-1
"Jo Sullivan Loesser, Singer and Guardian of a Legacy, Dies at 91",The New York Times,2019,4,30,28,0,0,0,0
Steve Golin Is Dead at 64; Producer Built a Small Hollywood Empire,The New York Times,2019,4,30,28,0,0,0,-1
"Monir Farmanfarmaian, 96, Dies; Artist Melded Islam and the Abstract",The New York Times,2019,4,30,28,0,0,0,1
"As Europe Veers Right, Spain Stays the Socialist Course",The New York Times,2019,4,30,28,0,0,0,1
Trump’s Anti-Abortion Incitement,The New York Times,2019,4,30,28,0,0,0,-1
Joe Biden and the Apologies That Weren’t,The New York Times,2019,4,30,28,0,0,0,1
Don’t Let Trump Mess With the Fed,The New York Times,2019,4,30,28,0,0,0,-1
Trump Tells Pentagon Chief He Does Not Want War With Iran,The New York Times,2019,5,17,29,0,0,0,-1
How Xi’s Last-Minute Switch on U.S.-China Trade Deal Upended It,The New York Times,2019,5,17,29,0,0,0,-1
"Eric Garner Death Was ‘Not a Big Deal,’ Police Commander Said",The New York Times,2019,5,17,29,0,0,0,-1
"I.M. Pei, Master Architect Whose Buildings Dazzled the World, Dies at 102",The New York Times,2019,5,17,29,0,0,0,-1
On the Front Lines of the War on Women,The New York Times,2019,5,17,29,0,0,0,1
Matteo Salvini’s Permanent Campaign Turns to European Parliament,The New York Times,2019,5,17,29,0,0,0,-1
He Named His Lazy Dogs After the Chinese Police. They Were Not Amused.,The New York Times,2019,5,17,29,0,0,0,-1
"Basketball Is ‘War, Minus the Shooting’ in Sectarian Lebanon",The New York Times,2019,5,17,29,0,0,0,-1
SAT’s New ‘Adversity Score’ Will Take Students’ Hardships Into Account,The New York Times,2019,5,17,29,0,0,0,1
"In Alabama, Opposition to Abortion Runs Deep",The New York Times,2019,5,17,29,0,0,0,-1
Letters From Washington: Your Employees Could Be Undocumented,The New York Times,2019,5,17,29,0,0,0,-1
Frustrated House Democrats Pin Their Hopes on Mueller,The New York Times,2019,5,17,29,0,0,0,-1
"Trump Fulfills His Promises on Abortion, and to Evangelicals",The New York Times,2019,5,17,29,0,0,0,1
‘Bigger Than a Party of Old White Men’: G.O.P. Women Seek to Replenish House Ranks,The New York Times,2019,5,17,29,0,0,0,-1
"Fed Officials Sound an Alarm, Worrying Weak Inflation Could Last",The New York Times,2019,5,17,29,0,0,0,-1
Modi Promised Better Days and Bridges. India’s Voters Are Still Waiting.,The New York Times,2019,5,17,29,0,0,0,-1
How to Prepare for the Next Recession: Automate the Rescue Plan,The New York Times,2019,5,17,29,0,0,0,0
Trump’s Latest Move Takes Straight Shot at Huawei’s Business,The New York Times,2019,5,17,29,0,0,0,0
How the Promise of a $120 Billion Uber I.P.O. Evaporated,The New York Times,2019,5,17,29,0,0,0,-1
"New Parts for Old Cars May Keep Them Running, but Sink Their Value",The New York Times,2019,5,17,29,0,0,0,-1
"Brooks Koepka, Happily in the Shadows, Sets Bethpage Black Record",The New York Times,2019,5,17,29,0,0,0,1
Nick Kyrgios Is Disqualified After Tantrum at the Italian Open,The New York Times,2019,5,17,29,0,0,0,-1
The Rays Are a Surrealist’s Delight,The New York Times,2019,5,17,29,0,0,0,1
"Review: As She Was Saying, Brilliantly, in a New ‘Fleabag’",The New York Times,2019,5,17,29,0,0,0,1
New Statue of Liberty Museum Illuminates a Forgotten History,The New York Times,2019,5,17,29,0,0,0,1
The Whitney Biennial: Young Art Cross-Stitched With Politics,The New York Times,2019,5,17,29,0,0,0,1
"Cannes Film Festival: It’s Apocalypse Now, Thanks to Jim Jarmusch",The New York Times,2019,5,17,29,0,0,0,1
"‘The Sun Is Also a Star’ Review: A Charming, if Generic, Adolescent Love Story",The New York Times,2019,5,17,29,0,0,0,1
‘John Wick: Chapter 3’ Review: Keanu Reeves Is Back for Another Brutal Round,The New York Times,2019,5,17,29,0,0,0,1
Mayor Bill de Blasio Enters 2020 Race for President,The New York Times,2019,5,17,29,0,0,0,0
"Heckles, Support, Shrugs: New Yorkers on de Blasio’s Presidential Bid",The New York Times,2019,5,17,29,0,0,0,0
She’s Undocumented. Her Children Aren’t. The Trump Administration Wants to Evict Them.,The New York Times,2019,5,17,29,0,0,0,-1
Gannett Counters the Latest Move by Its Hedge Fund-Backed Rival,The New York Times,2019,5,17,29,0,0,0,-1
Shari Redstone Was the Surprise Star of the CBS Party at the Plaza,The New York Times,2019,5,17,29,0,0,0,1
Organizers of Woodstock Anniversary Concert Win Partial Victory in Court,The New York Times,2019,5,17,29,0,0,0,1
"Bob Hawke, Who Led Australia Into a New Era as Prime Minister, Dies at 89",The New York Times,2019,5,17,29,0,0,0,-1
"Sergei Dorenko, Maverick Russian Broadcast Journalist, Dies at 59",The New York Times,2019,5,17,29,0,0,0,-1
"Cardinal Nasrallah Sfeir, 98, a Voice for Lebanese Christians, Dies",The New York Times,2019,5,17,29,0,0,0,-1
"What’s Missing in Trump’s ‘Beautiful, Bold’ Immigration Plan",The New York Times,2019,5,17,29,0,0,0,0
Post-Roe America Won’t Be Like Pre-Roe America. It Will Be Worse.,The New York Times,2019,5,17,29,0,0,0,-1
The Big Story You Don’t Read About,The New York Times,2019,5,17,29,0,0,0,-1
When Your Money Is So Tainted Museums Don’t Want It,The New York Times,2019,5,17,29,0,0,0,-1
Trump Undercuts Bolton on North Korea and Iran,The New York Times,2019,5,29,30,0,0,0,-1
Supreme Court Sidesteps Abortion Question in Ruling on Indiana Law,The New York Times,2019,5,29,30,0,0,0,1
Kansas City-Area Tornadoes Add to 12 Straight Days of Destruction,The New York Times,2019,5,29,30,0,0,0,-1
Which Box Do You Check? Some States Are Offering a Nonbinary Option,The New York Times,2019,5,29,30,0,0,0,-1
Vying for the Watermelon Thump Crown,The New York Times,2019,5,29,30,0,0,0,1
"30 Years After Tiananmen, a Chinese Military Insider Warns: Never Forget",The New York Times,2019,5,29,30,0,0,0,1
"Stabbing of 17 Children Shocks Japan, Where Parents Trust Streets Are Safe",The New York Times,2019,5,29,30,0,0,0,-1
"Sure, the Populists Gained, but the Real Winners May Be for Europe",The New York Times,2019,5,29,30,0,0,0,0
‘Blocked Off From Civilization’: Floodwaters Turn Oklahoma Town Into an Island,The New York Times,2019,5,29,30,0,0,0,-1
Missouri’s Last Abortion Clinic Could Stop Providing the Procedure This Week,The New York Times,2019,5,29,30,0,0,0,-1
Transportation Secretary Failed to Sever Financial Ties to Construction Company,The New York Times,2019,5,29,30,0,0,0,-1
"Elizabeth Warren Gains Ground in 2020 Field, One Plan at a Time",The New York Times,2019,5,29,30,0,0,0,1
"For Second Time, One Republican’s Objection Delays Disaster Aid",The New York Times,2019,5,29,30,0,0,0,-1
Trump and Biden Campaign Trade Jabs Over North Korea’s Remarks,The New York Times,2019,5,29,30,0,0,0,-1
The Trade War’s Next Battle Could Be China’s Access to Wall Street,The New York Times,2019,5,29,30,0,0,0,-1
A Fiat Chrysler-Renault Merger Would Put Nissan in a Bind,The New York Times,2019,5,29,30,0,0,0,-1
"Savior of G.M. Lordstown Plant, Hailed by Trump, Is a Corporate Cipher",The New York Times,2019,5,29,30,0,0,0,-1
Netflix May ‘Rethink’ Georgia if Abortion Law Takes Effect,The New York Times,2019,5,29,30,0,0,0,-1
"As E-Sports Grow, So Do Their Homes",The New York Times,2019,5,29,30,0,0,0,1
MacKenzie Bezos Owns $36 Billion in Amazon Shares. Now She Is Vowing to Give Away Much of Her Wealth.,The New York Times,2019,5,29,30,0,0,0,-1
A Reinvented Metta World Peace Says He’s Finally at Peace With the World,The New York Times,2019,5,29,30,0,0,0,1
2019 French Open: Naomi Osaka and Simona Halep Survive,The New York Times,2019,5,29,30,0,0,0,1
How a Fourth-String Goalie Led the Blues to the Stanley Cup Finals,The New York Times,2019,5,29,30,0,0,0,1
"‘They’re Playing Our Song,’ Over and Over and Over Again",The New York Times,2019,5,29,30,0,0,0,1
Leader of Smithsonian’s African American Museum to Direct Entire Institution,The New York Times,2019,5,29,30,0,0,0,1
Is Ballet Camp?,The New York Times,2019,5,29,30,0,0,0,-1
Electric Scooters Are Sweeping the Country. New York Says Not So Fast.,The New York Times,2019,5,29,30,0,0,0,0
"Avenatti, Under Indictment but Defiant, Tries to Turn Focus Back to Trump",The New York Times,2019,5,29,30,0,0,0,0
"Wife of Slain Wall Street Banker: My Son Did It, but He ‘Is Nuts’",The New York Times,2019,5,29,30,0,0,0,0
Brisket for Beginners,The New York Times,2019,5,29,30,0,0,0,1
"On the Trail of Tupelo Honey, Liquid Gold From the Swamps",The New York Times,2019,5,29,30,0,0,0,1
"Don’t Call It Darjeeling, It’s Nepali Tea",The New York Times,2019,5,29,30,0,0,0,1
Tony Horwitz Dies at 60; Prize-Winning Journalist and Best-Selling Author,The New York Times,2019,5,29,30,0,0,0,1
"Sol Yaged, a Joyful New York Jazz Mainstay, Is Dead at 96",The New York Times,2019,5,29,30,0,0,0,-1
A Dark Milestone for Women’s Rights: A State With No Abortion Clinics,The New York Times,2019,5,29,30,0,0,0,1
Reasons for Hope and Concern in Europe’s Elections,The New York Times,2019,5,29,30,0,0,0,1
Nigel Farage Is the Most Dangerous Man in Britain,The New York Times,2019,5,29,30,0,0,0,-1
Should You Be Able to Disinherit Your Child?,The New York Times,2019,5,29,30,0,0,0,-1
Dear Candidates: Here Is What Black People Want,The New York Times,2019,5,29,30,0,0,0,1
"In Face-Off With Iran, Escalation May Depend on Who Prevails Inside Washington and Tehran",The New York Times,2019,6,16,31,0,0,0,-1
How Hong Kong’s Leader Made the Biggest Political Retreat by China Under Xi,The New York Times,2019,6,16,31,0,0,0,-1
"As Passions Flare in Abortion Debate, Many Americans Say ‘It’s Complicated’",The New York Times,2019,6,16,31,0,0,0,0
The Day the Music Burned,The New York Times,2019,6,16,31,0,0,0,-1
When We Kill,The New York Times,2019,6,16,31,0,0,0,1
Sudan Ousted a Brutal Dictator. His Successor Was His Enforcer.,The New York Times,2019,6,16,31,0,0,0,0
"In Ghana, Free High School Brings Opportunity and Grumbling",The New York Times,2019,6,16,31,0,0,0,1
The Murder Case That Lit the Fuse in Hong Kong,The New York Times,2019,6,16,31,0,0,0,0
Immigrants Brought Riches to Urban Schools. Now They’re in the Shadows.,The New York Times,2019,6,16,31,0,0,0,0
Michigan Officials Say a Struggling School Should Close. Residents See Racism.,The New York Times,2019,6,16,31,0,0,0,-1
"Woman and Daughter, 10, Found Dead in the Bronx, Police Say",The New York Times,2019,6,16,31,0,0,0,0
"‘Who’s Taking Care of the Kids?’ Is Finally a Question for Dads on the Trail, Too",The New York Times,2019,6,16,31,0,0,0,1
Democratic Candidates Promise to Close Wealth Gap Between Blacks and Whites,The New York Times,2019,6,16,31,0,0,0,1
On the Doorstep With a Plea: Will You Support Medicare for All?,The New York Times,2019,6,16,31,0,0,0,-1
I’m a Financial Journalist Who Was Bored Silly by Mergers. Not Anymore.,The New York Times,2019,6,16,31,0,0,0,-1
"At Happy Hour, Kindergarten Rules Apply",The New York Times,2019,6,16,31,0,0,0,0
"Patricia de Stacy Harrison, of the Corporation for Public Broadcasting, on YouTube and Trump",The New York Times,2019,6,16,31,0,0,0,-1
U.S. Escalates Online Attacks on Russia’s Power Grid,The New York Times,2019,6,16,31,0,0,0,-1
The Mystery of the Miserable Employees: How to Win in the Winner-Take-All Economy,The New York Times,2019,6,16,31,0,0,0,-1
How Weapons Secrets Often Fall Into Enemy Hands,The New York Times,2019,6,16,31,0,0,0,0
Andy Ruiz Jr. Shocked the Boxing World. But Not His Hometown.,The New York Times,2019,6,16,31,0,0,0,-1
Pelicans Agree to Trade Anthony Davis to the Lakers,The New York Times,2019,6,16,31,0,0,0,-1
A Tolerable Redemption for Tiger Woods,The New York Times,2019,6,16,31,0,0,0,1
"Hollywood Reconsiders the Bad Female Boss, With a Generational Twist",The New York Times,2019,6,16,31,0,0,0,1
"Mark Ronson, a Party Boy No More, Tries on Melancholy After a Parade of Hits",The New York Times,2019,6,16,31,0,0,0,0
"In ‘Toy Story 4,’ the Animators Pulling the Strings Reveal Woody’s Inner Life",The New York Times,2019,6,16,31,0,0,0,1
The Real Dog Moms of New York City,The New York Times,2019,6,16,31,0,0,0,1
The Empty Storefront Crisis and the End of the American Dream,The New York Times,2019,6,16,31,0,0,0,-1
This Empty Lot Is Worth Millions. It’s Also an African-American Burial Ground.,The New York Times,2019,6,16,31,0,0,0,1
Bethany Gaskin Is the Queen of Eating Shellfish Online,The New York Times,2019,6,16,31,0,0,0,-1
"When Britney Spears Posts on Instagram, a Thousand Conspiracies Flower",The New York Times,2019,6,16,31,0,0,0,-1
Amanda Knox in Italy: ‘I Am Not a Monster’,The New York Times,2019,6,16,31,0,0,0,-1
23 Democrats Are Running for President. Do Any of Them Know What They’re Doing?,The New York Times,2019,6,16,31,0,0,0,-1
What Abortion Access Looks Like in Mississippi: One Person at a Time,The New York Times,2019,6,16,31,0,0,0,-1
The Best Women’s Soccer Team in the World Fights for Equal Pay,The New York Times,2019,6,16,31,0,0,0,1
6 Places in Europe Offering Shelter From the Crowds,The New York Times,2019,6,16,31,0,0,0,1
Put Off by Venice’s Crowds? Try the Oasis Next Door,The New York Times,2019,6,16,31,0,0,0,-1
How to Have a High-End Vacation for Less,The New York Times,2019,6,16,31,0,0,0,1
Weekending in the Suburbs,The New York Times,2019,6,16,31,0,0,0,1
The Roots’ Guitarist on Finding Sanctuary in Brooklyn,The New York Times,2019,6,16,31,0,0,0,1
A Penthouse That Defies TriBeCa’s Limitations,The New York Times,2019,6,16,31,0,0,0,1
The New Sobriety,The New York Times,2019,6,16,31,0,0,0,1
"Long Before ‘Drag Race,’ There Was Mr. Dan",The New York Times,2019,6,16,31,0,0,0,1
My Father Has a Second Family in His Bedroom,The New York Times,2019,6,16,31,0,0,0,1
"Franco Zeffirelli, Italian Director With Taste for Excess, Dies at 96",The New York Times,2019,6,16,31,0,0,0,-1
"Dr. Henry Lynch, 91, Dies; Found Hereditary Link in Cancer",The New York Times,2019,6,16,31,0,0,0,-1
"Keith Botsford, Man of Letters and Saul Bellow Associate, Dies at 90",The New York Times,2019,6,16,31,0,0,0,-1
Americans Need More Neighbors,The New York Times,2019,6,16,31,0,0,0,1
Sudan’s Uncertain Path to Democracy,The New York Times,2019,6,16,31,0,0,0,-1
Can Dads Have It All?,The New York Times,2019,6,16,31,0,0,0,1
A Down and Dirty White House,The New York Times,2019,6,16,31,0,0,0,-1
Jon Meacham and Tim McGraw: How Country Music Explains America’s Divided History,The New York Times,2019,6,16,31,0,0,0,1
Supreme Court Green-Lights Gerrymandering and Blocks Census Citizenship Question,The New York Times,2019,6,28,32,0,0,0,1
Biden Comes Under Attack From All Sides in Democratic Debate,The New York Times,2019,6,28,32,0,0,0,-1
"Why E. Jean Carroll, ‘the Anti-Victim,’ Spoke Up About Trump",The New York Times,2019,6,28,32,0,0,0,-1
I’m 20. I Have 32 Half Siblings. This Is My Family Portrait.,The New York Times,2019,6,28,32,0,0,0,1
"Dems, Please Don’t Drive Me Away",The New York Times,2019,6,28,32,0,0,0,1
Tillerson Says Kushner Bypassed Him and Mattis to Make Foreign Policy,The New York Times,2019,6,28,32,0,0,0,-1
A School With No Heat or Computers but Many College-Bound Students. Mostly Girls.,The New York Times,2019,6,28,32,0,0,0,-1
A Timeline of Despair in Australia’s Offshore Detention Centers,The New York Times,2019,6,28,32,0,0,0,0
Alabama Woman Who Was Shot While Pregnant Is Charged in Fetus’s Death,The New York Times,2019,6,28,32,0,0,0,-1
NASA Announces New Dragonfly Drone Mission to Explore Titan,The New York Times,2019,6,28,32,0,0,0,1
"When It Comes to the Census, the Damage Among Immigrants Is Already Done",The New York Times,2019,6,28,32,0,0,0,-1
House Passes Senate Border Bill in Striking Defeat for Pelosi,The New York Times,2019,6,28,32,0,0,0,-1
Why the Supreme Court’s Rulings Have Profound Implications for American Politics,The New York Times,2019,6,28,32,0,0,0,1
"After 14 Years, Chief Justice Roberts Takes Charge",The New York Times,2019,6,28,32,0,0,0,1
"As Coal Fades in the U.S., Natural Gas Becomes the Climate Battleground",The New York Times,2019,6,28,32,0,0,0,-1
The RealReal I.P.O.: Secondhand Fashion Goes Mainstream,The New York Times,2019,6,28,32,0,0,0,0
Would You Drink Water Out of a Can? Pepsi Wants to Find Out,The New York Times,2019,6,28,32,0,0,0,-1
Trade War Has Damaged U.S. Chip Industry in Ways a Deal May Never Fix,The New York Times,2019,6,28,32,0,0,0,-1
"Jony Ive, Designer Who Made Apple Look Like Apple, Is Leaving to Start a Firm",The New York Times,2019,6,28,32,0,0,0,0
"Another Hacked Florida City Pays a Ransom, This Time for $460,000",The New York Times,2019,6,28,32,0,0,0,-1
"For Megan Rapinoe, Boldness in the Spotlight Is Nothing New",The New York Times,2019,6,28,32,0,0,0,0
"Girl Hit by Foul Ball in Houston Had Serious Head Injuries, Lawyer Says",The New York Times,2019,6,28,32,0,0,0,-1
‘Hot Dogs! Cold Beer!’ M.L.B. Will Bring the Familiar to London Stadium,The New York Times,2019,6,28,32,0,0,0,1
"Discovering Maurice Sendak, the Opera Designer",The New York Times,2019,6,28,32,0,0,0,1
"The Guggenheim’s Collection, as Seen by Six Art Stars",The New York Times,2019,6,28,32,0,0,0,1
"Graphic, Grabby and Democratic: Posters Get Their Own Museum",The New York Times,2019,6,28,32,0,0,0,0
The Best Films of 2019 (So Far),The New York Times,2019,6,28,32,0,0,0,1
"‘Yesterday’ Review: I Saw a Film Today, Oh Boy",The New York Times,2019,6,28,32,0,0,0,1
‘Maiden’ Review: Racing Toward Equality,The New York Times,2019,6,28,32,0,0,0,0
The Night the Stonewall Inn Became a Proud Shrine,The New York Times,2019,6,28,32,0,0,0,1
Manafort Pleads Not Guilty to N.Y. Charges Designed to Thwart a Trump Pardon,The New York Times,2019,6,28,32,0,0,0,-1
4 Officer Suicides in 3 Weeks: N.Y.P.D. Struggles to Dispel Mental Health Stigma,The New York Times,2019,6,28,32,0,0,0,-1
Kim Kardashian West and the Kimono Controversy,The New York Times,2019,6,28,32,0,0,0,-1
The Editor Will See You Now,The New York Times,2019,6,28,32,0,0,0,1
How Russell Crowe Channeled Roger Ailes in ‘The Loudest Voice’,The New York Times,2019,6,28,32,0,0,0,-1
"John Shearer, Who Photographed Tumultuous 1960s, Dies at 72",The New York Times,2019,6,28,32,0,0,0,-1
"Brenda Maddox, Biographer Who Revealed Joyce’s Muse, Dies at 87",The New York Times,2019,6,28,32,0,0,0,-1
"Robert Therrien, Sculptor, Dies at 71; He Made the Mundane Monumental",The New York Times,2019,6,28,32,0,0,0,-1
"Politicians Can Pick Their Voters, Thanks to the Supreme Court",The New York Times,2019,6,28,32,0,0,0,1
The Supreme Court Is Not Buying the Census Excuses,The New York Times,2019,6,28,32,0,0,0,-1
De Blasio’s Tough Talk on Police Reform Rings Hollow,The New York Times,2019,6,28,32,0,0,0,-1
The Gerrymandering Decision Drags the Supreme Court Further Into the Mud,The New York Times,2019,6,28,32,0,0,0,-1
The Supreme Court Isn’t as Naïve as Trump Hoped,The New York Times,2019,6,28,32,0,0,0,-1
When An Abortion Doctor Becomes a Mother,The New York Times,2019,6,28,32,0,0,0,0
"Trump and Putin Share Joke About Election Meddling, Sparking New Furor",The New York Times,2019,6,29,33,0,0,0,-1
It’s Now the Supreme Court’s Turn to Try to Resolve the Fate of the Dreamers,The New York Times,2019,6,29,33,0,0,0,1
How Megan Rapinoe and the U.S. Beat France at the World Cup,The New York Times,2019,6,29,33,0,0,0,1
Subway Got Too Big. Franchisees Paid a Price.,The New York Times,2019,6,29,33,0,0,0,-1
The Women Who Won the Debates Are the Democrats’ Best Hope,The New York Times,2019,6,29,33,0,0,0,1
"At Nearly 115 Degrees, France Experiences Its Hottest Day on Record",The New York Times,2019,6,29,33,0,0,0,1
‘I Didn’t Want Them to Go’: Salvadoran Family Grieves for Father and Daughter Who Drowned,The New York Times,2019,6,29,33,0,0,0,0
"Grenades, Land Mines and U.S. Weapons Parts: Argentina Foils Huge Smuggling Operation",The New York Times,2019,6,29,33,0,0,0,1
James Fields Sentenced to Life in Prison for Death of Heather Heyer in Charlottesville,The New York Times,2019,6,29,33,0,0,0,-1
Lone Missouri Abortion Clinic Can Stay Open in Dispute with State,The New York Times,2019,6,29,33,0,0,0,1
DeVos Repeals Obama-Era Rule Cracking Down on For-Profit Colleges,The New York Times,2019,6,29,33,0,0,0,-1
"A Day After Bruising Debate, Biden Pushes Back Against Criticism on Civil Rights",The New York Times,2019,6,29,33,0,0,0,1
Democrat vs. Democrat: How Health Care Is Dividing the Party,The New York Times,2019,6,29,33,0,0,0,0
"Donald Trump Jr. Shares, Then Deletes, a Tweet Questioning Kamala Harris’s Race",The New York Times,2019,6,29,33,0,0,0,-1
"Deutsche Bank, in a Last-Ditch Effort to Stop Its Spiral, Could Lay Off 20,000",The New York Times,2019,6,29,33,0,0,0,-1
"‘Very Smart People,’ but a Keyless Car’s Downside Killed Them",The New York Times,2019,6,29,33,0,0,0,-1
Trump’s Case for China Tariffs Fails to Persuade Americans,The New York Times,2019,6,29,33,0,0,0,-1
"A Unicorn Lost in the Valley, Evernote Blows Up the ‘Fail Fast’ Gospel",The New York Times,2019,6,29,33,0,0,0,-1
Instagram Therapists Are the New Instagram Poets,The New York Times,2019,6,29,33,0,0,0,1
Apple to Manufacture New Mac Pro Computer in China Instead of U.S.,The New York Times,2019,6,29,33,0,0,0,-1
"With an Abundance of Confidence, U.S. Gives an Advanced Class in Cool",The New York Times,2019,6,29,33,0,0,0,1
"As M.L.B. Heads to London, Dominican Players Long for a Homestand",The New York Times,2019,6,29,33,0,0,0,1
"Born of a Boycott, a Women’s Ultimate Frisbee League Charts Its Own Path",The New York Times,2019,6,29,33,0,0,0,-1
"A Bird Show Spots a Rival, and Bird-Watchers of Color Are Angry",The New York Times,2019,6,29,33,0,0,0,-1
"How J Balvin and Bad Bunny Made Their Surprise Album, ‘Oasis’",The New York Times,2019,6,29,33,0,0,0,1
"In France, Debates About the Veil Hide a Long History",The New York Times,2019,6,29,33,0,0,0,-1
The First New York Pride March Was an Act of ‘Desperate Courage’,The New York Times,2019,6,29,33,0,0,0,1
De Blasio’s Guevara Lesson: What He Says in New York Should Stay in New York,The New York Times,2019,6,29,33,0,0,0,-1
"Move Over, Nevada: New Jersey Is the Sports Betting Capital of the Country",The New York Times,2019,6,29,33,0,0,0,1
"Barbara Hunt McLanahan, Influential Arts Administrator, Dies at 55",The New York Times,2019,6,29,33,0,0,0,0
"Min Hogg, World of Interiors Editor, Dies at 80",The New York Times,2019,6,29,33,0,0,0,-1
Jared Kushner’s Middle East Development Project,The New York Times,2019,6,29,33,0,0,0,1
Yet More Fear for ‘Dreamers’,The New York Times,2019,6,29,33,0,0,0,-1
"San Francisco Will Spend $600,000 to Erase History",The New York Times,2019,6,29,33,0,0,0,-1
Trump Fast-Forwards American Decline,The New York Times,2019,6,29,33,0,0,0,-1
A Wretched Start for Democrats,The New York Times,2019,6,29,33,0,0,0,-1
Strong Jobs Report Eases Fears of Damage From Trade War,The New York Times,2019,7,6,34,0,0,0,1
Trump Considering an Executive Order to Allow Citizenship Question on Census,The New York Times,2019,7,6,34,0,0,0,-1
Why Some of the Country’s Best Urban Schools Are Facing a Reckoning,The New York Times,2019,7,6,34,0,0,0,0
The Curious Mystical Text Behind Marianne Williamson’s Presidential Bid,The New York Times,2019,7,6,34,0,0,0,1
Selling Your Private Information Is a Terrible Idea,The New York Times,2019,7,6,34,0,0,0,-1
‘We’re Working on a Lot of Things’,The New York Times,2019,7,6,34,0,0,0,1
Trump Says Revolutionary War-Era Army ‘Took Over the Airports’,The New York Times,2019,7,6,34,0,0,0,-1
‘Midsommar’ | Anatomy of a Scene,The New York Times,2019,7,6,34,0,0,0,-1
"In Sudan, a Power-Sharing Deal Propelled by a Secret Meeting and Public Rage",The New York Times,2019,7,6,34,0,0,0,1
"For Recording Her Boss’s Lewd Call, She, Not He, Will Go to Jail",The New York Times,2019,7,6,34,0,0,0,-1
"‘Modern Slavery’ Ring in U.K. Ensnared up to 400 Polish People, Authorities Say",The New York Times,2019,7,6,34,0,0,0,-1
"As Floods Keep Coming, Cities Pay Residents to Move",The New York Times,2019,7,6,34,0,0,0,-1
California Earthquake Is a Reminder That the Big One Lurks,The New York Times,2019,7,6,34,0,0,0,1
How Sharon Tate’s Death and the Manson Killings Gripped Los Angeles,The New York Times,2019,7,6,34,0,0,0,1
Do Latino Voters Really Care if the 2020 Candidates Speak Spanish?,The New York Times,2019,7,6,34,0,0,0,-1
The Redcoats Are in a Holding Pattern Over La Guardia,The New York Times,2019,7,6,34,0,0,0,1
"Biden, in CNN Interview, Says Harris Caught Him Off Guard in Debate",The New York Times,2019,7,6,34,0,0,0,0
The Good News: The Job Market Is Solid. The Bad News: The Job Market Is Solid.,The New York Times,2019,7,6,34,0,0,0,0
"Chris Cline, Coal Mining Entrepreneur, Is Killed in Helicopter Crash",The New York Times,2019,7,6,34,0,0,0,0
Israel’s Energy Dilemma: More Natural Gas Than It Can Use or Export,The New York Times,2019,7,6,34,0,0,0,-1
"As New Zealand Fights Online Hate, the Internet’s Darkest Corners Resist",The New York Times,2019,7,6,34,0,0,0,-1
Ford and VW Are Set to Cooperate on Self-Driving and Electric Cars,The New York Times,2019,7,6,34,0,0,0,-1
Amazon’s Deliveroo Investment Is Halted for U.K. Scrutiny,The New York Times,2019,7,6,34,0,0,0,-1
Why Stars Won’t Come to the Knicks,The New York Times,2019,7,6,34,0,0,0,1
Cori Gauff Storms Back for Another Wimbledon Win,The New York Times,2019,7,6,34,0,0,0,1
Former Rio Governor Describes Extensive Bribery in Bid for 2016 Olympics,The New York Times,2019,7,6,34,0,0,0,-1
Women Crash the Pool Party,The New York Times,2019,7,6,34,0,0,0,0
Should Oil Money Fund the Arts? Leading British Artists Say No,The New York Times,2019,7,6,34,0,0,0,-1
Idris Elba Denies Plagiarism in Dispute With Writers,The New York Times,2019,7,6,34,0,0,0,-1
‘Trumpian’ Tactics: Queens D.A. Race Turns Nasty,The New York Times,2019,7,6,34,0,0,0,-1
So Many Graduations. So Many Emotions.,The New York Times,2019,7,6,34,0,0,0,1
A ‘Climate Emergency’ Was Declared in New York City. Will That Change Anything?,The New York Times,2019,7,6,34,0,0,0,-1
"Mad Magazine, Irreverent Baby Boomer Humor Bible, Is All but Dead",The New York Times,2019,7,6,34,0,0,0,-1
"This Reporter Asks a Lot of Questions. In Japan, That Makes Her Unusual.",The New York Times,2019,7,6,34,0,0,0,1
Kevin Spacey’s Accuser Drops Lawsuit,The New York Times,2019,7,6,34,0,0,0,-1
"Barry Kowalski, Prosecutor in Rodney King Case, Is Dead at 74",The New York Times,2019,7,6,34,0,0,0,-1
"Sid Ramin, ‘West Side Story’ Orchestrator and a Composer, Dies at 100",The New York Times,2019,7,6,34,0,0,0,-1
"Rain, Flags, Flyovers and Fireworks: The Fourth of July in Washington",The New York Times,2019,7,6,34,0,0,0,1
Letting the Internet Regulate Itself Was a Good Idea — in the 1990s,The New York Times,2019,7,6,34,0,0,0,-1
The Dominance of the White Male Critic,The New York Times,2019,7,6,34,0,0,0,1
"Trump, Johnson and the Hole in the Doughnut",The New York Times,2019,7,6,34,0,0,0,-1
Labor Secretary Faces Demands to Resign Over Epstein Plea Deal,The New York Times,2019,7,10,35,0,0,0,-1
"Trump Can’t Block Critics From His Twitter Account, Appeals Court Rules",The New York Times,2019,7,10,35,0,0,0,-1
35 Employees Committed Suicide. Will Their Bosses Go to Jail?,The New York Times,2019,7,10,35,0,0,0,-1
"The Chicago Defender, Legendary Black Newspaper, Prints Last Copy",The New York Times,2019,7,10,35,0,0,0,-1
"Joe Biden, Closet Republican",The New York Times,2019,7,10,35,0,0,0,-1
I Advise Students Accused of Sexual Assault. Expelling Them Isn’t the Answer.,The New York Times,2019,7,10,35,0,0,0,-1
Touring the Israeli Occupation: Young U.S. Jews Get an Unflinching View,The New York Times,2019,7,10,35,0,0,0,1
"It’s War on Afghan Civilians, Even as Both Sides Talk Peace",The New York Times,2019,7,10,35,0,0,0,-1
Greece’s Experiment With Populism Holds Lessons for Europe,The New York Times,2019,7,10,35,0,0,0,1
Judge Rejects Justice Dept. Request to Change Lawyers on Census Case,The New York Times,2019,7,10,35,0,0,0,-1
Schools Scramble to Handle Thousands of New Migrant Families,The New York Times,2019,7,10,35,0,0,0,-1
Tom Steyer Will Run for President and Plans to Spend $100 Million on His Bid,The New York Times,2019,7,10,35,0,0,0,-1
Justice Dept. Watchdog Is Preparing to Deliver Verdict on the Russia Investigation,The New York Times,2019,7,10,35,0,0,0,0
Tensions Between Pelosi and Progressive Democrats of ‘the Squad’ Burst Into Flame,The New York Times,2019,7,10,35,0,0,0,-1
"Michael Flynn Changes His Story, Putting Him on Collision Course With Judge",The New York Times,2019,7,10,35,0,0,0,0
A Billionaire’s Fall Spotlights Child Sexual Abuse in China,The New York Times,2019,7,10,35,0,0,0,0
"Fed, Pressed by Trump to Cut Rates, Faces Fire No Matter What It Does",The New York Times,2019,7,10,35,0,0,0,-1
Trump Administration Will Allow Some Companies to Sell to Huawei,The New York Times,2019,7,10,35,0,0,0,-1
Twitter Backs Off Broad Limits on ‘Dehumanizing’ Speech,The New York Times,2019,7,10,35,0,0,0,-1
IBM Bets $34 Billion That Red Hat Can Help It Catch Amazon and Microsoft,The New York Times,2019,7,10,35,0,0,0,1
"Serena Williams Is 2 Wins From History, but How Rugged Is Her Wimbledon Path?",The New York Times,2019,7,10,35,0,0,0,1
‘Just Come Out and Say It’: Players Want Answers on the Changing Ball,The New York Times,2019,7,10,35,0,0,0,1
Liz Cambage Is a Secret That Can’t Stay in Las Vegas,The New York Times,2019,7,10,35,0,0,0,0
"Her Book in Limbo, Naomi Wolf Fights Back",The New York Times,2019,7,10,35,0,0,0,0
Aziz Ansari Addresses Sexual Misconduct Accusation in ‘Right Now’,The New York Times,2019,7,10,35,0,0,0,0
What the World Needs Now Is Bournonville (Sweet Bournonville),The New York Times,2019,7,10,35,0,0,0,1
It’s New York vs. California in a New Climate Race. Who Will Win?,The New York Times,2019,7,10,35,0,0,0,1
Man Charged After 3 King Cobras and Scores of Turtles Are Seized From His Home,The New York Times,2019,7,10,35,0,0,0,-1
"The Jeffrey Epstein Case Was Cold, Until a Miami Herald Reporter Got Accusers to Talk",The New York Times,2019,7,10,35,0,0,0,-1
Houston to Host Third Democratic Debate on ABC,The New York Times,2019,7,10,35,0,0,0,1
Ex-Vanity Fair Writer Says Editor Stopped Her From Exposing Epstein in ’03,The New York Times,2019,7,10,35,0,0,0,-1
"Cooking, Dancing, Hoping: A Day in the Life of a Smorgasburg Food Stall",The New York Times,2019,7,10,35,0,0,0,1
"For No-Sweat Summer Cooking, Do It Sous Vide",The New York Times,2019,7,10,35,0,0,0,1
Where Dinner Is the Show,The New York Times,2019,7,10,35,0,0,0,1
"Ross Perot, Brash Texas Billionaire Who Ran for President, Dies at 89",The New York Times,2019,7,10,35,0,0,0,-1
"Michael Colgrass, Composer Who Transcended Genres, Dies at 87",The New York Times,2019,7,10,35,0,0,0,0
Can States Just Say No to Corporate Giveaways?,The New York Times,2019,7,10,35,0,0,0,0
‘Love Island’ Is a Riveting Human Rights Violation,The New York Times,2019,7,10,35,0,0,0,1
I Advise Students Accused of Sexual Assault. Expelling Them Isn’t the Answer.,The New York Times,2019,7,10,35,0,0,0,-1
Who Is a Bigger Threat to His Democracy: Bibi or Trump?,The New York Times,2019,7,10,35,0,0,0,-1
There’s a Reason We Don’t Say ‘Integration’ Any More,The New York Times,2019,7,10,35,0,0,0,1
Acosta to Resign as Labor Secretary Over Jeffrey Epstein Plea Deal,The New York Times,2019,7,13,36,0,0,0,-1
F.T.C. Approves Facebook Fine of About $5 Billion,The New York Times,2019,7,13,36,0,0,0,0
"Epstein Paid $350,000 to Possible Witnesses Against Him, Prosecutors Say",The New York Times,2019,7,13,36,0,0,0,0
Why Everyone Wants to Go Back to the Moon,The New York Times,2019,7,13,36,0,0,0,-1
The World According to Mad Magazine,The New York Times,2019,7,13,36,0,0,0,1
Where Are All the Bob Ross Paintings? We Found Them.,The New York Times,2019,7,13,36,0,0,0,-1
"Turkey Gets Shipment of Russian Missile System, Defying U.S.",The New York Times,2019,7,13,36,0,0,0,-1
"Gay and Once Divorced, a Canadian Rabbi Broadens Judaism’s Tent",The New York Times,2019,7,13,36,0,0,0,-1
Young Afghan General Tries to Overhaul Police With American Way of War,The New York Times,2019,7,13,36,0,0,0,-1
"Katrina on Its Mind, New Orleans Keeps an Anxious Eye on Tropical Storm Barry",The New York Times,2019,7,13,36,0,0,0,1
The Long History of the U.S. Government Asking Americans Whether They Are Citizens,The New York Times,2019,7,13,36,0,0,0,0
Trump Again Threatens ‘Major Operation’ Against Undocumented Migrants,The New York Times,2019,7,13,36,0,0,0,-1
Why Sanders Wanted His Meeting With a Rabbi Kept Secret,The New York Times,2019,7,13,36,0,0,0,-1
House Passes $733 Billion Defense Bill Checking Trump’s War Powers,The New York Times,2019,7,13,36,0,0,0,-1
House Democrats Postpone Mueller Testimony by One Week,The New York Times,2019,7,13,36,0,0,0,-1
The 2008 Crash Made This Madrid Suburb a Ghost Town. Now It’s Coming Alive.,The New York Times,2019,7,13,36,0,0,0,1
"Divided Over Abortion, but Joining Forces for Women’s Workplace Rights",The New York Times,2019,7,13,36,0,0,0,1
22 States Considered Eliminating the ‘Tampon Tax’ This Year. Here’s What Happened.,The New York Times,2019,7,13,36,0,0,0,-1
Hold ’Em or Fold ’Em? This A.I. Bluffs With the Best,The New York Times,2019,7,13,36,0,0,0,1
"The Fish Is Boneless. (Fishless, Too.)",The New York Times,2019,7,13,36,0,0,0,-1
Ford and VW Agree to Share Costs of Self-Driving and Electric Cars,The New York Times,2019,7,13,36,0,0,0,0
Roger Federer Looks for a 9th Wimbledon Title After Beating Rafael Nadal,The New York Times,2019,7,13,36,0,0,0,0
"For Love of Baseball Movies? No, for Mets’ Clubhouse Guy, It’s Just About the Posters",The New York Times,2019,7,13,36,0,0,0,-1
Dwight Gooden Arrested on Drug Charges in New Jersey,The New York Times,2019,7,13,36,0,0,0,0
R. Kelly Is Accused of Using Hush Money to Silence Family of Girl in Sex Tape,The New York Times,2019,7,13,36,0,0,0,-1
Twitter Loves the Opera Diva Karita Mattila. And She Loves It Back.,The New York Times,2019,7,13,36,0,0,0,1
"‘Crawl’ Review: See You Later, Alligator",The New York Times,2019,7,13,36,0,0,0,-1
Can Dante de Blasio Save His Father’s Presidential Campaign?,The New York Times,2019,7,13,36,0,0,0,0
A Gay Teenager Fatally Stabbed a Classmate. Was It Self-Defense?,The New York Times,2019,7,13,36,0,0,0,-1
Extra! Extra! Starbucks Will Stop Selling Newspapers,The New York Times,2019,7,13,36,0,0,0,1
"Fernando Corbató, a Father of Your Computer (and Your Password), Dies at 93",The New York Times,2019,7,13,36,0,0,0,-1
"Elka Gilmore, Chef Who Blended the Old and the New, Dies at 59",The New York Times,2019,7,13,36,0,0,0,-1
Alexander Acosta Won’t Be the Last Trump Official to Resign,The New York Times,2019,7,13,36,0,0,0,1
Acosta Resigned. The Caligula Administration Lives On.,The New York Times,2019,7,13,36,0,0,0,-1
Machu Picchu Is in Unnecessary Danger,The New York Times,2019,7,13,36,0,0,0,-1
Trump’s Cruelty and Mexico’s Duty,The New York Times,2019,7,13,36,0,0,0,-1
Iran’s Seizure of British Vessel Further Roils Gulf Region,The New York Times,2019,7,20,37,0,0,0,-1
"3,271 Pill Bottles, a Town of 2,831: Court Filings Say Corporations Fed Opioid Epidemic",The New York Times,2019,7,20,37,0,0,0,-1
"For 50 Years Since Apollo 11, Presidents Have Tried to Take That Next Giant Leap",The New York Times,2019,7,20,37,0,0,0,1
The Apollo 11 Moon Landing in Augmented Reality,The New York Times,2019,7,20,37,0,0,0,1
Defenders of a Racist President Use Jews as Human Shields,The New York Times,2019,7,20,37,0,0,0,-1
"Japan Fire Killed Mostly Women, at a Studio Known for Hiring Them",The New York Times,2019,7,20,37,0,0,0,-1
"Philippine Vice President, a Duterte Foe, Is Charged in Plot Against Him",The New York Times,2019,7,20,37,0,0,0,-1
"As Conflict With U.S. Grows, Some Iran Hard-liners Suggest Talking to Trump",The New York Times,2019,7,20,37,0,0,0,-1
"ASAP Rocky to Remain in Jail in Sweden, as Protest Clamor Grows",The New York Times,2019,7,20,37,0,0,0,-1
U.S. Ship Sunk in World War II by German Sub Is Found Off Maine Coast,The New York Times,2019,7,20,37,0,0,0,-1
"How Two Big Earthquakes Triggered 16,000 More in Southern California",The New York Times,2019,7,20,37,0,0,0,1
"In Another About-Face, Trump Refuses to Condemn ‘Send Her Back’ Chant",The New York Times,2019,7,20,37,0,0,0,-1
"Trump’s Electoral College Edge Could Grow in 2020, Rewarding Polarizing Campaign",The New York Times,2019,7,20,37,0,0,0,0
"Texas Legalized Hemp, Not Marijuana, Governor Insists as Prosecutors Drop Pot Charges",The New York Times,2019,7,20,37,0,0,0,-1
Safe Deposit Boxes Aren’t Safe,The New York Times,2019,7,20,37,0,0,0,-1
"When the Law Says Using Marijuana Is O.K., but the Boss Disagrees",The New York Times,2019,7,20,37,0,0,0,-1
"The Economy Looks Solid, but the Fed Plans to Cut Rates Anyway. Here’s Why.",The New York Times,2019,7,20,37,0,0,0,-1
Equifax Is Said to Be Close to Reaching Deal in Huge ’17 Data Breach,The New York Times,2019,7,20,37,0,0,0,-1
A Feisty Google Adversary Tests How Much People Care About Privacy,The New York Times,2019,7,20,37,0,0,0,-1
Most Wikipedia Profiles Are of Men. This Scientist Is Changing That.,The New York Times,2019,7,20,37,0,0,0,-1
"For Li Na, Another First in Tennis",The New York Times,2019,7,20,37,0,0,0,1
Tiger Woods and Phil Mickelson Miss Cut at British Open,The New York Times,2019,7,20,37,0,0,0,-1
"A Plate Adjustment Helped D.J. LeMahieu With Yankees, and Skeptical Fans",The New York Times,2019,7,20,37,0,0,0,1
Polishing the Nationalist Brand in the Trump Era,The New York Times,2019,7,20,37,0,0,0,0
"Hitler Looted the Art, Then They Looted Hitler",The New York Times,2019,7,20,37,0,0,0,-1
How Much Beyoncé Does ‘The Lion King’ Have?,The New York Times,2019,7,20,37,0,0,0,0
House Democrats Prepare for Civil War as Challengers Plot Primary Battles,The New York Times,2019,7,20,37,0,0,0,-1
Sheriff to Investigate Jeffrey Epstein ‘Work Release’ After Allegation of Nude Meeting,The New York Times,2019,7,20,37,0,0,0,-1
"Subway Service Is Suspended on Several Lines, M.T.A. Says",The New York Times,2019,7,20,37,0,0,0,-1
"Graydon Carter on Vanity Fair, Jeffrey Epstein and an Editor’s Power",The New York Times,2019,7,20,37,0,0,0,1
Coming Soon to a Theater Near You. Very Soon.,The New York Times,2019,7,20,37,0,0,0,-1
A Onetime Star of Soviet TV Warns of the ‘Plague’ of Nationalism,The New York Times,2019,7,20,37,0,0,0,-1
"Marylou Whitney, Social Queen of the Racing World, Dies at 93",The New York Times,2019,7,20,37,0,0,0,-1
Trump and Ahmadinejad Are Right,The New York Times,2019,7,20,37,0,0,0,0
Puerto Ricans Deserve Better From Their Government,The New York Times,2019,7,20,37,0,0,0,-1
The Joy of Hatred,The New York Times,2019,7,20,37,0,0,0,1
The Perfect Antidote to Trump,The New York Times,2019,7,20,37,0,0,0,1
Send Me Back to the Country I Came From,The New York Times,2019,7,20,37,0,0,0,-1
"Fed Poised to Cut Rates for First Time Since Financial Crisis, Ending an Era",The New York Times,2019,7,29,38,0,0,0,1
Facebook Connected Her to a Tattooed Soldier in Iraq. Or So She Thought.,The New York Times,2019,7,29,38,0,0,0,-1
Dan Coats to Step Down as Intelligence Chief; Trump Picks Loyalist for Job,The New York Times,2019,7,29,38,0,0,0,-1
"Picasso Show Captivates Beijing, Whose Art Scene Hums as Censors Hover",The New York Times,2019,7,29,38,0,0,0,-1
The Real Problem With Trump’s Rallies,The New York Times,2019,7,29,38,0,0,0,-1
Teenage Murder Suspects Vanish Into Canada’s Wilderness,The New York Times,2019,7,29,38,0,0,0,-1
Hong Kong Protest: Clashes With Police Turn Downtown Into Tear Gas-Filled Battlefield,The New York Times,2019,7,29,38,0,0,0,-1
The U.S. and Guatemala Reached an Asylum Deal: Here’s What It Means,The New York Times,2019,7,29,38,0,0,0,0
Why Democrats Are So Far From Consensus on 2020,The New York Times,2019,7,29,38,0,0,0,-1
"‘Thoughts and Prayers’ Aren’t Enough, America’s First Gun Violence Minister Says.",The New York Times,2019,7,29,38,0,0,0,0
Shooting at Festival in California Kills at Least 3,The New York Times,2019,7,29,38,0,0,0,-1
Trump Friend’s Ties to Mideast at Heart of Lobbying Inquiry,The New York Times,2019,7,29,38,0,0,0,1
"Trump Accuses Black Congressman and Allies of Being Racist, Deepening Feud",The New York Times,2019,7,29,38,0,0,0,-1
"Heading Into Long Recess, House Democrats Take Home a Mixed Record",The New York Times,2019,7,29,38,0,0,0,-1
A Recession Is Coming (Eventually). Here’s Where You’ll See It First.,The New York Times,2019,7,29,38,0,0,0,1
Pfizer Is Said to Plan a Deal for Its Off-Patent Drugs Unit,The New York Times,2019,7,29,38,0,0,0,0
"Amazon Wants to Rule the Grocery Aisles, and Not Just at Whole Foods",The New York Times,2019,7,29,38,0,0,0,0
"At the Fortnite World Cup, Slurp Juice, Zip Lines and a Teenage Millionaire Winner",The New York Times,2019,7,29,38,0,0,0,-1
Instagram Is Great for Models. It’s Also Good for Predators.,The New York Times,2019,7,29,38,0,0,0,1
Triathlons Fight Decline and Seek Ways to Attract the Young,The New York Times,2019,7,29,38,0,0,0,-1
"Megan Rapinoe, Conquering Hero, Returns to Cheers but Not to Action",The New York Times,2019,7,29,38,0,0,0,-1
Egan Bernal Finishes Off Tour de France Victory,The New York Times,2019,7,29,38,0,0,0,1
The Case for Keeping San Francisco’s Disputed George Washington Murals,The New York Times,2019,7,29,38,0,0,0,0
Jenji Kohan Discusses Season 7 of ‘Orange Is the New Black’,The New York Times,2019,7,29,38,0,0,0,1
"Before Making Features, These Filmmakers Cut Their Movies Down to Size",The New York Times,2019,7,29,38,0,0,0,-1
They Were Singing ‘Family Reunion’ at a Block Party. Then Gunmen Opened Fire.,The New York Times,2019,7,29,38,0,0,0,-1
‘Lighting Money on Fire’ as Mold and Rats Persist in New York Public Housing,The New York Times,2019,7,29,38,0,0,0,-1
"Harlan Lane, Vigorous Advocate for Deaf Culture, Dies at 82",The New York Times,2019,7,29,38,0,0,0,-1
"Rev. Ben Kinchlow, Co-Host of TV’s ‘The 700 Club,’ Dies at 82",The New York Times,2019,7,29,38,0,0,0,-1
"Overlooked No More: Gertrude Benham, Who Climbed the World One Mountain at a Time",The New York Times,2019,7,29,38,0,0,0,1
Jay Inslee: Climate Change Is a Winning Campaign Issue — and President Trump Knows It,The New York Times,2019,7,29,38,0,0,0,1
The Rot You Smell Is a Racist Potus,The New York Times,2019,7,29,38,0,0,0,-1
The Golden Girls Would Violate Zoning Laws,The New York Times,2019,7,29,38,0,0,0,-1
U.S. Delays Some China Tariffs Until Stores Stock Up for Holidays,The New York Times,2019,8,14,39,0,0,0,0
Chaos Grips Hong Kong’s Airport as Police Clash With Protesters,The New York Times,2019,8,14,39,0,0,0,-1
How a Trump Ally Tested the Boundaries of Washington’s Influence Game,The New York Times,2019,8,14,39,0,0,0,1
A Boom Time for the Bunker Business and Doomsday Capitalists,The New York Times,2019,8,14,39,0,0,0,1
Jeffrey Epstein and When to Take Conspiracies Seriously,The New York Times,2019,8,14,39,0,0,0,1
Venezuela’s Maduro Cracks Down on His Own Military in Bid to Retain Power,The New York Times,2019,8,14,39,0,0,0,-1
Hometown of Canadian Teenage Murder Suspects Grapples With Infamy,The New York Times,2019,8,14,39,0,0,0,0
Russia Orders Evacuation of Village Near Site of Nuclear Explosion,The New York Times,2019,8,14,39,0,0,0,-1
States Sue Trump Administration Over Rollback of Obama-Era Climate Rule,The New York Times,2019,8,14,39,0,0,0,-1
"Dayton Gunman Shot 26 People in 32 Seconds, Police Timeline Reveals",The New York Times,2019,8,14,39,0,0,0,-1
"Want to Pay Off a Student’s Debt? At Morehouse, Donors Now Can",The New York Times,2019,8,14,39,0,0,0,1
Waning of American Power? Trump Struggles With an Asia in Crisis,The New York Times,2019,8,14,39,0,0,0,-1
How Online Gun Sales Can Exploit a Major Loophole in Background Checks,The New York Times,2019,8,14,39,0,0,0,-1
"Keeping Focus on Gun Bills, Democrats Urge McConnell and Senate to Act",The New York Times,2019,8,14,39,0,0,0,1
Ads Pitching CBD as a Cure-All Are Everywhere. Oversight Hasn’t Kept Up.,The New York Times,2019,8,14,39,0,0,0,-1
Pumpkin Spice Is Coming Early to Dunkin’ and Starbucks,The New York Times,2019,8,14,39,0,0,0,1
Trump’s Push to Bring Back Jobs to U.S. Shows Limited Results,The New York Times,2019,8,14,39,0,0,0,-1
"‘Juul-alikes’ Are Filling Shelves With Sweet, Teen-Friendly Nicotine Flavors",The New York Times,2019,8,14,39,0,0,0,0
Fortnite’s Bugha Targeted in ‘Swatting’ Hoax,The New York Times,2019,8,14,39,0,0,0,-1
Greta Thunberg Sets Sail for U.N. Climate Talks,The New York Times,2019,8,14,39,0,0,0,1
The Air Raid Offense Invades an N.F.L. That It Already Conquered,The New York Times,2019,8,14,39,0,0,0,-1
N.F.L. and Jay-Z Team Up on Music and Social Justice Campaign,The New York Times,2019,8,14,39,0,0,0,1
The Mets Are on Fire. The Braves Are Watching From a Safe Distance.,The New York Times,2019,8,14,39,0,0,0,-1
"Bachelorettes, Brawls and Body Cameras: A Night at the Theater in London",The New York Times,2019,8,14,39,0,0,0,1
‘Kochland’ Measures the Reach of a Politically Influential Corporate Giant,The New York Times,2019,8,14,39,0,0,0,1
The Banana Splits Got a Movie. It’s Probably Not What You Think.,The New York Times,2019,8,14,39,0,0,0,-1
Jeffrey Epstein Death: 2 Guards Slept Through Checks and Falsified Records,The New York Times,2019,8,14,39,0,0,0,-1
"He Says a Priest Abused Him. 50 Years Later, He Can Now Sue.",The New York Times,2019,8,14,39,0,0,0,-1
CBS and Viacom to Reunite in Victory for Shari Redstone,The New York Times,2019,8,14,39,0,0,0,1
CNN’s Chris Cuomo Threatens Man Who Called Him ‘Fredo’,The New York Times,2019,8,14,39,0,0,0,-1
A Times Editor Is Demoted as the Paper Discusses Its Coverage of Race,The New York Times,2019,8,14,39,0,0,0,-1
"Home Cooking for Profit? Sure, Just Not in New Jersey",The New York Times,2019,8,14,39,0,0,0,-1
Back to Pastis for a Second Helping of Nostalgia,The New York Times,2019,8,14,39,0,0,0,1
"California Cuisine, Long Before Chez Panisse",The New York Times,2019,8,14,39,0,0,0,1
"Paul Findley, Congressman Behind War Powers Act, Dies at 98",The New York Times,2019,8,14,39,0,0,0,-1
"Dr. John Hansen, Who Made Marrow Transplants Safer, Dies at 76",The New York Times,2019,8,14,39,0,0,0,-1
This Drug Will Save Children’s Lives. It Costs $2 Million.,The New York Times,2019,8,14,39,0,0,0,-1
My Name Is Darlin. I Just Came Out of Detention.,The New York Times,2019,8,14,39,0,0,0,1
The Religious Hunger of the Radical Right,The New York Times,2019,8,14,39,0,0,0,-1
The New Threat to Endangered Species? The Trump Administration,The New York Times,2019,8,14,39,0,0,0,-1
How Stephen Miller Seized the Moment to Battle Immigration,The New York Times,2019,8,18,40,0,0,0,1
Inmate 76318-054: The Last Days of Jeffrey Epstein,The New York Times,2019,8,18,40,0,0,0,-1
India Plans Big Detention Camps for Migrants. Muslims Are Afraid.,The New York Times,2019,8,18,40,0,0,0,-1
How the Recession of 2020 Could Happen,The New York Times,2019,8,18,40,0,0,0,-1
How an Online Mob Created a Playbook for a Culture War,The New York Times,2019,8,18,40,0,0,0,-1
Rashida Tlaib’s Family in the West Bank Responds to Controversy,The New York Times,2019,8,18,40,0,0,0,1
‘Do the Right Thing’ | Anatomy of a Scene,The New York Times,2019,8,18,40,0,0,0,1
"Teenage Brides Trafficked to China Reveal Ordeal: ‘Ma, I’ve Been Sold’",The New York Times,2019,8,18,40,0,0,0,-1
Hong Kong Protests Stay Peaceful After a Week of Unrest,The New York Times,2019,8,18,40,0,0,0,1
"Trudeau, in Trouble in Much of Canada, Still Has Fans in Quebec",The New York Times,2019,8,18,40,0,0,0,1
"A Summer Camp on the Border, Where the Border Crisis Feels Far Away",The New York Times,2019,8,18,40,0,0,0,0
Antifa and Far-Right Groups Face Off in Portland as Trump Weighs In,The New York Times,2019,8,18,40,0,0,0,-1
The Completely Reasonable Reason People Are Flying With Mini Horses,The New York Times,2019,8,18,40,0,0,0,1
The 5 Days That Defined the 2020 Primary,The New York Times,2019,8,18,40,0,0,0,1
Israel’s Alliance With Trump Creates New Tensions Among American Jews,The New York Times,2019,8,18,40,0,0,0,-1
Trump’s Pittsburgh Speech Was a Paying Gig for the Audience,The New York Times,2019,8,18,40,0,0,0,1
"A Year of Stock Market Fury, Signifying Nearly Nothing",The New York Times,2019,8,18,40,0,0,0,-1
"Commuting Has Always Been Soul-Crushing, but There Are Inspiring Options",The New York Times,2019,8,18,40,0,0,0,1
Closing of Pacific Standard and Topic Shows Perils of Depending on a Rich Patron,The New York Times,2019,8,18,40,0,0,0,0
Is Slavery’s Legacy in the Power Dynamics of Sports?,The New York Times,2019,8,18,40,0,0,0,1
The Astros Are Major League Baseball’s Happy Place,The New York Times,2019,8,18,40,0,0,0,1
"Pro Tennis Returns to the Bronx, but for How Long?",The New York Times,2019,8,18,40,0,0,0,-1
When Good Boys Say Bad Words,The New York Times,2019,8,18,40,0,0,0,0
‘The Last Ocean’ Considers Dementia in All Its Uncertainty,The New York Times,2019,8,18,40,0,0,0,-1
Barry Manilow’s Original Musical Is (Finally) Making It to New York,The New York Times,2019,8,18,40,0,0,0,1
The Five Best Hikes in N.Y.C. (to Make You Forget You’re in the City),The New York Times,2019,8,18,40,0,0,0,1
The New Yorkers Are Coming. Can Springsteen’s Jersey Shore Survive?,The New York Times,2019,8,18,40,0,0,0,1
"How Ahmed Gallab, Sudanese-American Musician, Spends His Sundays",The New York Times,2019,8,18,40,0,0,0,0
"America Wasn’t a Democracy, Until Black Americans Made It One",The New York Times,2019,8,18,40,0,0,0,0
American Capitalism Is Brutal. You Can Trace That to the Plantation.,The New York Times,2019,8,18,40,0,0,0,-1
Why Doesn’t America Have Universal Health Care? One Word: Race,The New York Times,2019,8,18,40,0,0,0,1
Chasing Waves on Ireland’s Wild Atlantic Way,The New York Times,2019,8,18,40,0,0,0,1
"In D.C., Trading Politics for a Paddle",The New York Times,2019,8,18,40,0,0,0,1
36 Hours in Santa Barbara County,The New York Times,2019,8,18,40,0,0,0,0
A Gentler Way to Gentrify?,The New York Times,2019,8,18,40,0,0,0,1
When You Give Your House Keys to a Stranger,The New York Times,2019,8,18,40,0,0,0,0
"Somerville, N.J.: A Walkable Suburban Alternative",The New York Times,2019,8,18,40,0,0,0,1
Naked Came the Strangers,The New York Times,2019,8,18,40,0,0,0,0
The Magic of Swimming Holes,The New York Times,2019,8,18,40,0,0,0,1
How the ‘Baywatch’ Swimsuit Became a Summer Classic,The New York Times,2019,8,18,40,0,0,0,1
"The Species Act, Endangered: ‘Like a Plan From a Cartoon Villain’",The New York Times,2019,8,18,40,0,0,0,-1
The Tired and Poor Who Make America Great,The New York Times,2019,8,18,40,0,0,0,-1
What Happens in a Recession?,The New York Times,2019,8,18,40,0,0,0,-1
Our Irrational Anxiety About ‘Slow’ Growth,The New York Times,2019,8,18,40,0,0,0,-1
Migrant Families Would Face Indefinite Detention Under New Trump Rule,The New York Times,2019,8,22,41,0,0,0,-1
Budget Deficit on Path to Surpass $1 Trillion Under Trump,The New York Times,2019,8,22,41,0,0,0,-1
"The White House Saw Riches in the Arctic Refuge, but Reality May Fall Short",The New York Times,2019,8,22,41,0,0,0,-1
"In the Trump Era, a Family’s Fight With Google and Facebook Over Disinformation",The New York Times,2019,8,22,41,0,0,0,-1
Donald Trump and the ‘Disloyal’ Jews,The New York Times,2019,8,22,41,0,0,0,-1
"The Right Answer? 8,186,699,633,530,061 (An Abacus Makes It Look Almost Easy)",The New York Times,2019,8,22,41,0,0,0,-1
"Boris Johnson Needs Help From Trump, but Not Too Much",The New York Times,2019,8,22,41,0,0,0,1
China Acknowledges Holding an Employee of U.K.’s Hong Kong Consulate,The New York Times,2019,8,22,41,0,0,0,-1
50 States. 50 Archival Photos. How Many Can You Guess?,The New York Times,2019,8,22,41,0,0,0,1
Parkland Shooting Survivors Release Ambitious Gun Control Plan,The New York Times,2019,8,22,41,0,0,0,0
Vaping Sicknesses Rising: 153 Cases Reported in 16 States,The New York Times,2019,8,22,41,0,0,0,-1
"Jay Inslee, Dropping Out of 2020 Race, Will Run for Governor Again",The New York Times,2019,8,22,41,0,0,0,0
Trump’s Interest in Buying Greenland Seemed Like a Joke. Then It Got Ugly.,The New York Times,2019,8,22,41,0,0,0,-1
A Former Congressman and Tea Party Republican Considers a Challenge to Trump,The New York Times,2019,8,22,41,0,0,0,-1
Fed Was Divided About Interest Rate Cut,The New York Times,2019,8,22,41,0,0,0,-1
A Popeyes Chicken Sandwich and a Tactic to Set Off a Twitter Roar,The New York Times,2019,8,22,41,0,0,0,0
"Job Gains Were Weaker Than Reported, by Half a Million",The New York Times,2019,8,22,41,0,0,0,-1
M.I.T. Media Lab in Crisis After 2 Scholars Vow to Leave Over Epstein Ties,The New York Times,2019,8,22,41,0,0,0,-1
"Hi, Alexa. How Do I Stop You From Listening In On Me?",The New York Times,2019,8,22,41,0,0,0,0
Instagram’s Chain-Letter Uprising,The New York Times,2019,8,22,41,0,0,0,-1
Pan Am Games Protesters Get Probation. Olympians Get a Warning.,The New York Times,2019,8,22,41,0,0,0,-1
Antonio Brown’s Helmet Standoff Nears a Conclusion,The New York Times,2019,8,22,41,0,0,0,-1
"Richard Callaghan, Figure Skating Coach, Is Barred for Sexual Misconduct",The New York Times,2019,8,22,41,0,0,0,-1
"A Year Later, the Fight Over Aretha Franklin’s Estate Deepens",The New York Times,2019,8,22,41,0,0,0,1
Don’t Let Sean Spicer Tap-Dance Out of Infamy on ‘Dancing With the Stars’,The New York Times,2019,8,22,41,0,0,0,-1
Portishead’s ‘Dummy’ Is 25. The Band Asks That You Play It Loud.,The New York Times,2019,8,22,41,0,0,0,-1
Cyclist Deaths in New York City: Accidents or Crimes?,The New York Times,2019,8,22,41,0,0,0,-1
Five Killed in One Day of Shootings in New York City,The New York Times,2019,8,22,41,0,0,0,-1
Final Punishment in Eric Garner Case: Sergeant Loses Vacation Time,The New York Times,2019,8,22,41,0,0,0,-1
The Next Democratic Debate Is One Poll Away From Being Split Over Two Nights (Again),The New York Times,2019,8,22,41,0,0,0,1
"Scorsese’s New Mob Epic, ‘The Irishman,’ Has Netflix and Theaters at Odds",The New York Times,2019,8,22,41,0,0,0,0
"Bold Women. Scandalized Viewers. It’s ‘Sex and the City,’ Senegal Style.",The New York Times,2019,8,22,41,0,0,0,-1
Ann Gish Phillips Dies at 70; Designed and Sold Luxury Bedding,The New York Times,2019,8,22,41,0,0,0,1
"Jack Perkins, NBC Reporter and ‘Biography’ Host, Dies at 85",The New York Times,2019,8,22,41,0,0,0,-1
"Trump, Greenland, Denmark. Is This Real Life?",The New York Times,2019,8,22,41,0,0,0,0
"Mr. Trump, Stop Questioning the Loyalty of American Jews",The New York Times,2019,8,22,41,0,0,0,-1
C.E.O.s Should Fear a Recession. It Could Mean Revolution.,The New York Times,2019,8,22,41,0,0,0,-1
Trump Goes Godly,The New York Times,2019,8,22,41,0,0,0,0
A Giant Volcano Could End Human Life on Earth as We Know It,The New York Times,2019,8,22,41,0,0,0,-1
"In a Tweet Taunting Iran, Trump Releases an Image Thought to Be Classified",The New York Times,2019,8,31,42,0,0,0,-1
"Amid Recession Worries, Trump Points Finger at American Businesses",The New York Times,2019,8,31,42,0,0,0,1
Hurricane Dorian Intensifies to Category 4 Strength,The New York Times,2019,8,31,42,0,0,0,1
‘My World Has Now Stopped’: How One Family Is Recovering From a Mass Shooting,The New York Times,2019,8,31,42,0,0,0,1
How Paying for College Is Changing Middle-Class Life,The New York Times,2019,8,31,42,0,0,0,-1
"Beijing’s Hong Kong Strategy: More Arrests, No Concessions",The New York Times,2019,8,31,42,0,0,0,-1
Trial for Men Accused of Plotting 9/11 Attacks Is Set for 2021,The New York Times,2019,8,31,42,0,0,0,0
Where Is the Amazon Rainforest Vanishing? Not Just in Brazil,The New York Times,2019,8,31,42,0,0,0,1
"Don’t Use Bootleg or Street Vaping Products, C.D.C. Warns",The New York Times,2019,8,31,42,0,0,0,-1
Sacklers vs. States: Settlement Talks Stumble Over Foreign Business,The New York Times,2019,8,31,42,0,0,0,-1
Twitter C.E.O. Jack Dorsey’s Account Hacked,The New York Times,2019,8,31,42,0,0,0,-1
Pete Buttigieg Was Rising. Then Came South Bend’s Policing Crisis.,The New York Times,2019,8,31,42,0,0,0,-1
"Why You Can’t Volunteer for Election Polls, and Other Polling Facts",The New York Times,2019,8,31,42,0,0,0,0
"Trump’s Personal Assistant, Madeleine Westerhout, Shared Intimate Details of First Family",The New York Times,2019,8,31,42,0,0,0,1
YouTube Said to Be Fined Up to $200 Million for Children’s Privacy Violations,The New York Times,2019,8,31,42,0,0,0,-1
A Hot Job Market Is Causing Labor Pains for State Governments,The New York Times,2019,8,31,42,0,0,0,-1
Will America Talk Itself Into a Recession? Trump’s Advisers Are Worried,The New York Times,2019,8,31,42,0,0,0,-1
Coco Gauff Has Won Over the Crowd. Now She Needs to Beat Naomi Osaka.,The New York Times,2019,8,31,42,0,0,0,1
Autopsy of Angels’ Tyler Skaggs Reveals Opioids in His System,The New York Times,2019,8,31,42,0,0,0,-1
Officials Ignored ‘Clear Evidence’ of Abuse by Ohio State Doctor,The New York Times,2019,8,31,42,0,0,0,-1
The Summer of Platonic Love at the Movies,The New York Times,2019,8,31,42,0,0,0,1
Du Yun: A Composer’s 10 Cultural Influences,The New York Times,2019,8,31,42,0,0,0,1
Leslie Jones Is Leaving ‘S.N.L.’ Here Are Her 10 Funniest Moments.,The New York Times,2019,8,31,42,0,0,0,1
Suspect Killed by Police as Shootings Spike in Parts of Queens,The New York Times,2019,8,31,42,0,0,0,-1
A Suburb Believed in Liberal Ideals. Then Came a New Busing Plan.,The New York Times,2019,8,31,42,0,0,0,1
Why Did the Chicken Cover the Road?,The New York Times,2019,8,31,42,0,0,0,-1
Tensions Flare Between Trump and Fox News,The New York Times,2019,8,31,42,0,0,0,-1
China Expels Wall Street Journal Reporter After Article on Xi’s Cousin,The New York Times,2019,8,31,42,0,0,0,-1
"Valerie Harper, Who Won Fame and Emmys as ‘Rhoda,’ Dies at 80",The New York Times,2019,8,31,42,0,0,0,-1
"Pedro Bell, Whose Wild Album Covers Defined Funkadelic, Dies at 69",The New York Times,2019,8,31,42,0,0,0,-1
"James R. Leavelle, Detective at Lee Harvey Oswald’s Side, Dies at 99",The New York Times,2019,8,31,42,0,0,0,-1
Fix the Electoral College — Or Scrap It,The New York Times,2019,8,31,42,0,0,0,-1
The Mask I Wear on the Weekends,The New York Times,2019,8,31,42,0,0,0,1
Why People Hate Religion,The New York Times,2019,8,31,42,0,0,0,-1
Trump Has China Policy About Right,The New York Times,2019,8,31,42,0,0,0,-1
Trump Administration Plans to Ban Flavored E-Cigarettes,The New York Times,2019,9,12,43,0,0,0,-1
Purdue Pharma Tentatively Settles Thousands of Opioid Cases,The New York Times,2019,9,12,43,0,0,0,-1
Supreme Court Says Trump Can Bar Asylum Seekers While Legal Fight Continues,The New York Times,2019,9,12,43,0,0,0,-1
Six Men Tell Their Stories of Sexual Assault in the Military,The New York Times,2019,9,12,43,0,0,0,1
Let Trump Destroy Trump,The New York Times,2019,9,12,43,0,0,0,-1
"After Hurricane Dorian, 2,500 Reported Missing in Bahamas",The New York Times,2019,9,12,43,0,0,0,-1
"Migration to Greece Is Rising, as Erdogan Warns of Still More",The New York Times,2019,9,12,43,0,0,0,0
"600,000 Protesters in Barcelona Call for Independence From Spain",The New York Times,2019,9,12,43,0,0,0,-1
The Great Flood of 2019: A Complete Picture of a Slow-Motion Disaster,The New York Times,2019,9,12,43,0,0,0,0
Nursing Homes Are a Breeding Ground for a Fatal Fungus,The New York Times,2019,9,12,43,0,0,0,0
California Approves Statewide Rent Control to Ease Housing Crisis,The New York Times,2019,9,12,43,0,0,0,1
Third Democratic Debate: The Top 10 on One Stage,The New York Times,2019,9,12,43,0,0,0,1
Trump Pressed Top Aide to Have Weather Service ‘Clarify’ Forecast That Contradicted Trump,The New York Times,2019,9,12,43,0,0,0,-1
Divided Democrats Step Back From Assault Weapons Ban,The New York Times,2019,9,12,43,0,0,0,-1
Trump Delays Planned Tariff Increase in ‘Gesture of Good Will’ to China,The New York Times,2019,9,12,43,0,0,0,-1
Trump Wants Negative Rates. Here’s How That Would Work.,The New York Times,2019,9,12,43,0,0,0,-1
A Hong Kong-London Stock Exchange Bid Ties 2 Cities in Turmoil,The New York Times,2019,9,12,43,0,0,0,-1
California’s Contractor Law Stirs Confusion Beyond the Gig Economy,The New York Times,2019,9,12,43,0,0,0,-1
"A European Tech Giant Is Born, Spun Off From a South African Firm",The New York Times,2019,9,12,43,0,0,0,-1
Justify Failed a Drug Test Before Winning the Triple Crown,The New York Times,2019,9,12,43,0,0,0,-1
U.S.A. Basketball’s No-Win Situation Became Too Real,The New York Times,2019,9,12,43,0,0,0,-1
Diamondbacks Thrive With ‘a Nothing-to-Lose Attitude’,The New York Times,2019,9,12,43,0,0,0,1
"After Kanye, After Virgil, After Heron",The New York Times,2019,9,12,43,0,0,0,1
Wondering Who Did That Painting? There’s an App (or Two) for That,The New York Times,2019,9,12,43,0,0,0,-1
Robert Frank Revealed the Truth of Postwar America,The New York Times,2019,9,12,43,0,0,0,1
Remembering Those Lost 18 Years Ago,The New York Times,2019,9,12,43,0,0,0,1
The Yoga Instructors vs. the Private Equity Firm,The New York Times,2019,9,12,43,0,0,0,-1
Driver Kills 10-Year-Old After Suffering ‘Medical Episode’,The New York Times,2019,9,12,43,0,0,0,-1
T. Boone Pickens Is Dead; Oil Magnate and Corporate Raider Was 91,The New York Times,2019,9,12,43,0,0,0,-1
"Diet Eman, Who Risked Her Life to Rescue Dutch Jews, Dies at 99",The New York Times,2019,9,12,43,0,0,0,-1
"Frederic Pryor, Player in ‘Bridge of Spies’ Case, Dies at 86",The New York Times,2019,9,12,43,0,0,0,-1
Take That ‘Gig’ and Shove It,The New York Times,2019,9,12,43,0,0,0,0
"In Italy, a Sharp Turn Back to the Center",The New York Times,2019,9,12,43,0,0,0,1
"10 Candidates, No Weather Maps",The New York Times,2019,9,12,43,0,0,0,-1
American Universities Are Addicted to Billionaires,The New York Times,2019,9,12,43,0,0,0,0
The World 9/11 Took From Us,The New York Times,2019,9,12,43,0,0,0,-1
"White House Tried to ‘Lock Down’ Ukraine Call Records, Whistle-Blower Says",The New York Times,2019,9,27,44,0,0,0,-1
"In Trump’s Ukraine Phone Call, Alarmed Aides Saw Trouble",The New York Times,2019,9,27,44,0,0,0,-1
Trump Attacks Whistle-Blower’s Sources and Alludes to Punishment for Spies,The New York Times,2019,9,27,44,0,0,0,-1
"Five Years Ago, 43 Students Vanished. The Mystery, and the Pain, Remain",The New York Times,2019,9,27,44,0,0,0,-1
Just How Corrupt Is Bill Barr?,The New York Times,2019,9,27,44,0,0,0,-1
Security Tightens Over Protests in Egypt,The New York Times,2019,9,27,44,0,0,0,1
Women in Parliament Call Out Boris Johnson for His Incendiary Language on Brexit,The New York Times,2019,9,27,44,0,0,0,-1
The Berlin Police Are Confident the Killer Is in Jail. They Just Don’t Know His Name.,The New York Times,2019,9,27,44,0,0,0,-1
White House Knew of Whistle-Blower’s Allegations Soon After Trump’s Call With Ukraine Leader,The New York Times,2019,9,27,44,0,0,0,-1
"Trump Slashes Refugee Cap to 18,000, Curtailing U.S. Role as Haven",The New York Times,2019,9,27,44,0,0,0,-1
E.P.A. Accuses California of ‘Significant’ Air and Water Problems,The New York Times,2019,9,27,44,0,0,0,-1
Anxious Biden Allies May Unleash Super PAC,The New York Times,2019,9,27,44,0,0,0,-1
8 Takeaways From the Whistle-Blower Complaint,The New York Times,2019,9,27,44,0,0,0,-1
"As Republicans Face Impeachment Dilemma, Romney Is a Lonely Voice of Concern",The New York Times,2019,9,27,44,0,0,0,1
"Boeing Underestimated Cockpit Chaos on 737 Max, N.T.S.B. Says",The New York Times,2019,9,27,44,0,0,0,1
Wall Street Deflates America’s Favorite Start-Ups,The New York Times,2019,9,27,44,0,0,0,1
SoftBank Bet Big on Disruptive Companies. Many Have Not Paid Off.,The New York Times,2019,9,27,44,0,0,0,-1
Brace Yourself for the Internet Impeachment,The New York Times,2019,9,27,44,0,0,0,-1
Facebook Tests Hiding ‘Likes’ on Social Media Posts,The New York Times,2019,9,27,44,0,0,0,-1
"At Tech’s Leading Edge, Worry About a Concentration of Power",The New York Times,2019,9,27,44,0,0,0,-1
N.B.A. Will Get to the Bottom of How Tall Its Players Are,The New York Times,2019,9,27,44,0,0,0,-1
Antonio Brown Says He Wants to Come Back to N.F.L. After All,The New York Times,2019,9,27,44,0,0,0,0
England Overwhelms U.S. at Rugby World Cup,The New York Times,2019,9,27,44,0,0,0,-1
"Review: Plácido Domingo Is Gone, but He Still Haunted ‘Macbeth’",The New York Times,2019,9,27,44,0,0,0,0
"Deep Looking, With Vija Celmins",The New York Times,2019,9,27,44,0,0,0,1
How a ‘Walking Dead’ Guru Brought ‘Creepshow’ Back to Life,The New York Times,2019,9,27,44,0,0,0,1
Around the Movie World in 17 Days at the New York Film Festival,The New York Times,2019,9,27,44,0,0,0,1
Review: Netflix’s ‘Politician’ Is a Chaos Candidate,The New York Times,2019,9,27,44,0,0,0,-1
Eddie Murphy Is Bringing Eddie Murphy Back,The New York Times,2019,9,27,44,0,0,0,1
It’s Manhattan’s Last Affordable Neighborhood. But for How Long?,The New York Times,2019,9,27,44,0,0,0,-1
Why Construction Noise Is Keeping You Up at 3 A.M.,The New York Times,2019,9,27,44,0,0,0,0
"How $2,000 in Yankees Tickets Show Weinstein’s New Trial Strategy",The New York Times,2019,9,27,44,0,0,0,0
"On Khashoggi Killing and Yemen, Saudis Cannot Avoid Fresh Scrutiny",The New York Times,2019,9,27,44,0,0,0,-1
‘Everything You’re Seeing Is Deception’: How Right-Wing Media Talks About Impeachment,The New York Times,2019,9,27,44,0,0,0,-1
"BBC Rebukes Anchor Who Criticized Trump ‘Go Back’ Tweet. Now, It’s Under Fire.",The New York Times,2019,9,27,44,0,0,0,-1
"Jacques Chirac, Who Led France Envisioning European Unity, Is Dead at 86",The New York Times,2019,9,27,44,0,0,0,-1
"Plato Cacheris, Washington ‘Super Lawyer’ in Headline Cases, Dies at 90",The New York Times,2019,9,27,44,0,0,0,-1
"Anthony Mancinelli, World’s Oldest Working Barber, Dies at 108",The New York Times,2019,9,27,44,0,0,0,-1
"Yes, Trump Is Guilty, but Impeachment Is a Mistake",The New York Times,2019,9,27,44,0,0,0,-1
How the Climate Kids Are Short-Circuiting Right-Wing Media,The New York Times,2019,9,27,44,0,0,0,-1
Why I Resigned From the Gates Foundation,The New York Times,2019,9,27,44,0,0,0,-1
Legal Team Says It Represents a Second Whistle-Blower Over Trump and Ukraine,The New York Times,2019,10,7,45,0,0,0,-1
Barr and a Top Prosecutor Cast a Wide Net in Reviewing the Russia Inquiry,The New York Times,2019,10,7,45,0,0,0,1
"In Kashmir, a Race Against Death, With No Way to Call a Doctor",The New York Times,2019,10,7,45,0,0,0,-1
Filming the Show: Pardon the Intrusion? Or Punish It?,The New York Times,2019,10,7,45,0,0,0,-1
Why America Needs Whistle-Blowers,The New York Times,2019,10,7,45,0,0,0,0
Jeremy Corbyn or No-Deal Brexit? The U.K. Might Have to Choose,The New York Times,2019,10,7,45,0,0,0,-1
"Oligarchs, as U.S. Arts Patrons, Present a Softer Image of Russia",The New York Times,2019,10,7,45,0,0,0,1
Hong Kong Rallies Turn Violent After Thousands Defy Face Mask Ban,The New York Times,2019,10,7,45,0,0,0,-1
"Amid Trade War, Farmers Lean on a New Crop: Hemp",The New York Times,2019,10,7,45,0,0,0,0
Kansas City Shooting: 4 Killed and 5 Others Wounded at Bar,The New York Times,2019,10,7,45,0,0,0,-1
"Witness in Amber Guyger’s Trial Is Fatally Shot, Lawyer Says",The New York Times,2019,10,7,45,0,0,0,0
‘We Absolutely Could Not Do That’: When Seeking Foreign Help Was Out of the Question,The New York Times,2019,10,7,45,0,0,0,-1
Elizabeth Warren’s Big Challenge: Winning Black Voters,The New York Times,2019,10,7,45,0,0,0,1
Kamala Harris Has Settled on an Iowa Strategy. Now What?,The New York Times,2019,10,7,45,0,0,0,-1
"Overwhelmed or Ill Informed, 70,000 Wildfire Victims May Get Nothing",The New York Times,2019,10,7,45,0,0,0,-1
Nissan’s Crisis Goes Much Deeper Than Carlos Ghosn,The New York Times,2019,10,7,45,0,0,0,1
How Boeing vs. Airbus Became Trump vs. Europe,The New York Times,2019,10,7,45,0,0,0,-1
N.B.A. Executive’s Hong Kong Tweet Starts Firestorm in China,The New York Times,2019,10,7,45,0,0,0,-1
"For Salazar Whistle-Blowers, a Long Wait for a Satisfying Outcome",The New York Times,2019,10,7,45,0,0,0,-1
The Twist in a Yankees-Astros A.L.C.S. Rematch? Houston Is Even Better This Time,The New York Times,2019,10,7,45,0,0,0,1
"Diahann Carroll, Indelible Fixture of My Childhood",The New York Times,2019,10,7,45,0,0,0,1
"‘Joker’ Opens Strong at Box Office, Despite Controversy",The New York Times,2019,10,7,45,0,0,0,1
"Review: ‘Slave Play,’ Four Times as Big and Just as Searing",The New York Times,2019,10,7,45,0,0,0,1
Murderous Rampage Reveals Perils for the City’s Street Homeless,The New York Times,2019,10,7,45,0,0,0,-1
New York Democrats Balance Impeachment Issue With Local Concerns,The New York Times,2019,10,7,45,0,0,0,1
Why This Ex-Con Mayor Is Running Away From Reporters,The New York Times,2019,10,7,45,0,0,0,-1
"Rip Taylor, Flamboyant Comedian, Is Dead at 88",The New York Times,2019,10,7,45,0,0,0,-1
"Ginger Baker, Superstar Rock Drummer With Cream, Is Dead at 80",The New York Times,2019,10,7,45,0,0,0,-1
"Marcello Giordani, Tenor Who ‘Sang Like a God,’ Dies at 56",The New York Times,2019,10,7,45,0,0,0,-1
Bill de Blasio Needs to Get to Work,The New York Times,2019,10,7,45,0,0,0,-1
The Rich Really Do Pay Lower Taxes Than You,The New York Times,2019,10,7,45,0,0,0,1
"Impeach Trump, Repeatedly",The New York Times,2019,10,7,45,0,0,0,-1
Garden of Solace,The New York Times,2019,10,7,45,0,0,0,1
Trump Lashes Out on Syria as Republicans Rebuke Him in House Vote,The New York Times,2019,10,17,46,0,0,0,-1
Turkey Urges Kurdish Fighters to Lay Down Their Arms,The New York Times,2019,10,17,46,0,0,0,-1
Drug Giants Close In on a $50 Billion Settlement of Opioid Cases,The New York Times,2019,10,17,46,0,0,0,1
John Lithgow: Trump Is a Bad President. He’s an Even Worse Entertainer.,The New York Times,2019,10,17,46,0,0,0,-1
What Are the Benefits of CBD?,The New York Times,2019,10,17,46,0,0,0,1
"Japan Spent Mightily to Soften Nature’s Wrath, but Can It Ever Be Enough?",The New York Times,2019,10,17,46,0,0,0,0
Morocco’s King Pardons Journalist Sentenced on Abortion Charge,The New York Times,2019,10,17,46,0,0,0,-1
"Under New Rule, Chinese Diplomats Must Notify State Dept. of Meetings in U.S.",The New York Times,2019,10,17,46,0,0,0,-1
Chicago Teachers Announce Strike in Nation’s Third-Largest District,The New York Times,2019,10,17,46,0,0,0,-1
"Two-Person Race? Moderates, and Bernie Sanders, Say Not So Fast",The New York Times,2019,10,17,46,0,0,0,-1
"Supreme Court Hears Case of Lee Malvo, Sniper Who Terrorized D.C.",The New York Times,2019,10,17,46,0,0,0,0
Ex-Aide Saw Gordon Sondland as a Potential National Security Risk,The New York Times,2019,10,17,46,0,0,0,-1
‘I Don’t Need Lessons From You on Courage’: Pete Buttigieg Makes His Case,The New York Times,2019,10,17,46,0,0,0,1
Former Top State Dept. Aide Tells Impeachment Investigators He Quit Over Ukraine,The New York Times,2019,10,17,46,0,0,0,-1
G.M. and U.A.W. Reach Deal That Could End Strike,The New York Times,2019,10,17,46,0,0,0,1
Trump’s China Deal Leaves the Global Economy as Uncertain as Ever,The New York Times,2019,10,17,46,0,0,0,-1
8.3 Million Watched Ohio Democratic Debate on Television,The New York Times,2019,10,17,46,0,0,0,1
Nationals Continue the Sports Joy in D.C.,The New York Times,2019,10,17,46,0,0,0,1
"Angels Hire Joe Maddon to Manage, and Heal, a Reeling Club",The New York Times,2019,10,17,46,0,0,0,1
"In Fight Against Racism, Soccer Can Choose the Playing Field",The New York Times,2019,10,17,46,0,0,0,1
"Why the Oscars, Emmys and Tonys Are Not Ready for They and Them",The New York Times,2019,10,17,46,0,0,0,-1
Vagabon Found Her Voice in Indie Rock. Then Found a New One.,The New York Times,2019,10,17,46,0,0,0,1
"In Letters to the World, a New Wave of Memoirs Draws on the Intimate",The New York Times,2019,10,17,46,0,0,0,1
Rikers Would Close in Historic Plan to Remake N.Y. Jail System,The New York Times,2019,10,17,46,0,0,0,1
"David Correia, Who Was Indicted With Giuliani Associates, Is Arrested",The New York Times,2019,10,17,46,0,0,0,0
How Amazon Has Transformed the Hasidic Economy,The New York Times,2019,10,17,46,0,0,0,1
"Sophia Kokosalaki, Who Gave London Fashion a Grecian Spin, Dies at 46",The New York Times,2019,10,17,46,0,0,0,-1
"Elaine Chao, Mitch McConnell and Questions of Conflict",The New York Times,2019,10,17,46,0,0,0,1
Can Buttigieg or Klobuchar Push Biden Aside?,The New York Times,2019,10,17,46,0,0,0,-1
How Hitler Pioneered ‘Fake News’,The New York Times,2019,10,17,46,0,0,0,-1
How to Stop the Abuse of Location Data,The New York Times,2019,10,17,46,0,0,0,0
A Divided House Endorses Impeachment Inquiry Into Trump,The New York Times,2019,11,1,47,0,0,0,-1
"Trump, Lifelong New Yorker, Declares Himself a Resident of Florida",The New York Times,2019,11,1,47,0,0,0,-1
How Does the Human Soul Survive Atrocity?,The New York Times,2019,11,1,47,0,0,0,0
Trump Has Received a Formal Invitation to Be Impeached,The New York Times,2019,11,1,47,0,0,0,-1
ISIS Names New Leader and Confirms al-Baghdadi’s Death,The New York Times,2019,11,1,47,0,0,0,0
Bolivia’s Democracy Faces Pivotal Test as Unrest Spreads,The New York Times,2019,11,1,47,0,0,0,-1
Hong Kong Protests: Compare These Before-and-After Photos,The New York Times,2019,11,1,47,0,0,0,-1
New Threats Put Wildfire Fighters’ Health on the Line,The New York Times,2019,11,1,47,0,0,0,0
Measles Makes Your Immune System’s Memory Forget Defenses Against Other Illnesses,The New York Times,2019,11,1,47,0,0,0,-1
"Chicago Teachers’ Strike, Longest in Decades, Ends",The New York Times,2019,11,1,47,0,0,0,1
What the Impeachment Vote Says About the Trump Inquiry’s Future,The New York Times,2019,11,1,47,0,0,0,1
Meet the Democrats Who Broke Ranks on Impeachment,The New York Times,2019,11,1,47,0,0,0,1
"In Virginia Election, Suburban Republicans Sound a Lot Like Democrats",The New York Times,2019,11,1,47,0,0,0,1
The Housing Market Needs More Than Low Mortgage Rates,The New York Times,2019,11,1,47,0,0,0,-1
Fiat Chrysler and Peugeot Planned Merger: A Big but Imperfect Union,The New York Times,2019,11,1,47,0,0,0,-1
Deutsche Bank Reported Its Own Russian Deal as Suspicious,The New York Times,2019,11,1,47,0,0,0,-1
Tales From the Teenage Cancel Culture,The New York Times,2019,11,1,47,0,0,0,-1
California Attorney General Is a No-Show on Tech Investigations,The New York Times,2019,11,1,47,0,0,0,0
Google Wants Safeguards for Information in Antitrust Fight,The New York Times,2019,11,1,47,0,0,0,-1
He Won the World Series? Anthony Rendon Is Still Nonchalant,The New York Times,2019,11,1,47,0,0,0,-1
Stephen Curry Breaks Hand in Warriors’ Loss to the Suns,The New York Times,2019,11,1,47,0,0,0,0
Review: Apple’s ‘Morning Show’? Wait for the Upgrade,The New York Times,2019,11,1,47,0,0,0,-1
"Hans Haacke, at the New Museum, Takes No Prisoners",The New York Times,2019,11,1,47,0,0,0,0
New York’s Cultural Affairs Leader Makes Surprise Exit,The New York Times,2019,11,1,47,0,0,0,-1
‘Terminator: Dark Fate’ Review: It’s Hasta la Vista All Over Again,The New York Times,2019,11,1,47,0,0,0,1
‘The Apollo’ Review: Showtime for a Legendary Harlem Theater,The New York Times,2019,11,1,47,0,0,0,1
‘Motherless Brooklyn’ Review: Edward Norton Fights the Power Broker,The New York Times,2019,11,1,47,0,0,0,0
"At 14, He Stayed Away From Trouble. But a Bullet Flew 100 Yards.",The New York Times,2019,11,1,47,0,0,0,-1
Cuba Gooding Jr. Faces Third Set of Groping Charges,The New York Times,2019,11,1,47,0,0,0,-1
How Deadspin Imploded,The New York Times,2019,11,1,47,0,0,0,-1
Americans Trust Local News. That Belief Is Being Exploited.,The New York Times,2019,11,1,47,0,0,0,0
"Meyer Ackerman, 96, Whose Theaters Were Loved by Cinephiles, Dies",The New York Times,2019,11,1,47,0,0,0,-1
"Bernard Slade, 89, Dies; ‘Partridge Family’ Creator and Playwright",The New York Times,2019,11,1,47,0,0,0,-1
"Ed Cray, Biographer of Woody Guthrie and Earl Warren, Dies at 86",The New York Times,2019,11,1,47,0,0,0,-1
The Mess at D.H.S.,The New York Times,2019,11,1,47,0,0,0,-1
Impeach Trump. Then Move On.,The New York Times,2019,11,1,47,0,0,0,-1
Aaron Sorkin: An Open Letter to Mark Zuckerberg,The New York Times,2019,11,1,47,0,0,0,1
I’m a Climate Scientist Who Believes in God. Hear Me Out.,The New York Times,2019,11,1,47,0,0,0,1
"‘If Those Were Pictures of You, You Would Understand’",The New York Times,2019,11,10,48,0,0,0,-1
"How the State Dept.’s Dissenters Incited a Revolt, Then a Rallying Cry",The New York Times,2019,11,10,48,0,0,0,0
How Voters Turned Virginia From Deep Red to Solid Blue,The New York Times,2019,11,10,48,0,0,0,1
"Surviving Droughts, Tornadoes and Racism",The New York Times,2019,11,10,48,0,0,0,0
The Soldiers We Leave Behind,The New York Times,2019,11,10,48,0,0,0,1
Bolivian Leader Clings to Power as Police Join Protesters,The New York Times,2019,11,10,48,0,0,0,1
Iraq Cracks Down on Protests as Prime Minister Gains Support,The New York Times,2019,11,10,48,0,0,0,-1
The Hidden Cost of Gold: Birth Defects and Brain Damage,The New York Times,2019,11,10,48,0,0,0,-1
The Last Days of Legal Cockfighting in Puerto Rico,The New York Times,2019,11,10,48,0,0,0,-1
‘A Proud Day’: Ex-Felons Clear Final Hurdle to Vote,The New York Times,2019,11,10,48,0,0,0,1
"In Louisiana Governor’s Election, a True Test of Trump’s Sway",The New York Times,2019,11,10,48,0,0,0,1
"‘I’d Consider Anybody’: Democrats Like Their 2020 Candidates, and Yet ...",The New York Times,2019,11,10,48,0,0,0,-1
Why Pete Buttigieg Annoys His Democratic Rivals,The New York Times,2019,11,10,48,0,0,0,-1
Women Running for Office Have to Worry About One More Thing: Their Phones,The New York Times,2019,11,10,48,0,0,0,0
The C.E.O. of American Airlines Has a Problem: Boeing’s 737 Max,The New York Times,2019,11,10,48,0,0,0,-1
"If People Were Paid by Ability, Inequality Would Plummet",The New York Times,2019,11,10,48,0,0,0,-1
Vomiting at Work Doesn’t Mean You’re Bad at Your Job,The New York Times,2019,11,10,48,0,0,0,-1
Natural Gas or Renewables? New Orleans Choice Is Shadowed by Katrina,The New York Times,2019,11,10,48,0,0,0,-1
Tunisia’s #MeToo Started Outside a High School. Will It End in Court?,The New York Times,2019,11,10,48,0,0,0,-1
"With ‘Shadow Stalker,’ Lynn Hershman Leeson Tackles Internet Surveillance",The New York Times,2019,11,10,48,0,0,0,1
Inside Football’s Campaign to Save the Game,The New York Times,2019,11,10,48,0,0,0,1
L.S.U. Survives Alabama’s Second-Half Push for a Big Win,The New York Times,2019,11,10,48,0,0,0,0
The Pep Effect,The New York Times,2019,11,10,48,0,0,0,1
Philip Glass Is Too Busy to Care About Legacy,The New York Times,2019,11,10,48,0,0,0,-1
The Restrained Genius of a Joe Pesci Performance,The New York Times,2019,11,10,48,0,0,0,1
Sudan Archives Is Making R&B Deeper and Stranger,The New York Times,2019,11,10,48,0,0,0,1
Keano Is N.Y.’s Most Famous and Mysterious Subway Psychic. I Found Her.,The New York Times,2019,11,10,48,0,0,0,1
The Baymen’s Nightmare: All the Scallops Are Dead,The New York Times,2019,11,10,48,0,0,0,-1
"The City That Cycles With the Young, the Old, the Busy and the Dead",The New York Times,2019,11,10,48,0,0,0,0
What Happens When a President and Congress Go to War?,The New York Times,2019,11,10,48,0,0,0,-1
Inside Adam Schiff’s Impeachment Game Plan,The New York Times,2019,11,10,48,0,0,0,1
Can a Woman Who Is an Artist Ever Just Be an Artist?,The New York Times,2019,11,10,48,0,0,0,1
Knowing Paris by Its Bridges,The New York Times,2019,11,10,48,0,0,0,1
Searching for the Ancestral Puebloans,The New York Times,2019,11,10,48,0,0,0,1
"Daughter and Dad, Chasing Salmon in Upstate New York",The New York Times,2019,11,10,48,0,0,0,1
A 3D Print-Out You Could Call Home,The New York Times,2019,11,10,48,0,0,0,0
Are My Neighbors Spying on Me?,The New York Times,2019,11,10,48,0,0,0,-1
How Virtual Reality is Augmenting Realty,The New York Times,2019,11,10,48,0,0,0,1
Yoga Is Finally Facing Consent and Unwanted Touch,The New York Times,2019,11,10,48,0,0,0,-1
"Jennifer Lee, Queen of the ‘Frozen’ Franchise",The New York Times,2019,11,10,48,0,0,0,1
Hail to the Chief of Staff,The New York Times,2019,11,10,48,0,0,0,1
"Gillian Jagger, Sculptor Whose Medium Was Nature, Dies at 88",The New York Times,2019,11,10,48,0,0,0,-1
"Peter Collier, Author and Leading Conservative Voice, Dies at 80",The New York Times,2019,11,10,48,0,0,0,-1
Bloomy on the Brink,The New York Times,2019,11,10,48,0,0,0,0
Let’s Wage a War on Loneliness,The New York Times,2019,11,10,48,0,0,0,-1
How Scientists Got Climate Change So Wrong,The New York Times,2019,11,10,48,0,0,0,-1
Officials Testify Trump Call Was Inappropriate; One ‘Couldn’t Believe’ It,The New York Times,2019,11,20,49,0,0,0,-1
A White House Now ‘Cannibalizing Itself’,The New York Times,2019,11,20,49,0,0,0,-1
The Divide in Yakima Is the Divide in America,The New York Times,2019,11,20,49,0,0,0,1
"As Climate Risk Grows, Cities Test a Tough Strategy: Saying ‘No’ to Developers",The New York Times,2019,11,20,49,0,0,0,-1
The People We Fear Are Just Like Us,The New York Times,2019,11,20,49,0,0,0,1
Parents of Besieged Hong Kong Protesters Come to the Front Lines,The New York Times,2019,11,20,49,0,0,0,1
"On West Bank, No One Rests Easy, No Matter What U.S. Says About Settlements",The New York Times,2019,11,20,49,0,0,0,-1
"First Comes Snapchat, Then the Bachelor and Spinster Ball",The New York Times,2019,11,20,49,0,0,0,1
Not Just Rodney Reed: New Evidence Taints More Death Row Convictions,The New York Times,2019,11,20,49,0,0,0,1
Man Sentenced to Life Without Parole in Brutal Farm Killings,The New York Times,2019,11,20,49,0,0,0,-1
"Navy Wants to Eject From SEALs a Sailor Cleared by Trump, Officials Say",The New York Times,2019,11,20,49,0,0,0,-1
House Moves to Stave Off Another Government Shutdown,The New York Times,2019,11,20,49,0,0,0,-1
Why Joe Biden Resonates With Blue-Collar Voters,The New York Times,2019,11,20,49,0,0,0,1
Gordon Sondland Is Likely to Face Tough Questions in Impeachment Hearing,The New York Times,2019,11,20,49,0,0,0,1
How Democrats Would Tax High-Income Professionals (Not Just the Mega-Rich),The New York Times,2019,11,20,49,0,0,0,-1
PG&E Struggles to Find a Way Out of Bankruptcy,The New York Times,2019,11,20,49,0,0,0,-1
"Gannett, Now Largest U.S. Newspaper Chain, Targets ‘Inefficiencies’",The New York Times,2019,11,20,49,0,0,0,-1
What Is End-to-End Encryption? Another Bull’s-Eye on Big Tech,The New York Times,2019,11,20,49,0,0,0,-1
A.M.A. Urges Ban on Vaping Products as Juul Is Sued by More States,The New York Times,2019,11,20,49,0,0,0,-1
Stop! Don’t Charge Your Phone This Way,The New York Times,2019,11,20,49,0,0,0,-1
Getting Hockey Referees Ready for the Big Leagues,The New York Times,2019,11,20,49,0,0,0,1
"George Morris, Equestrian Legend, Is Permanently Barred From the Sport",The New York Times,2019,11,20,49,0,0,0,-1
Carmelo Anthony Officially Joins the Portland Trail Blazers,The New York Times,2019,11,20,49,0,0,0,1
A Last Dance for Leonard Cohen,The New York Times,2019,11,20,49,0,0,0,1
The Kids Who Love ‘Frozen’ and the Parents Who Love Them,The New York Times,2019,11,20,49,0,0,0,1
Roman Polanski’s French Film Industry Support May Be Waning,The New York Times,2019,11,20,49,0,0,0,-1
Guards Accused of Napping and Shopping Online the Night Epstein Died,The New York Times,2019,11,20,49,0,0,0,-1
"Racist Manifesto Lands on Syracuse Students’ Phones, Deepening Crisis",The New York Times,2019,11,20,49,0,0,0,-1
Falsely Imprisoned for 23 Years: Now He’s Received $7 Million,The New York Times,2019,11,20,49,0,0,0,-1
Celery Is Ready for a Starring Role,The New York Times,2019,11,20,49,0,0,0,0
What Thanksgiving Looks Like in a War Zone,The New York Times,2019,11,20,49,0,0,0,0
"Chinese Roast Duck, but Make It Turkey",The New York Times,2019,11,20,49,0,0,0,-1
"Jack O’Dell, King Aide Fired Over Communist Past, Dies at 96",The New York Times,2019,11,20,49,0,0,0,-1
Colonel Vindman’s America,The New York Times,2019,11,20,49,0,0,0,1
Republicans Are Following Trump to Nowhere,The New York Times,2019,11,20,49,0,0,0,-1
What if All That Flying Is Good for the Planet?,The New York Times,2019,11,20,49,0,0,0,-1
"Philanthropists Bench Women of Color, the M.V.P.s of Social Change",The New York Times,2019,11,20,49,0,0,0,1
Democrats Seek More Testimony and Evidence for Impeachment Trial,The New York Times,2020,1,20,50,1,0,0,-1
How U.S. Firms Helped Africa’s Richest Woman Exploit Her Country’s Wealth,The New York Times,2020,1,20,50,1,0,0,0
Rural Montana Had Already Lost Too Many Native Women. Then Selena Disappeared.,The New York Times,2020,1,20,50,1,0,0,0
How Much Warmer Was Your City in 2019?,The New York Times,2020,1,20,50,1,0,0,0
Amy Klobuchar and Elizabeth Warren Are Democrats’ Top Choices for President,The New York Times,2020,1,20,50,1,0,0,1
International Powers Call for Cease-Fire in Libya’s Long Civil War,The New York Times,2020,1,20,50,1,0,0,-1
Harry and Meghan’s Hard Exit,The New York Times,2020,1,20,50,1,0,0,0
75 Drug Cartel Members Tunnel Out of Paraguay Prison,The New York Times,2020,1,20,50,1,0,0,-1
2 Honolulu Officers Killed and 7 Homes Burned in Violent Outburst,The New York Times,2020,1,20,50,1,0,0,-1
‘We’ve Got to Change This’: Has Dixie Highway Reached the End of the Road?,The New York Times,2020,1,20,50,1,0,0,-1
A Small Step for Space Force Is Not a Giant Leap for Uniform Design,The New York Times,2020,1,20,50,1,0,0,-1
Baylor’s Handling of Rape Cases Still Follows Ken Starr,The New York Times,2020,1,20,50,1,0,0,1
Where Is Cory Gardner?,The New York Times,2020,1,20,50,1,0,0,-1
The Big Ask of Black Voters: Trust the Government,The New York Times,2020,1,20,50,1,0,0,1
"As World Economy Shifts Gears, Trade Growth Slows",The New York Times,2020,1,20,50,1,0,0,-1
"In Its 50th Year, Davos Is Searching for Its Soul",The New York Times,2020,1,20,50,1,0,0,1
"Yellow or Blue? In Hong Kong, Businesses Choose Political Sides",The New York Times,2020,1,20,50,1,0,0,-1
SpaceX’s Explosive Test May Launch Year of Renewed Human Spaceflight,The New York Times,2020,1,20,50,1,0,0,1
Who’s Watching Your Porch?,The New York Times,2020,1,20,50,1,0,0,-1
Avoiding Carsickness When the Cars Drive Themselves,The New York Times,2020,1,20,50,1,0,0,1
Kansas City’s firepower proves too much for Tennessee.,The New York Times,2020,1,20,50,1,0,0,-1
"As Australian Open Begins, Pollution From Fires Is in Play",The New York Times,2020,1,20,50,1,0,0,0
‘1917’ Becomes Oscar Front-Runner After Producers Guild Win,The New York Times,2020,1,20,50,1,0,0,1
A Dance Steals the Show at an Opera Festival,The New York Times,2020,1,20,50,1,0,0,1
"In Germany, a Jewish Millennial Argues That the Past Isn’t Past",The New York Times,2020,1,20,50,1,0,0,0
A Dispute Over $200 and a Deadly Push Down the Stairs,The New York Times,2020,1,20,50,1,0,0,-1
Water Break on Upper West Side Disrupts Subway Service,The New York Times,2020,1,20,50,1,0,0,-1
"He Was Charged With 4 Bank Heists, and Freed. Then He Struck Again, Police Say.",The New York Times,2020,1,20,50,1,0,0,-1
Even C-SPAN Is Piqued: Senate Puts Limits on Trial Coverage,The New York Times,2020,1,20,50,1,0,0,-1
"A New Player at Sundance, Backed by Laurene Powell Jobs",The New York Times,2020,1,20,50,1,0,0,1
"With Impeachment in the News, Ads Are Staying Away From Politics",The New York Times,2020,1,20,50,1,0,0,-1
"Peter Larkin, Stage Designer With a Funky Asterisk, Dies at 93",The New York Times,2020,1,20,50,1,0,0,-1
"‘Chewing Gum Tycoon’ of Lotte Group, Shin Kyuk-ho, Dies at 98",The New York Times,2020,1,20,50,1,0,0,-1
"Jimmy Heath, 93, Jazz Saxophonist and Composer, Is Dead",The New York Times,2020,1,20,50,1,0,0,-1
The Agitated M.L.K. I Came to Love,The New York Times,2020,1,20,50,1,0,0,1
Will The Chicago Tribune Be the Next Newspaper Picked to the Bone?,The New York Times,2020,1,20,50,1,0,0,-1
Roger Federer Will Always Be the Greatest (Even if He’s Not),The New York Times,2020,1,20,50,1,0,0,1
‘Like Europe in Medieval Times’: Virus Slows China’s Economy,The New York Times,2020,2,11,51,1,0,0,-1
Trump’s $4.8 Trillion Budget Would Cut Safety Net Programs and Boost Defense,The New York Times,2020,2,11,51,1,0,0,-1
Elizabeth Warren Is Running Her Race. The Real One May Be Passing Her By.,The New York Times,2020,2,11,51,1,0,0,1
A Twist in California’s Homeless Crisis: Evictions by the Evicted,The New York Times,2020,2,11,51,1,0,0,1
The Urgent Questions Scientists Are Asking About Coronavirus,The New York Times,2020,2,11,51,1,0,0,1
Cruise Ship’s Coronavirus Outbreak Leaves Crew Nowhere to Hide,The New York Times,2020,2,11,51,1,0,0,-1
Merkel’s Chosen Successor Steps Aside. The Far Right Cries Victory.,The New York Times,2020,2,11,51,1,0,0,0
Oscar for ‘Parasite’ Quenches Koreans’ Long Thirst for Recognition,The New York Times,2020,2,11,51,1,0,0,0
New Campus Sexual Misconduct Rules Will Tackle Dating Violence,The New York Times,2020,2,11,51,1,0,0,-1
Puerto Rico Reaches Deal to Settle $35 Billion in Debt,The New York Times,2020,2,11,51,1,0,0,0
Meet the Latinos Trying to Get Latinos to the Polls,The New York Times,2020,2,11,51,1,0,0,1
"Justice Dept. Will Accept Material From Giuliani, but Barr Voices Caution",The New York Times,2020,2,11,51,1,0,0,-1
New Hampshire Usually Winnows the Field. This Year May Be Different.,The New York Times,2020,2,11,51,1,0,0,-1
Mitt Romney Is a ‘Judas’ to Many Republicans. But Not in Utah.,The New York Times,2020,2,11,51,1,0,0,-1
Your Foam Coffee Cup Is Fighting for Its Life,The New York Times,2020,2,11,51,1,0,0,-1
"From Starbucks to FedEx, Coronavirus Upends Businesses That Depend on China",The New York Times,2020,2,11,51,1,0,0,-1
Judge Is Said to Rule for T-Mobile Merger With Sprint,The New York Times,2020,2,11,51,1,0,0,0
U.S. Charges Chinese Military Officers in 2017 Equifax Hacking,The New York Times,2020,2,11,51,1,0,0,-1
Personal Data of All 6.5 Million Israeli Voters Is Exposed,The New York Times,2020,2,11,51,1,0,0,0
White House Earmarks New Money for A.I. and Quantum Computing,The New York Times,2020,2,11,51,1,0,0,1
Westminster Dog Show Photos: Ready for Prime Time,The New York Times,2020,2,11,51,1,0,0,1
"In Trade for Betts, Another of Astros’ Vanquished Opponents Bulks Up",The New York Times,2020,2,11,51,1,0,0,1
A Kayaker and a 134-Foot Waterfall. What Could Go Wrong?,The New York Times,2020,2,11,51,1,0,0,1
What the ‘Parasite’ Landslide Says About the Oscars: Our Critics Weigh In,The New York Times,2020,2,11,51,1,0,0,-1
Oscar Triumph for ‘Parasite’ Reflects Academy’s Evolving Identity,The New York Times,2020,2,11,51,1,0,0,1
"In His New Book, Daniel Kehlmann Says Hello to a Cruel World",The New York Times,2020,2,11,51,1,0,0,-1
Shooting of Man in the Face by ICE Turns Into a Trump-New York Fight,The New York Times,2020,2,11,51,1,0,0,-1
Man Who Shot Up a Bronx Precinct Was ‘Tired of Police Officers’,The New York Times,2020,2,11,51,1,0,0,0
"Sorry, Renters: You Still Have to Pay Brokers’ Fees for Now",The New York Times,2020,2,11,51,1,0,0,-1
"Philippines Moves to Shut ABS-CBN, Its Leading Broadcast Network",The New York Times,2020,2,11,51,1,0,0,-1
2020 Oscars Broadcast Hits a New Ratings Low,The New York Times,2020,2,11,51,1,0,0,-1
Motion Picture Academy Museum Will Open in December,The New York Times,2020,2,11,51,1,0,0,1
Meet the Bird Medics of New Delhi,The New York Times,2020,2,11,51,1,0,0,1
This Professor’s ‘Amazing’ Trick Makes Quadratic Equations Easier,The New York Times,2020,2,11,51,1,0,0,1
Pangolins Are Suspected as a Potential Coronavirus Host,The New York Times,2020,2,11,51,1,0,0,-1
Seeing the Oscar Challenge to Fashion Week and Raising It One,The New York Times,2020,2,11,51,1,0,0,1
The Oscars Red Carpet: Let’s Give Them Something to Talk About,The New York Times,2020,2,11,51,1,0,0,1
Come to the Oscars With Brad Pitt and Us,The New York Times,2020,2,11,51,1,0,0,1
"Nathaniel R. Jones, Rights Lawyer and Federal Judge, Dies at 93",The New York Times,2020,2,11,51,1,0,0,-1
"Paul Farnes, Last R.A.F. Ace of Battle of Britain, Dies at 101",The New York Times,2020,2,11,51,1,0,0,0
"Bruce McEwen, 81, Is Dead; Found Stress Can Alter the Brain",The New York Times,2020,2,11,51,1,0,0,-1
How Trump Got Trickled Down,The New York Times,2020,2,11,51,1,0,0,-1
Chinese Hacking Is Alarming. So Are Data Brokers.,The New York Times,2020,2,11,51,1,0,0,-1
"‘Parasite’ Won, but Asian-Americans Are Still Losing",The New York Times,2020,2,11,51,1,0,0,-1
Barr Says Attacks From Trump Make Work ‘Impossible’,The New York Times,2020,2,14,52,1,0,0,-1
China Expands Chaotic Dragnet in Coronavirus Crackdown,The New York Times,2020,2,14,52,1,0,0,-1
How Months of Miscalculation Led the U.S. and Iran to the Brink of War,The New York Times,2020,2,14,52,1,0,0,-1
Playing on Kansas City Radio: Russian Propaganda,The New York Times,2020,2,14,52,1,0,0,-1
How to Make Your Marriage Gayer,The New York Times,2020,2,14,52,1,0,0,-1
‘Birds of Prey’ | Anatomy of a Scene,The New York Times,2020,2,14,52,1,0,0,1
House Tour | Jonathan Saunders,The New York Times,2020,2,14,52,1,0,0,1
"In Bipartisan Bid to Restrain Trump, Senate Passes Iran War Powers Resolution",The New York Times,2020,2,14,52,1,0,0,0
A Crisis Right Now: San Francisco and Manila Face Rising Seas,The New York Times,2020,2,14,52,1,0,0,0
How Dresden Looked After a World War II Firestorm 75 Years Ago,The New York Times,2020,2,14,52,1,0,0,1
Trump’s Path to Weaker Fuel Efficiency Rules May Lead to a Dead End,The New York Times,2020,2,14,52,1,0,0,-1
Administration to Divert Billions From Pentagon to Fund Border Wall,The New York Times,2020,2,14,52,1,0,0,-1
‘It Didn’t Work:’ States That Ended Parole for Violent Crimes Are Thinking Again,The New York Times,2020,2,14,52,1,0,0,-1
The Bloomberg Campaign Is a Waterfall of Cash,The New York Times,2020,2,14,52,1,0,0,-1
Biden Needs Black Voters to Lift His Campaign. But He Has Competition.,The New York Times,2020,2,14,52,1,0,0,-1
Trump Places Loyalists in Key Jobs Inside the White House While Raging Against Enemies Outside,The New York Times,2020,2,14,52,1,0,0,0
Iran’s Economy Is Bleak. Its Stock Market Is Soaring.,The New York Times,2020,2,14,52,1,0,0,-1
Bloomberg Once Linked 2008 Crisis to End of Redlining Bias in Home Loans,The New York Times,2020,2,14,52,1,0,0,0
"Judy Shelton, Trump’s Fed Nominee, Faces Bipartisan Skepticism",The New York Times,2020,2,14,52,1,0,0,-1
"Judge Halts Work on Microsoft’s JEDI Contract, a Victory for Amazon",The New York Times,2020,2,14,52,1,0,0,-1
"U.S. Charges Huawei With Racketeering, Adding Pressure on China",The New York Times,2020,2,14,52,1,0,0,-1
Tesla Faces a New S.E.C. Investigation,The New York Times,2020,2,14,52,1,0,0,-1
He Was Fearless on a Football Field. But He Sensed Something Wasn’t Right.,The New York Times,2020,2,14,52,1,0,0,-1
"The Astros Offer Apologies, but Draw the Line at Their Title",The New York Times,2020,2,14,52,1,0,0,-1
He Is Building a Home. And a Career in the N.B.A.,The New York Times,2020,2,14,52,1,0,0,1
Empathy and Artistry: Rediscovering Dorothea Lange,The New York Times,2020,2,14,52,1,0,0,1
"In Trippy Times, Bill Graham Took Care of Reality",The New York Times,2020,2,14,52,1,0,0,0
"The Wild, Anti-Authoritarian Art of Peter Saul",The New York Times,2020,2,14,52,1,0,0,1
‘The Photograph’ Review: An Unabashedly Old-School Love Story,The New York Times,2020,2,14,52,1,0,0,1
‘The Times of Bill Cunningham’ Review: Another New York Snapshot,The New York Times,2020,2,14,52,1,0,0,1
"‘I Was at Home, but …’ Review: In Grief, What Dreams May Come",The New York Times,2020,2,14,52,1,0,0,0
Weinstein’s Lawyer Says Accusers Had a Choice in Sexual Encounters,The New York Times,2020,2,14,52,1,0,0,-1
The Bail Reform Backlash That Has Democrats at War,The New York Times,2020,2,14,52,1,0,0,-1
Is This New York City’s Nicest Public Bathroom?,The New York Times,2020,2,14,52,1,0,0,1
"McClatchy, a Major U.S. Newspaper Chain, Files for Bankruptcy",The New York Times,2020,2,14,52,1,0,0,-1
Snoop Dogg Apologizes After Criticizing Gayle King Over Kobe Bryant Questions,The New York Times,2020,2,14,52,1,0,0,-1
Colin Kaepernick to Release a Memoir and Start a Publishing Company,The New York Times,2020,2,14,52,1,0,0,-1
"Frederick Koch, Who Spurned Family Business, Dies at 86",The New York Times,2020,2,14,52,1,0,0,-1
"Terry Hands, Director Known for Hits and ‘Carrie,’ Dies at 79",The New York Times,2020,2,14,52,1,0,0,0
"Dyanne Thorne, 83, Star of Scandalous ‘Ilsa’ Films, Is Dead",The New York Times,2020,2,14,52,1,0,0,-1
Mike Bloomberg Is Hacking Your Attention,The New York Times,2020,2,14,52,1,0,0,-1
The Specific Horror of Unwanted Oral Sex,The New York Times,2020,2,14,52,1,0,0,-1
Today’s Republicans Are Like Lincoln in Only One Way,The New York Times,2020,2,14,52,1,0,0,0
William Barr Moves to Take the Reins of Politically Charged Cases,The New York Times,2020,2,15,53,1,0,0,0
"China’s Doctors, Fighting the Coronavirus, Beg for Masks",The New York Times,2020,2,15,53,1,0,0,-1
What Being a Mayor Taught Pete Buttigieg,The New York Times,2020,2,15,53,1,0,0,0
A Crisis Right Now: San Francisco and Manila Face Rising Seas,The New York Times,2020,2,15,53,1,0,0,0
Susan Fowler: Why I Wrote the Uber Memo,The New York Times,2020,2,15,53,1,0,0,-1
Russians Pressure U.S. Forces in Northeast Syria,The New York Times,2020,2,15,53,1,0,0,-1
Boris Johnson Moves Boldly to Consolidate Power,The New York Times,2020,2,15,53,1,0,0,1
"U.S. and Taliban Agree to Reduce Violence, in First Step To Peace Deal",The New York Times,2020,2,15,53,1,0,0,1
Border Patrol Will Deploy Elite Tactical Agents to Sanctuary Cities,The New York Times,2020,2,15,53,1,0,0,1
Toppled but Not Gone: U.N.C. Grapples Anew With the Fate of Silent Sam,The New York Times,2020,2,15,53,1,0,0,-1
An Old and Contested Solution to Boost Reading Scores: Phonics,The New York Times,2020,2,15,53,1,0,0,-1
We Checked the Iowa Caucus Math. Here’s Where It Didn’t Add Up.,The New York Times,2020,2,15,53,1,0,0,-1
Another Caucus Is Coming. But Nevada Will Look Completely Different.,The New York Times,2020,2,15,53,1,0,0,0
"Ads in Spanish, Obama Cameos: The Democratic Ad Race in Nevada and South Carolina",The New York Times,2020,2,15,53,1,0,0,-1
BlackRock Becomes a Symbol for Anticapitalist Fervor in France,The New York Times,2020,2,15,53,1,0,0,1
U.S. Watchdog to Investigate Trump’s Farm Bailout Program,The New York Times,2020,2,15,53,1,0,0,0
"Shuttered Stores, Fewer Tourists: Luxury Feels Coronavirus Effects",The New York Times,2020,2,15,53,1,0,0,-1
Manchester City Banned From Champions League for 2 Seasons,The New York Times,2020,2,15,53,1,0,0,-1
The N.B.A. and China Are Showing Signs of Reconciliation,The New York Times,2020,2,15,53,1,0,0,0
"Miguel Andujar’s Recovery: Rehab, Then Learn 2 New Positions",The New York Times,2020,2,15,53,1,0,0,1
"In a Post-‘Parasite’ World, What Happens Next?",The New York Times,2020,2,15,53,1,0,0,-1
When a Critic Hosts the Premiere,The New York Times,2020,2,15,53,1,0,0,1
Cooper Hewitt Chief Was Forced Out After Probe of Her Wedding,The New York Times,2020,2,15,53,1,0,0,-1
Taming the ‘Wild West’ of New York’s Dangerous Private Trash Trucks,The New York Times,2020,2,15,53,1,0,0,-1
"Weinstein Has the ‘Mark of a Predator,’ Prosecutor Says as Trial Nears End",The New York Times,2020,2,15,53,1,0,0,0
A New York Councilman Faces Ethics Charges. For a Third Time.,The New York Times,2020,2,15,53,1,0,0,-1
"Rajendra Pachauri, 79, Dies; Led Nobel-Winning Climate Agency",The New York Times,2020,2,15,53,1,0,0,0
"Charles O’Brien, 86, Who Was Dogged by Hoffa Case, Is Dead",The New York Times,2020,2,15,53,1,0,0,-1
The Progressive Lane Narrows,The New York Times,2020,2,15,53,1,0,0,-1
The President Takes a Campaign Donation From the Pentagon,The New York Times,2020,2,15,53,1,0,0,-1
Trump’s Policy on New York’s ‘Trusted Travelers’ Is Unconstitutional,The New York Times,2020,2,15,53,1,0,0,-1
U.S. to Suspend Most Travel From Europe as World Scrambles to Fight Pandemic,The New York Times,2020,3,12,54,1,0,0,-1
A Fumbled Global Response to the Virus in a Leadership Void,The New York Times,2020,3,12,54,1,0,0,-1
Dow Ends 11-Year Bull Market as Coronavirus Defies Economic Remedies,The New York Times,2020,3,12,54,1,0,0,-1
‘Proselytizing Robots’: Inside South Korean Church at Outbreak’s Center,The New York Times,2020,3,12,54,1,0,0,0
"‘If We Work Sick, Then You Get Sick’",The New York Times,2020,3,12,54,1,0,0,-1
Watch Full Video: Trump Delivers National Address on Coronavirus,The New York Times,2020,3,12,54,1,0,0,-1
‘This Is What Justice Looks Like’: Lawyers Spar Over Weinstein Sentence,The New York Times,2020,3,12,54,1,0,0,0
Biden Speaks After Primary Victories,The New York Times,2020,3,12,54,1,0,0,0
A New ‘Emperor’: Russia Girds for 16 More Years of Putin,The New York Times,2020,3,12,54,1,0,0,1
2 Rare White Giraffes Slaughtered by Poachers in Kenya,The New York Times,2020,3,12,54,1,0,0,-1
"For Italians, Dodging Coronavirus Has Become a Game of Chance",The New York Times,2020,3,12,54,1,0,0,1
‘An Eviction Notice’: Chaos After Colleges Tell Students to Stay Away,The New York Times,2020,3,12,54,1,0,0,-1
Trump Administration Presses Cities to Evict Homeowners From Flood Zones,The New York Times,2020,3,12,54,1,0,0,-1
A Rare Look Inside the Hospital Where 15 Coronavirus Patients Have Died,The New York Times,2020,3,12,54,1,0,0,1
Behind Bernie Sanders’s Decision to Stay in the Race,The New York Times,2020,3,12,54,1,0,0,1
Meet the Trump Fan Accused of Registering Democrats as Republicans,The New York Times,2020,3,12,54,1,0,0,-1
Democrats and White House Race to Strike Deal for Coronavirus Relief Package,The New York Times,2020,3,12,54,1,0,0,0
Insulin Costs May Be Capped in a Medicare Program,The New York Times,2020,3,12,54,1,0,0,0
"Let’s Talk About Coronavirus Bailouts, Before We Need Them",The New York Times,2020,3,12,54,1,0,0,0
"Sorry, but Working From Home Is Overrated",The New York Times,2020,3,12,54,1,0,0,-1
Samsung Galaxy Z Flip Review: A Folding Phone That’s a Dud,The New York Times,2020,3,12,54,1,0,0,-1
"Walmart, Uber and Others Tweak Sick-Leave Policies as Coronavirus Spreads",The New York Times,2020,3,12,54,1,0,0,-1
Doctors and Patients Turn to Telemedicine in the Coronavirus Outbreak,The New York Times,2020,3,12,54,1,0,0,-1
N.B.A. Suspends Season After Player Tests Positive for Coronavirus,The New York Times,2020,3,12,54,1,0,0,-1
"Swimrun, Sweden’s Island-to-Island Race, Comes to America",The New York Times,2020,3,12,54,1,0,0,1
Atlético Madrid Stuns Liverpool as Coronavirus Pierces Champions League,The New York Times,2020,3,12,54,1,0,0,-1
Tom Hanks Says He Has Coronavirus,The New York Times,2020,3,12,54,1,0,0,-1
Activist Museum Director Named New York Cultural Affairs Commissioner,The New York Times,2020,3,12,54,1,0,0,1
Shabaka and the Ancestors Are Making Their Own Jazz History,The New York Times,2020,3,12,54,1,0,0,1
Harvey Weinstein’s Stunning Downfall: 23 Years in Prison,The New York Times,2020,3,12,54,1,0,0,0
"Broadway, Seeking to Stay Open, Suggests Stars Keep Their Distance",The New York Times,2020,3,12,54,1,0,0,-1
N.J. Transit’s Most Troubled Trains Are Older Than Many of the Riders,The New York Times,2020,3,12,54,1,0,0,-1
How Right-Wing Pundits Are Covering Coronavirus,The New York Times,2020,3,12,54,1,0,0,-1
TV Talk Shows Throw Out the Audience,The New York Times,2020,3,12,54,1,0,0,-1
Is This What Post-MeToo Looks Like?,The New York Times,2020,3,12,54,1,0,0,-1
The King of D.I.Y. Dwellings,The New York Times,2020,3,12,54,1,0,0,1
Not a Size 2? Luxury Fashion Finally Wants You,The New York Times,2020,3,12,54,1,0,0,-1
"Escape Into Cottagecore, Calming Ethos for Our Febrile Moment",The New York Times,2020,3,12,54,1,0,0,1
"Barbara Neely, Activist Turned Mystery Writer, Dies at 78",The New York Times,2020,3,12,54,1,0,0,-1
"Alexei Botyan, Soviet Spy Hailed as ‘Hero,’ Dies at 103",The New York Times,2020,3,12,54,1,0,0,-1
Democrats Aren’t in the Mood for Your Revolution,The New York Times,2020,3,12,54,1,0,0,-1
"Please, Listen to Experts About the Coronavirus. Then Step Up.",The New York Times,2020,3,12,54,1,0,0,-1
My People Have Been Through Worse Than a Twitter Mob,The New York Times,2020,3,12,54,1,0,0,-1
House Passes Coronavirus Relief After Democrats Strike Deal With White House,The New York Times,2020,3,14,55,1,0,0,-1
Worst-Case Estimates for U.S. Coronavirus Deaths,The New York Times,2020,3,14,55,1,0,0,-1
Panicked Shoppers Empty Shelves as Coronavirus Anxiety Rises,The New York Times,2020,3,14,55,1,0,0,-1
Two Women Fell Sick From the Coronavirus. One Survived.,The New York Times,2020,3,14,55,1,0,0,-1
"How Much Worse the Coronavirus Could Get, in Charts",The New York Times,2020,3,14,55,1,0,0,-1
What Happens When the U.S. Outsources Asylum?,The New York Times,2020,3,14,55,1,0,0,-1
"‘People Should Be Less Concerned’ About Financial Markets, Mnuchin Says",The New York Times,2020,3,14,55,1,0,0,-1
‘The Hunt’ | Anatomy of a Scene,The New York Times,2020,3,14,55,1,0,0,1
They Ordered Her to Be a Suicide Bomber. She Had Another Idea.,The New York Times,2020,3,14,55,1,0,0,-1
"U.S. Airstrikes Kill Iraqi Soldiers and Police, Iraqi Officials Say",The New York Times,2020,3,14,55,1,0,0,-1
Spain Becomes Latest Epicenter of Coronavirus After a Faltering Response,The New York Times,2020,3,14,55,1,0,0,-1
Efforts to Control the Coronavirus in the U.S. Could Get Even More Extreme,The New York Times,2020,3,14,55,1,0,0,-1
"U.S. Hospitals Prepare for Coronavirus, With the Worst Still to Come",The New York Times,2020,3,14,55,1,0,0,-1
Is That a Dalí Among the Tchotchkes?,The New York Times,2020,3,14,55,1,0,0,0
Joe Biden’s Young Voter Problem: They Don’t Think He’s Listening,The New York Times,2020,3,14,55,1,0,0,-1
Strikes and Attack Ads: The Hard Roads to Universal Health Care,The New York Times,2020,3,14,55,1,0,0,-1
Can Our Political Leaders Still Reassure Us?,The New York Times,2020,3,14,55,1,0,0,1
"In a Texas Oil Town, Pain but No Panic as Prices Crash",The New York Times,2020,3,14,55,1,0,0,-1
Stocks Surge After Trump Promises Speedier Coronavirus Testing,The New York Times,2020,3,14,55,1,0,0,-1
Is There Really a Toilet Paper Shortage?,The New York Times,2020,3,14,55,1,0,0,-1
Bill Gates Stepping Down From Microsoft’s Board,The New York Times,2020,3,14,55,1,0,0,-1
"Baby Brezza, a $200 Formula Maker, May Pose Health Risks to Infants",The New York Times,2020,3,14,55,1,0,0,-1
Coronavirus Is Causing Chaos for Travel Influencers,The New York Times,2020,3,14,55,1,0,0,-1
The Stranded Stars of Wuhan F.C.,The New York Times,2020,3,14,55,1,0,0,-1
The Games Will Come Back. The Moments We’ll Miss Are Already Gone.,The New York Times,2020,3,14,55,1,0,0,1
"For Many Athletes, Coronavirus Means the End of College Careers",The New York Times,2020,3,14,55,1,0,0,-1
"Six Decades After the Banana Boat, Harry Belafonte’s Archive Sails Home",The New York Times,2020,3,14,55,1,0,0,1
When Humans Are the Prey: A Plot Made for Every Era,The New York Times,2020,3,14,55,1,0,0,1
"In a Pandemic, Musicians Play in Empty Halls for Audiences Online",The New York Times,2020,3,14,55,1,0,0,-1
She Wanted to Revive a Park. First She Had to Take On the Rats.,The New York Times,2020,3,14,55,1,0,0,-1
"R. Kelly Knowingly Exposed Sex Partners to Herpes, Prosecutors Say",The New York Times,2020,3,14,55,1,0,0,1
"Finally, a Plan for New York’s Sidewalk Trash Bag Mountains",The New York Times,2020,3,14,55,1,0,0,1
The ‘Man Show’ Diaspora,The New York Times,2020,3,14,55,1,0,0,1
"When Tom Hanks, Hollywood’s Everyman, Gets Coronavirus",The New York Times,2020,3,14,55,1,0,0,-1
The Night TV Went It Alone,The New York Times,2020,3,14,55,1,0,0,-1
"Charles Wuorinen, Uncompromising Modernist Composer, Dies at 81",The New York Times,2020,3,14,55,1,0,0,-1
"Del Shofner, Master Pass Receiver With the Giants, Dies at 85",The New York Times,2020,3,14,55,1,0,0,-1
"Dana Zatopkova, Champion Javelin Thrower, Is Dead at 97",The New York Times,2020,3,14,55,1,0,0,-1
They’ve Contained the Coronavirus. Here’s How.,The New York Times,2020,3,14,55,1,0,0,-1
China Bought the West Time. The West Squandered It.,The New York Times,2020,3,14,55,1,0,0,-1
Trump’s Chernobyl,The New York Times,2020,3,14,55,1,0,0,-1
Senate Approves $2 Trillion Stimulus After Bipartisan Deal,The New York Times,2020,3,26,56,1,0,0,1
"A $2 Trillion Lifeline Will Help, but More May Be Needed",The New York Times,2020,3,26,56,1,0,0,-1
Governors Tell Outsiders From ‘Hot Zone’ to Stay Away as Virus Divides States,The New York Times,2020,3,26,56,1,0,0,-1
"One City’s Road to Recovery Offers Lessons, and Hope",The New York Times,2020,3,26,56,1,0,0,1
Trump Wants to ‘Reopen America.’ Here’s What Happens if We Do.,The New York Times,2020,3,26,56,1,0,0,-1
"As Latin America Shuts Down to Fight Virus, Brazil and Mexico Are Holdouts",The New York Times,2020,3,26,56,1,0,0,0
Europe’s Leaders Ditch Austerity and Fight Pandemic With Cash,The New York Times,2020,3,26,56,1,0,0,1
Man Pleads Guilty to New Zealand Mosque Massacre,The New York Times,2020,3,26,56,1,0,0,-1
Coronavirus Means Funerals Must Wait: ‘We Can’t Properly Bury Our Dead’,The New York Times,2020,3,26,56,1,0,0,-1
"Amid Desperate Need for Ventilators, Calls Grow for Federal Intervention",The New York Times,2020,3,26,56,1,0,0,-1
The People Leading When Leaders Do Not,The New York Times,2020,3,26,56,1,0,0,1
Fine Print of Stimulus Bill Contains Special Deals for Industries,The New York Times,2020,3,26,56,1,0,0,-1
"As States Delay Primaries, June 2 Is Suddenly a Big Tuesday on the Calendar",The New York Times,2020,3,26,56,1,0,0,-1
Sanders Is Ready to Debate Again. Biden Says ‘We’ve Had Enough Debates.’,The New York Times,2020,3,26,56,1,0,0,1
‘A Week of Snow Days’? Ha! Families Deal With Cabin Fever,The New York Times,2020,3,26,56,1,0,0,-1
How to Prevent a Coronavirus Depression,The New York Times,2020,3,26,56,1,0,0,0
Inside American Airlines’ Scramble as Virus Grounds Jets by Hundreds,The New York Times,2020,3,26,56,1,0,0,-1
Nurses Share Coronavirus Stories Anonymously in an Online Document,The New York Times,2020,3,26,56,1,0,0,0
Neighbors Are Reaching Out on Nextdoor,The New York Times,2020,3,26,56,1,0,0,-1
The Dos and Don’ts of Online Video Meetings,The New York Times,2020,3,26,56,1,0,0,-1
Deciding to Postpone the Olympics Was Tough. Actually Moving Them May Be Tougher.,The New York Times,2020,3,26,56,1,0,0,-1
How the Yankees’ Minor Leaguers Spent 2 Weeks in Quarantine,The New York Times,2020,3,26,56,1,0,0,-1
"Carolina Releases Cam Newton, Completes Housecleaning",The New York Times,2020,3,26,56,1,0,0,1
Broadway Is Shuttered but Its Buildings Sing: A Virtual Tour,The New York Times,2020,3,26,56,1,0,0,1
Mister Rogers Song and Dr. Dre Added to National Recording Registry,The New York Times,2020,3,26,56,1,0,0,1
"Review: ‘Unorthodox,’ a Stunning Escape From Brooklyn",The New York Times,2020,3,26,56,1,0,0,1
13 Deaths in a Day: An ‘Apocalyptic’ Coronavirus Surge at an N.Y.C. Hospital,The New York Times,2020,3,26,56,1,0,0,-1
Coronavirus Decimates N.Y.C. Taxi Industry: ‘The Worst It’s Ever Been’,The New York Times,2020,3,26,56,1,0,0,-1
Virus Rules Let Construction Workers Keep Building Luxury Towers,The New York Times,2020,3,26,56,1,0,0,-1
Trump’s Briefings Are a Ratings Hit. Should Networks Cover Them Live?,The New York Times,2020,3,26,56,1,0,0,1
"With Kids Learning From Home, Children’s Publishers See a Spike",The New York Times,2020,3,26,56,1,0,0,1
A Podcast Playlist to Help Distract You (for the Most Part),The New York Times,2020,3,26,56,1,0,0,0
How the Virus Got Out,The New York Times,2020,3,26,56,1,0,0,0
Can You Become Immune to the Coronavirus?,The New York Times,2020,3,26,56,1,0,0,-1
Lawmakers Question Start-Ups on At-Home Kits for Coronavirus Testing,The New York Times,2020,3,26,56,1,0,0,-1
You Are Your Safest Sex Partner. Betty Dodson Wants to Help.,The New York Times,2020,3,26,56,1,0,0,1
"The Salon Comes to Your Home, and to Your iPad",The New York Times,2020,3,26,56,1,0,0,1
"From White Gloves to Latex, the Doormen of New York",The New York Times,2020,3,26,56,1,0,0,1
"Floyd Cardoz, 59, Dies; Gave American Fine Dining an Indian Flavor",The New York Times,2020,3,26,56,1,0,0,-1
"Michael Broadbent, Who Put Wine on the Auction Block, Dies at 92",The New York Times,2020,3,26,56,1,0,0,-1
"Julia Miles, 90, Dies; Pushed for Gender Parity in the Theater",The New York Times,2020,3,26,56,1,0,0,-1
A Cruel Motive for a Costly Delay,The New York Times,2020,3,26,56,1,0,0,-1
This Coronavirus Crisis Is the Time to Ease Sanctions on Iran,The New York Times,2020,3,26,56,1,0,0,-1
Here’s a Coronavirus Quiz,The New York Times,2020,3,26,56,1,0,0,0
"Amid Warnings of a Coronavirus ‘Pearl Harbor,’ Governors Walk a Fine Line",The New York Times,2020,4,6,57,1,0,0,1
Official Counts Understate the U.S. Coronavirus Death Toll,The New York Times,2020,4,6,57,1,0,0,-1
Boris Johnson Hospitalized as Queen Urges British Resolve in Face of Epidemic,The New York Times,2020,4,6,57,1,0,0,-1
They Were the Last Couple in Paradise. Now They’re Stranded.,The New York Times,2020,4,6,57,1,0,0,0
Google Searches Can Help Us Find Emerging Covid-19 Outbreaks,The New York Times,2020,4,6,57,1,0,0,-1
Italy’s Virus Shutdown Came Too Late. What Happens Now?,The New York Times,2020,4,6,57,1,0,0,-1
Hungary’s Leader Grabbed Powers to Fight the Virus. Some Fear Other Motives.,The New York Times,2020,4,6,57,1,0,0,0
"As Himalayas Warm, Nepal’s Climate Migrants Struggle to Survive",The New York Times,2020,4,6,57,1,0,0,-1
"He Led a Top Navy Ship. Now He Sits in Quarantine, Fired and Infected.",The New York Times,2020,4,6,57,1,0,0,0
"Coronavirus Strands China’s Students, in a Dilemma for Beijing",The New York Times,2020,4,6,57,1,0,0,-1
What’s the Best Material for a Mask?,The New York Times,2020,4,6,57,1,0,0,1
Politics Through the Looking Glass: Virus Scrambles the Left-Right Lines,The New York Times,2020,4,6,57,1,0,0,-1
"Ignoring Expert Opinion, Trump Again Promotes Use of Hydroxychloroquine",The New York Times,2020,4,6,57,1,0,0,-1
U.S. Military Seeks More Funding for Pacific Region After Pandemic,The New York Times,2020,4,6,57,1,0,0,-1
Another Thing to Fear Out There: Coronavirus Scammers,The New York Times,2020,4,6,57,1,0,0,-1
European Banks Prepared for a Crisis. But Not This One.,The New York Times,2020,4,6,57,1,0,0,0
Top Democrats Press Treasury to Accelerate Airline Bailout,The New York Times,2020,4,6,57,1,0,0,0
Gaps in Amazon’s Response as Virus Spreads to More Than 50 Warehouses,The New York Times,2020,4,6,57,1,0,0,-1
How to Thrive in Online Life,The New York Times,2020,4,6,57,1,0,0,1
How to Get Books When Bookstores and Libraries Are Closed,The New York Times,2020,4,6,57,1,0,0,1
"Closed and Without March Madness Bets, Sports Betting Faces New Pressures",The New York Times,2020,4,6,57,1,0,0,-1
"For This N.B.A. Rookie, Reality TV Is an Escape That Feels Like Home",The New York Times,2020,4,6,57,1,0,0,1
The Best Thing About NASCAR’s Virtual Races Might Be the Real Competition,The New York Times,2020,4,6,57,1,0,0,-1
"Bible Museum, Admitting Mistakes, Tries to Convert Its Critics",The New York Times,2020,4,6,57,1,0,0,-1
"Learning to Listen to, and Beyond, the Siren’s Call",The New York Times,2020,4,6,57,1,0,0,1
How Bill Withers Defined Soulful Selflessness,The New York Times,2020,4,6,57,1,0,0,1
The Nurse Was Holding Up. Then Her 3 Close Relatives Were Brought In.,The New York Times,2020,4,6,57,1,0,0,1
Virus Toll Grows In New Jersey,The New York Times,2020,4,6,57,1,0,0,-1
"Chinese-Americans, Facing Abuse, Unite to Aid Hospitals in Coronavirus Battle",The New York Times,2020,4,6,57,1,0,0,0
Americans Don’t Trust the Media Anymore. So Why Do They Trust the Cuomos?,The New York Times,2020,4,6,57,1,0,0,0
Two Veteran C.E.O.s Risk $1.8 Billion on a Streaming App. In a Pandemic.,The New York Times,2020,4,6,57,1,0,0,-1
Facebook Hampers Do-It-Yourself Mask Efforts,The New York Times,2020,4,6,57,1,0,0,-1
"Michael McKinnell, 84, Dies; Architect of a Monumental City Hall",The New York Times,2020,4,6,57,1,0,0,1
"Tom Dempsey, Record-Setting Kicker, Dies at 73",The New York Times,2020,4,6,57,1,0,0,0
"Gerald Freedman, Prolific Stage Director, Dies at 92",The New York Times,2020,4,6,57,1,0,0,-1
This Is What Happens When a Narcissist Runs a Crisis,The New York Times,2020,4,6,57,1,0,0,-1
Social Distancing Is a Privilege,The New York Times,2020,4,6,57,1,0,0,1
I’m a Doctor at the ‘Epicenter of the Epicenter’,The New York Times,2020,4,6,57,1,0,0,1
"Straggling in a Good Economy, and Now Struggling in a Crisis",The New York Times,2020,4,17,58,1,0,0,-1
Trump Says States Can Start Reopening While Acknowledging the Decision Is Theirs,The New York Times,2020,4,17,58,1,0,0,-1
29 Dead at One Nursing Home From the Virus. Or More. No One Will Say.,The New York Times,2020,4,17,58,1,0,0,-1
‘There’s No More Water’: Climate Change on a Drying Island,The New York Times,2020,4,17,58,1,0,0,0
The Coronavirus Is Mutating. What Does That Mean for a Vaccine?,The New York Times,2020,4,17,58,1,0,0,-1
U.K. Paid $20 Million for New Coronavirus Tests. They Didn’t Work.,The New York Times,2020,4,17,58,1,0,0,-1
"As Coronavirus Fades in China, Nationalism and Xenophobia Flare",The New York Times,2020,4,17,58,1,0,0,-1
"W.H.O., Now Trump’s Scapegoat, Warned About Coronavirus Early and Often",The New York Times,2020,4,17,58,1,0,0,-1
An Army of Virus Tracers Takes Shape in Massachusetts,The New York Times,2020,4,17,58,1,0,0,-1
‘You Have to Disobey’: Protesters Gather to Defy Stay-at-Home Orders,The New York Times,2020,4,17,58,1,0,0,-1
E.P.A. Weakens Controls on Mercury,The New York Times,2020,4,17,58,1,0,0,-1
"For Mark Meadows, Transition From Trump Confidant to Chief of Staff Is a Hard One",The New York Times,2020,4,17,58,1,0,0,-1
The Democratic Establishment Suddenly Loves Bernie Sanders,The New York Times,2020,4,17,58,1,0,0,1
Judge Denies Roger Stone’s Bid for a New Trial,The New York Times,2020,4,17,58,1,0,0,-1
Loan Money Runs Out While Small-Business Owners Wait in Line,The New York Times,2020,4,17,58,1,0,0,-1
‘Nowhere to Hide’ as Unemployment Permeates the Economy,The New York Times,2020,4,17,58,1,0,0,-1
Some Banks Keep Customers’ Stimulus Checks if Accounts Are Overdrawn,The New York Times,2020,4,17,58,1,0,0,0
Facebook-Backed Libra Cryptocurrency Project Is Scaled Back,The New York Times,2020,4,17,58,1,0,0,-1
‘Charger Desert’ in Big Cities Keeps Electric Cars From Mainstream,The New York Times,2020,4,17,58,1,0,0,1
There’s No Place Like Home (Theater),The New York Times,2020,4,17,58,1,0,0,1
When Will Sports Come Back? Here Is What Has to Happen First,The New York Times,2020,4,17,58,1,0,0,-1
PGA Tour Announces Mid-June Return in Texas,The New York Times,2020,4,17,58,1,0,0,1
Drugs and Stunts Cited in Plane Crash That Killed Roy Halladay,The New York Times,2020,4,17,58,1,0,0,1
Ottessa Moshfegh Is Only Human,The New York Times,2020,4,17,58,1,0,0,-1
"‘#blackAF’ Review: A Second Portrait of the Artist, With More Scars",The New York Times,2020,4,17,58,1,0,0,1
Art Recreation Is the Only Good Instagram Challenge,The New York Times,2020,4,17,58,1,0,0,-1
"‘Trolls World Tour,’ a Kids’ Music Movie, Has Big Problems With Pop",The New York Times,2020,4,17,58,1,0,0,-1
"‘Beyond the Visible: Hilma af Klint’ Review: What Did She See, and When?",The New York Times,2020,4,17,58,1,0,0,0
"‘A White, White Day’ Review: Confronting Grief in a Frozen Landscape",The New York Times,2020,4,17,58,1,0,0,1
"Virus Forces a ‘Wartime’ Budget on N.Y.C., With $2 Billion in Cuts",The New York Times,2020,4,17,58,1,0,0,-1
"This Is Schooling Now for 200,000 N.Y.C. Children in Special Education",The New York Times,2020,4,17,58,1,0,0,1
"Asthma Is Absent Among Top Covid-19 Risk Factors, Early Data Shows",The New York Times,2020,4,17,58,1,0,0,-1
Biden Is Losing the Internet. Does That Matter?,The New York Times,2020,4,17,58,1,0,0,-1
"China Post-Coronavirus: Signs of Life, Censorship and Paranoia",The New York Times,2020,4,17,58,1,0,0,-1
Reporters Grounded by Pandemic Lose ‘That Window Into the Campaign’,The New York Times,2020,4,17,58,1,0,0,-1
"Brian Dennehy, Tony Award-Winning Actor, Dies at 81",The New York Times,2020,4,17,58,1,0,0,-1
"Lee Konitz, Jazz Saxophonist Who Blazed His Own Trail, Dies at 92",The New York Times,2020,4,17,58,1,0,0,-1
"Nora Illi, Swiss Muslim Convert Who Sparked Controversy, Dies at 35",The New York Times,2020,4,17,58,1,0,0,-1
Wisconsin Voters Faced an Impossible Choice. It Shouldn’t Happen Again.,The New York Times,2020,4,17,58,1,0,0,-1
50 Million Kids Can’t Attend School. What Happens to Them?,The New York Times,2020,4,17,58,1,0,0,-1
Trump’s Brain: A Guided Tour,The New York Times,2020,4,17,58,1,0,0,1
"Businesses Tiptoe Into a World of Masks, Gloves and Wary Customers",The New York Times,2020,4,25,59,1,0,0,-1
Trump’s Suggestion That Disinfectants Could Be Used to Treat Coronavirus Prompts Aggressive Pushback,The New York Times,2020,4,25,59,1,0,0,-1
"Trump Speech to Bring 1,000 West Point Cadets Back to Campus",The New York Times,2020,4,25,59,1,0,0,-1
I Used to Make Fun of Silicon Valley Preppers. Then I Became One.,The New York Times,2020,4,25,59,1,0,0,0
"Why Georgia Isn’t Ready to Reopen, in Charts",The New York Times,2020,4,25,59,1,0,0,-1
"Pressured by China, E.U. Softens Report on Covid-19 Disinformation",The New York Times,2020,4,25,59,1,0,0,-1
A Closed Border Can’t Stop This Elderly Couple: ‘Love Is the Best Thing in the World’,The New York Times,2020,4,25,59,1,0,0,1
Turmoil in Brazil: Bolsonaro Fires Police Chief and Justice Minister Quits,The New York Times,2020,4,25,59,1,0,0,-1
Durham Inquiry Includes Scrutiny of a Media Leak,The New York Times,2020,4,25,59,1,0,0,0
"Trump’s Temporary Halt to Immigration Is Part of Broader Plan, Stephen Miller Says",The New York Times,2020,4,25,59,1,0,0,0
Biden Will Fund-Raise With D.N.C. and His Appointee Will Lead the Committee,The New York Times,2020,4,25,59,1,0,0,1
Black Leaders Want a Black Woman as Biden’s Running Mate. But Who?,The New York Times,2020,4,25,59,1,0,0,-1
Biden Steps Up Warnings of Possible Trump Disruption of Election,The New York Times,2020,4,25,59,1,0,0,0
Biden Leads Trump in Key States. But Hillary Clinton Led by More.,The New York Times,2020,4,25,59,1,0,0,0
"Some Companies Seeking Bailouts Had Piles of Cash, Then Spent It",The New York Times,2020,4,25,59,1,0,0,-1
The Tax-Break Bonanza Inside the Economic Rescue Package,The New York Times,2020,4,25,59,1,0,0,1
"Frantic for Coronavirus Gear, Americans in Need Turn to China’s Elite",The New York Times,2020,4,25,59,1,0,0,-1
Zoom’s Biggest Rivals Are Coming for It,The New York Times,2020,4,25,59,1,0,0,1
Amazon Loses Appeal of French Order to Stop Selling Nonessential Items,The New York Times,2020,4,25,59,1,0,0,-1
Our Ingenuity Shapes Facebook,The New York Times,2020,4,25,59,1,0,0,1
A Stripped-Down N.F.L. Draft Turns Out to Be Pretty Special,The New York Times,2020,4,25,59,1,0,0,0
Why Phil Jackson Needs ‘The Last Dance’,The New York Times,2020,4,25,59,1,0,0,1
2020 N.F.L. Draft: What We Learned,The New York Times,2020,4,25,59,1,0,0,1
"Twist, Bend, Reach, Step: A Merce Cunningham Solo Anyone Can Try",The New York Times,2020,4,25,59,1,0,0,1
How the Met Opera Is Throwing a Gala Concert With Smartphones,The New York Times,2020,4,25,59,1,0,0,-1
How to Make It in America as a Professional Falconer,The New York Times,2020,4,25,59,1,0,0,1
"March, April, May: City’s Mood Darkens as Crisis Feels Endless",The New York Times,2020,4,25,59,1,0,0,-1
"‘I Like It, Actually’: Why So Many Older People Thrive in Lockdown",The New York Times,2020,4,25,59,1,0,0,1
‘Playing Russian Roulette’: Nursing Homes Told to Take the Infected,The New York Times,2020,4,25,59,1,0,0,-1
"Richard Sobol, Civil Rights Lawyer in the South, Dies at 82",The New York Times,2020,4,25,59,1,0,0,-1
"Fred the Godson, Nimble New York Rapper, Dies at 41",The New York Times,2020,4,25,59,1,0,0,-1
"Henry F. Graff, Columbia Historian of Presidents, Dies at 98",The New York Times,2020,4,25,59,1,0,0,-1
Failing to Help Those Who Need It Most,The New York Times,2020,4,25,59,1,0,0,-1
"Take It From Me, Voter Fraud Is Part of the G.O.P. Playbook",The New York Times,2020,4,25,59,1,0,0,-1
America Shouldn’t Have to Play by New York Rules,The New York Times,2020,4,25,59,1,0,0,1
G.O.P. Split Over State Aid That Could Mostly Go to Democratic Strongholds,The New York Times,2020,5,12,60,1,0,0,-1
Tribal Nations Face Most Severe Crisis in Decades as the Coronavirus Closes Casinos,The New York Times,2020,5,12,60,1,0,0,-1
China Is Defensive. The U.S. Is Absent. Can the Rest of the World Fill the Void?,The New York Times,2020,5,12,60,1,0,0,-1
Victim or Executioner? Let the Computer Decide,The New York Times,2020,5,12,60,1,0,0,-1
The Cities We Need,The New York Times,2020,5,12,60,1,0,0,1
"A Coronavirus Mystery Explained: Moscow Has 1,700 Extra Deaths",The New York Times,2020,5,12,60,1,0,0,-1
Bafflement Greets Boris Johnson’s Plan for Reopening Britain,The New York Times,2020,5,12,60,1,0,0,-1
Iranian Friendly Fire Kills 19 in 2nd Missile Accident of Year,The New York Times,2020,5,12,60,1,0,0,-1
How Do You Enforce a Law That Tramples the Land of the Free?,The New York Times,2020,5,12,60,1,0,0,-1
"After Months Apart, Mother’s Day Visits Through a Doorway",The New York Times,2020,5,12,60,1,0,0,0
Children Gravely Ill With Covid-19 Often Had Other Medical Conditions,The New York Times,2020,5,12,60,1,0,0,-1
White House Orders Staff to Wear Masks as Trump Misrepresents Testing Record,The New York Times,2020,5,12,60,1,0,0,-1
Why Kamala Harris Isn’t Clamoring to Be Biden’s Running Mate,The New York Times,2020,5,12,60,1,0,0,1
Momentous Choices for Supreme Court as It Hears Trump Financial Records Cases,The New York Times,2020,5,12,60,1,0,0,1
Why Get All Made Up With Nowhere to Go?,The New York Times,2020,5,12,60,1,0,0,-1
"As Banks Stumble in Delivering Aid, Congress Weighs Other Options",The New York Times,2020,5,12,60,1,0,0,-1
Why Economic Pain Could Persist Even After the Pandemic Is Contained,The New York Times,2020,5,12,60,1,0,0,-1
Employers Rush to Adopt Virus Screening. The Tools May Not Help Much.,The New York Times,2020,5,12,60,1,0,0,-1
Jeffrey Katzenberg Blames Pandemic for Quibi’s Rough Start,The New York Times,2020,5,12,60,1,0,0,-1
"App Shows Promise in Tracking New Coronavirus Cases, Study Finds",The New York Times,2020,5,12,60,1,0,0,1
Can the N.F.L. Really Return to Normal This Fall?,The New York Times,2020,5,12,60,1,0,0,-1
M.L.B. Proposes an 82-Game Season Starting in July,The New York Times,2020,5,12,60,1,0,0,1
"Andrés Iniesta Plots a Return to Barcelona, Where the Beauty Is Gone",The New York Times,2020,5,12,60,1,0,0,1
"For the Public Library, Martha Graham Is the Missing Link",The New York Times,2020,5,12,60,1,0,0,0
"Reader, She Didn’t Marry Him. Curtis Sittenfeld’s ‘Rodham’ Reimagines Hillary.",The New York Times,2020,5,12,60,1,0,0,-1
The Social-Distancing Shamers Are Watching,The New York Times,2020,5,12,60,1,0,0,-1
New York to Begin Limited Reopening in Upstate Region,The New York Times,2020,5,12,60,1,0,0,-1
"Hasidic Jews, Hit Hard by the Outbreak, Flock to Donate Plasma",The New York Times,2020,5,12,60,1,0,0,-1
A Drive-By Art Show Turns Lawns and Garages Into Galleries,The New York Times,2020,5,12,60,1,0,0,0
"Eat Rat, Make New Body: Easy Stuff for Pythons",The New York Times,2020,5,12,60,1,0,0,1
"As States Rush to Reopen, Scientists Fear a Coronavirus Comeback",The New York Times,2020,5,12,60,1,0,0,0
A Pandemic Benefit: The Expansion of Telemedicine,The New York Times,2020,5,12,60,1,0,0,1
"Jerry Stiller, Comedian With Enduring Appeal, Is Dead at 92",The New York Times,2020,5,12,60,1,0,0,-1
"Barbara Babcock, a Force for Women in the Law, Dies at 81",The New York Times,2020,5,12,60,1,0,0,-1
"Thomas Reppetto, Crime Watchdog and Historian, Is Dead at 88",The New York Times,2020,5,12,60,1,0,0,-1
The Elites Were Living High. Then Came the Fall.,The New York Times,2020,5,12,60,1,0,0,-1
10-4: How to Reopen the Economy by Exploiting the Coronavirus’s Weak Spot,The New York Times,2020,5,12,60,1,0,0,0
We’re All Casualties of Trump’s War on Science,The New York Times,2020,5,12,60,1,0,0,-1
"At Senate Hearing, Government Experts Paint Bleak Picture of the Pandemic",The New York Times,2020,5,13,61,1,0,0,0
Supreme Court Hints at Split Decision in Two Cases on Obtaining Trump’s Financial Records,The New York Times,2020,5,13,61,1,0,0,-1
Latin America’s Outbreaks Now Rival Europe’s. But Its Options Are Worse.,The New York Times,2020,5,13,61,1,0,0,-1
"In Israel, Modern Medicine Grapples With Ghosts of the Third Reich",The New York Times,2020,5,13,61,1,0,0,0
Nobody Is Protected From President Trump,The New York Times,2020,5,13,61,1,0,0,-1
‘I’ve Never Made Myself Out to Be the End All’: Fauci and Paul Clash,The New York Times,2020,5,13,61,1,0,0,1
Supreme Court Hears Oral Arguments On Trump Tax Return Case,The New York Times,2020,5,13,61,1,0,0,1
Health Experts Warn Against a Rapid Reopening of the Nation,The New York Times,2020,5,13,61,1,0,0,-1
"From Maternity Ward to Cemetery, a Morning of Murder in Afghanistan",The New York Times,2020,5,13,61,1,0,0,-1
‘The New Church of England’: Coronavirus Renews Pride in U.K.’s Health Service,The New York Times,2020,5,13,61,1,0,0,1
Modi Announces $260 Billion Coronavirus Rescue Package for India,The New York Times,2020,5,13,61,1,0,0,1
"Fearing a Second Wave, Cal State Will Keep Classes Online in the Fall",The New York Times,2020,5,13,61,1,0,0,-1
The Citizen’s Arrest Law Cited in Arbery’s Killing Dates Back to the Civil War,The New York Times,2020,5,13,61,1,0,0,-1
"For a City Already in a ‘Death Spiral,’ What’s After Lockdown?",The New York Times,2020,5,13,61,1,0,0,-1
Judge Hesitates to Accept Justice Dept. Move to Drop Flynn Charge,The New York Times,2020,5,13,61,1,0,0,-1
Trump Is Courting Black Voters. His Failures on the Virus Are a Problem.,The New York Times,2020,5,13,61,1,0,0,-1
"Mike Garcia, G.O.P. House Candidate, Is Ahead in California",The New York Times,2020,5,13,61,1,0,0,1
"Patagonia, Quick to Close, Could Be Last to Reopen",The New York Times,2020,5,13,61,1,0,0,-1
A Flower Shop Reinvented to Reopen,The New York Times,2020,5,13,61,1,0,0,-1
China’s Coronavirus Back-to-Work Lessons: Masks and Vigilance,The New York Times,2020,5,13,61,1,0,0,0
This Was Supposed to Be the Year Driverless Cars Went Mainstream,The New York Times,2020,5,13,61,1,0,0,-1
Uber Said to Be in Talks to Acquire Grubhub,The New York Times,2020,5,13,61,1,0,0,-1
"Making Workplaces ‘Safe,’ and Weird",The New York Times,2020,5,13,61,1,0,0,1
"Starved for Action, Bettors Turn Nebraska Horse Track Into Must-See TV",The New York Times,2020,5,13,61,1,0,0,-1
U.F.C.’s Coronavirus Plan Is Careful. Its Enforcement Has Been Spotty.,The New York Times,2020,5,13,61,1,0,0,-1
A Big Youth Baseball Tournament Was Played in Missouri. Was It Too Soon?,The New York Times,2020,5,13,61,1,0,0,-1
The Daily Call That 200 Arts Groups Hope Will Help Them Survive,The New York Times,2020,5,13,61,1,0,0,0
What Do We Lose When Cannes Is Canceled?,The New York Times,2020,5,13,61,1,0,0,1
"Curtains for Broadway: No Shows Until Labor Day, at Least",The New York Times,2020,5,13,61,1,0,0,-1
Manhattan Faces a Reckoning if Working From Home Becomes the Norm,The New York Times,2020,5,13,61,1,0,0,0
"Hasidic Jews, Hit Hard by the Outbreak, Flock to Donate Plasma",The New York Times,2020,5,13,61,1,0,0,-1
What Hardcore New Yorkers Really Miss,The New York Times,2020,5,13,61,1,0,0,-1
"For Bookstore Owners, Reopening Holds Promise and Peril",The New York Times,2020,5,13,61,1,0,0,1
‘Hamilton’ Movie Will Stream on Disney Plus on July 3,The New York Times,2020,5,13,61,1,0,0,1
NBC Trades Radio City for a Livestream to Give Advertisers a Taste of Fall,The New York Times,2020,5,13,61,1,0,0,-1
Breaking the Ramadan Fast in Quarantine,The New York Times,2020,5,13,61,1,0,0,-1
What to Do With 50 Pounds of Potatoes? The Quandaries of Bulk Buying,The New York Times,2020,5,13,61,1,0,0,-1
How to Make the Most of Potatoes,The New York Times,2020,5,13,61,1,0,0,1
"Jimmy Glenn, Ex-Boxer Whose Times Square Bar Endures, Dies at 89",The New York Times,2020,5,13,61,1,0,0,-1
"Jaquelin Taylor Robertson, Architect and Passionate Urbanist, Dies at 87",The New York Times,2020,5,13,61,1,0,0,-1
"Ann McBride Norton, First Woman to Run Common Cause, Dies at 75",The New York Times,2020,5,13,61,1,0,0,-1
"No, Your FOIA Request Cannot Wait ‘Until This Emergency Is Over’",The New York Times,2020,5,13,61,1,0,0,0
I’m Sick of Asking Children to Be Resilient,The New York Times,2020,5,13,61,1,0,0,1
The Spaces That Make Cities Fairer and More Resilient,The New York Times,2020,5,13,61,1,0,0,1
Milley Apologizes for Role in Trump Photo Op: ‘I Should Not Have Been There’,The New York Times,2020,6,12,62,1,0,0,-1
‘A Slap in the Face’: Black Veterans on Bases Named for Confederates,The New York Times,2020,6,12,62,1,0,0,-1
Federal Arrests Show No Sign That Antifa Plotted Protests,The New York Times,2020,6,12,62,1,0,0,-1
Europe Resurfaces to Find Odd Mix of the Familiar and the Alien,The New York Times,2020,6,12,62,1,0,0,1
Why Does Trump Lie?,The New York Times,2020,6,12,62,1,0,0,-1
"George Floyd Protests Inspire Fresh Scrutiny of Policing in Europe, Too",The New York Times,2020,6,12,62,1,0,0,1
"As Floating Propaganda Irks North Korea, the South Isn’t Happy Either",The New York Times,2020,6,12,62,1,0,0,-1
U.S. to Penalize War Crimes Investigators Looking Into American Troops,The New York Times,2020,6,12,62,1,0,0,-1
"After Tragedy, Making a Place to Gather for Support and Solidarity",The New York Times,2020,6,12,62,1,0,0,1
Take a Look at How Covid-19 Is Changing Meatpacking Plants,The New York Times,2020,6,12,62,1,0,0,0
"Police the Public, or Protect It? For a U.S. in Crisis, Hard Lessons From Other Countries",The New York Times,2020,6,12,62,1,0,0,-1
"As Public Opinion Shifts on Racism, Trump Digs In",The New York Times,2020,6,12,62,1,0,0,-1
Georgia Havoc Raises New Doubts on Pricey Voting Machines,The New York Times,2020,6,12,62,1,0,0,-1
Biden’s Brain Trust on the Economy: Liberal and Sworn to Silence,The New York Times,2020,6,12,62,1,0,0,1
"Investors, No Longer in Denial About Grim Outlook, Drive Market Down",The New York Times,2020,6,12,62,1,0,0,-1
China’s Street Vendor Push Ignites a Debate: How Rich Is It?,The New York Times,2020,6,12,62,1,0,0,0
Sobering Jobs Outlook: ‘We’re Expecting a Long Haul’,The New York Times,2020,6,12,62,1,0,0,1
Zoom Blocks Activist in U.S. After China Objects to Tiananmen Vigil,The New York Times,2020,6,12,62,1,0,0,-1
Lawmakers Push to Invest Billions in Semiconductor Industry to Counter China,The New York Times,2020,6,12,62,1,0,0,-1
Amazon Set to Face Antitrust Charges in European Union,The New York Times,2020,6,12,62,1,0,0,-1
Stephen Jackson Was Known in the N.B.A. as an Agitator. Now He’s Leading a Movement.,The New York Times,2020,6,12,62,1,0,0,1
Top International Players Uneasy on U.S. Open Plan as Decision Nears,The New York Times,2020,6,12,62,1,0,0,-1
When the Title Arrives in a Text Message,The New York Times,2020,6,12,62,1,0,0,-1
Faith Ringgold Will Keep Fighting Back,The New York Times,2020,6,12,62,1,0,0,1
Museums Collect Protest Signs to Preserve History in Real Time,The New York Times,2020,6,12,62,1,0,0,1
Museums Are Finally Taking a Stand. But Can They Find Their Footing?,The New York Times,2020,6,12,62,1,0,0,0
"The Swinging, Jamming Musical Charms of 1940s Soundies",The New York Times,2020,6,12,62,1,0,0,1
"If You Want to Learn About the L.A. Rebellion Filmmakers, Start Here",The New York Times,2020,6,12,62,1,0,0,1
‘The King of Staten Island’ Review: Pete Davidson Gets (Even More) Personal,The New York Times,2020,6,12,62,1,0,0,1
A School Admissions Process That Caused Segregation Fell Apart in Weeks,The New York Times,2020,6,12,62,1,0,0,-1
How the New York Protest Leaders Are Taking On the Establishment,The New York Times,2020,6,12,62,1,0,0,0
"Protests Upend Mayor’s Race, and Eyes Turn to Jumaane Williams",The New York Times,2020,6,12,62,1,0,0,-1
Pittsburgh Post-Gazette Staff Revolts Over Sidelining of 2 Black Colleagues,The New York Times,2020,6,12,62,1,0,0,-1
"Snapchat Expands Deals With N.F.L., Disney and Others",The New York Times,2020,6,12,62,1,0,0,1
"Food Brands Tweet #BlackLivesMatter, but What’s Behind the Words?",The New York Times,2020,6,12,62,1,0,0,-1
"Murray Olderman, Who Both Wrote and Drew About Sports, Dies at 98",The New York Times,2020,6,12,62,1,0,0,-1
"Roberto Faraone Mennella, Jewelry Innovator, Is Dead at 48",The New York Times,2020,6,12,62,1,0,0,-1
"Pete Rademacher, 1956 Olympic Boxing Champion, Dies at 91",The New York Times,2020,6,12,62,1,0,0,-1
Ritchie Torres for Congress in the Bronx,The New York Times,2020,6,12,62,1,0,0,1
Trump’s Grotesque Tulsa Trip,The New York Times,2020,6,12,62,1,0,0,-1
Coronavirus Could Make America’s Gun Problem Even Deadlier,The New York Times,2020,6,12,62,1,0,0,1
Slowing the Coronavirus Is Speeding the Spread of Other Diseases,The New York Times,2020,6,15,63,1,0,0,-1
"A War Against Climate Science, Waged by Washington’s Rank and File",The New York Times,2020,6,15,63,1,0,0,-1
Police Chiefs Are Finding Job Security Is Hard to Come By,The New York Times,2020,6,15,63,1,0,0,0
The Pandemic Claims New Victims: Prestigious Medical Journals,The New York Times,2020,6,15,63,1,0,0,-1
"As a Black Doctor, Should I Choose My Skin Color or My Health?",The New York Times,2020,6,15,63,1,0,0,1
"In an English City, an Early Benefactor Is Now ‘a Toxic Brand’",The New York Times,2020,6,15,63,1,0,0,-1
"Desperate for Any Coronavirus Care, Afghans Flock to Herbalist’s ‘Vaccine’",The New York Times,2020,6,15,63,1,0,0,-1
"For Migrants in Russia, Virus Means No Money to Live and No Way to Leave",The New York Times,2020,6,15,63,1,0,0,-1
How Rayshard Brooks Was Fatally Shot by the Atlanta Police,The New York Times,2020,6,15,63,1,0,0,0
Police Killings Prompt Reassessment of Laws Allowing Deadly Force,The New York Times,2020,6,15,63,1,0,0,-1
A Canal That Opened the Montana Prairie May Soon Dry Up,The New York Times,2020,6,15,63,1,0,0,-1
The Woman Who Took Down a Confederate Flag on What Came Next,The New York Times,2020,6,15,63,1,0,0,1
G.O.P. Congressman Is Ousted From Right After Officiating at Same-Sex Wedding,The New York Times,2020,6,15,63,1,0,0,-1
Trump’s Halting Walk Down Ramp Raises New Health Questions,The New York Times,2020,6,15,63,1,0,0,-1
"Trading Sportsbooks for Brokerages, Bored Bettors Wager on Stocks",The New York Times,2020,6,15,63,1,0,0,-1
"Break the China Habit? Lobsters, Lights and Toilets Show How Hard It Is",The New York Times,2020,6,15,63,1,0,0,-1
Fears for Volvo Expose Sour Turn in Sweden’s Ties With China,The New York Times,2020,6,15,63,1,0,0,-1
We Went Inside a Sports ‘Bubble.’ Here’s What We Saw.,The New York Times,2020,6,15,63,1,0,0,1
Texas Football Players Call on University to Drop a Song Steeped in Racist History,The New York Times,2020,6,15,63,1,0,0,-1
An Early Audible for Colleges Starting New Football Teams,The New York Times,2020,6,15,63,1,0,0,1
The Long Battle Over ‘Gone With the Wind’,The New York Times,2020,6,15,63,1,0,0,0
A Homecoming of Good Fortune for an Artist’s Pile of Cookies,The New York Times,2020,6,15,63,1,0,0,1
The Artist’s Caretaker: Once He Controlled Everything. No More.,The New York Times,2020,6,15,63,1,0,0,-1
"How 2 Lives Collided in Central Park, Rattling the Nation",The New York Times,2020,6,15,63,1,0,0,1
"New York Police Will Stop Enforcing Street-Vendor Laws, but Questions Linger",The New York Times,2020,6,15,63,1,0,0,0
"She Survived the Coronavirus. Then She Got a $400,000 Medical Bill.",The New York Times,2020,6,15,63,1,0,0,0
"Chris Wallace, Insider and Outlier at Fox News",The New York Times,2020,6,15,63,1,0,0,1
"Maria Ressa, Crusading Journalist, Is Convicted in Philippines Libel Case",The New York Times,2020,6,15,63,1,0,0,-1
Newsrooms Are in Revolt. The Bosses Are in Their Country Houses.,The New York Times,2020,6,15,63,1,0,0,-1
"Cynthia Navaretta, Who Promoted Female Artists, Is Dead at 97",The New York Times,2020,6,15,63,1,0,0,-1
"Harry Glickman, Who Brought Basketball to Oregon, Dies at 96",The New York Times,2020,6,15,63,1,0,0,-1
"James Harvey, Who Wrote About Hollywood’s Heyday, Is Dead at 90",The New York Times,2020,6,15,63,1,0,0,-1
An Insatiable Rage,The New York Times,2020,6,15,63,1,0,0,1
More People Will Be Fired in the Pandemic. Let’s Talk About It.,The New York Times,2020,6,15,63,1,0,0,-1
The Pandemic and Protests Have Exposed the Truth About California,The New York Times,2020,6,15,63,1,0,0,1
Trump Uses Mount Rushmore Speech to Deliver Divisive Culture War Message,The New York Times,2020,7,4,64,1,0,0,-1
European Workers Draw Paychecks. American Workers Scrounge for Food.,The New York Times,2020,7,4,64,1,0,0,0
"Virus Surges in Arizona, but the Rodeo Goes On",The New York Times,2020,7,4,64,1,0,0,0
"As Neo-Nazis Seed Military Ranks, Germany Confronts ‘an Enemy Within’",The New York Times,2020,7,4,64,1,0,0,1
Goodbye to a Symbol That Told Black Americans to ‘Know Your Place’,The New York Times,2020,7,4,64,1,0,0,-1
Macron Replaces France’s Prime Minister in Bid to Reinvigorate His Government,The New York Times,2020,7,4,64,1,0,0,1
‘I Thought I Would Die’: Inside Myanmar’s Risky Pursuit of Jade,The New York Times,2020,7,4,64,1,0,0,0
"Russia Denies Paying Bounties, but Some Say the U.S. Had It Coming",The New York Times,2020,7,4,64,1,0,0,-1
New Administration Memo Seeks to Foster Doubts About Suspected Russian Bounties,The New York Times,2020,7,4,64,1,0,0,-1
‘They Have Lost Control’: Why Minneapolis Burned,The New York Times,2020,7,4,64,1,0,0,-1
"2 Officers Face Murder Charges After Using Taser on Man More Than 50 Times, Officials Say",The New York Times,2020,7,4,64,1,0,0,-1
"Kimberly Guilfoyle, Top Fund-Raising Official for Trump Campaign, Tests Positive for Coronavirus",The New York Times,2020,7,4,64,1,0,0,-1
"Latinos Back Black Lives Matter Protests. They Want Change for Themselves, Too.",The New York Times,2020,7,4,64,1,0,0,-1
Black Lives Matter May Be the Largest Movement in U.S. History,The New York Times,2020,7,4,64,1,0,0,1
"It’s July 4, but the Firework Shows Won’t Go On",The New York Times,2020,7,4,64,1,0,0,-1
"For Maine Lobstermen, a Perfect Storm Threatens the Summer Season",The New York Times,2020,7,4,64,1,0,0,0
"A Beverly Hills Hotel, Bought With Looted Money, Goes on Sale",The New York Times,2020,7,4,64,1,0,0,-1
"With Much of the World’s Economy Slowed Down, Green Energy Powers On",The New York Times,2020,7,4,64,1,0,0,1
Can an Algorithm Predict the Pandemic’s Next Moves?,The New York Times,2020,7,4,64,1,0,0,-1
How Infrared Images Could Be Part of Your Daily Life,The New York Times,2020,7,4,64,1,0,0,1
Washington and the N.F.L. Might Change the Redskins Name. Why Now?,The New York Times,2020,7,4,64,1,0,0,-1
Washington Redskins’ Name Review Follows Years of Protest,The New York Times,2020,7,4,64,1,0,0,-1
Tennis Tours Debate Ranking Systems Frozen by the Coronavirus,The New York Times,2020,7,4,64,1,0,0,-1
"Frederick Douglass, Seen Up Close",The New York Times,2020,7,4,64,1,0,0,1
Lifting the Cone of Silence From Black Composers,The New York Times,2020,7,4,64,1,0,0,1
"Protesting U.S. Immigration Policies, Artists Aim for the Sky",The New York Times,2020,7,4,64,1,0,0,1
"‘Free Again’: New Yorkers, Virus in Mind, Head Back to Their Beaches",The New York Times,2020,7,4,64,1,0,0,0
Could New York Finally Become a Bike City?,The New York Times,2020,7,4,64,1,0,0,1
How a Covid-19 Contact Tracer Spends Her Sundays,The New York Times,2020,7,4,64,1,0,0,0
The Music Industry Is Wrestling With Race. Here’s What It Has Promised.,The New York Times,2020,7,4,64,1,0,0,1
Hedge Fund’s Run at Tribune Publishing Ends With a New Board Seat,The New York Times,2020,7,4,64,1,0,0,0
"The Mug Shot, a Crime Story Staple, Is Dropped by Some Newsrooms and Police",The New York Times,2020,7,4,64,1,0,0,-1
"Lester Grinspoon, Influential Marijuana Scholar, Dies at 92",The New York Times,2020,7,4,64,1,0,0,-1
"Lonnie Wheeler, 68, Dies; Helped Ballplayers Tell Their Stories",The New York Times,2020,7,4,64,1,0,0,1
"Mass Transit, and Cities, Could Grind to a Halt Without Federal Aid",The New York Times,2020,7,4,64,1,0,0,-1
"A Cheap, Simple Way to Control the Coronavirus",The New York Times,2020,7,4,64,1,0,0,1
Let’s Finish the American Revolution,The New York Times,2020,7,4,64,1,0,0,1
Florida Breaks U.S. Coronavirus Record for Most New Cases in a Day,The New York Times,2020,7,13,65,1,0,0,1
"How Russia Built a Channel to the Taliban, Once an Enemy",The New York Times,2020,7,13,65,1,0,0,-1
"Fracking Firms Fail, Rewarding Executives and Raising Climate Fears",The New York Times,2020,7,13,65,1,0,0,-1
Pittsburgh Seemed Like a Virus Success Story. Now Cases Are Surging.,The New York Times,2020,7,13,65,1,0,0,1
What Trump Wants From Roger Stone,The New York Times,2020,7,13,65,1,0,0,1
Poland’s Presidential Election Too Close to Call,The New York Times,2020,7,13,65,1,0,0,-1
"To ‘Protect Young Minds,’ Hong Kong Moves to Overhaul Schools",The New York Times,2020,7,13,65,1,0,0,0
"As India Struggles With Coronavirus, Bollywood’s Biggest Star Tests Positive",The New York Times,2020,7,13,65,1,0,0,1
Navy Ship Continues to Burn Off San Diego After Fire Injures 57,The New York Times,2020,7,13,65,1,0,0,-1
"2 Police Officers Are Shot and Killed in McAllen, Texas",The New York Times,2020,7,13,65,1,0,0,0
"Texas Hospital Says Man, 30, Died After Attending a ‘Covid Party’",The New York Times,2020,7,13,65,1,0,0,-1
Trump Aides Undercut Fauci as He Speaks Up on Virus Concerns,The New York Times,2020,7,13,65,1,0,0,-1
What Donald Trump’s ‘Access Hollywood’ Weekend Says About 2020,The New York Times,2020,7,13,65,1,0,0,1
Trump vs. the Women Who Lead Michigan: A Battle With 2020 Implications,The New York Times,2020,7,13,65,1,0,0,-1
"California, After Riding a Boom, Braces for Hard Times",The New York Times,2020,7,13,65,1,0,0,0
OPEC and Russia May Ease Oil Production Cuts,The New York Times,2020,7,13,65,1,0,0,-1
"By Praising Trump, Goya President Angers His Core Latino Market",The New York Times,2020,7,13,65,1,0,0,-1
How May Google Fight an Antitrust Case? Look at This Little-Noticed Paper,The New York Times,2020,7,13,65,1,0,0,-1
"When Scholars Collaborate With Tech Companies, How Reliable Are the Findings?",The New York Times,2020,7,13,65,1,0,0,1
An Evangelist for Remote Work Sees the Rest of the World Catch On,The New York Times,2020,7,13,65,1,0,0,1
ESPN Employees Say Racism Endures Behind the Camera,The New York Times,2020,7,13,65,1,0,0,-1
ESPN Suspends N.B.A. Reporter for Vulgar Reply to Senator,The New York Times,2020,7,13,65,1,0,0,-1
"In Campaign Against Racism, Team Names Get New Scrutiny",The New York Times,2020,7,13,65,1,0,0,-1
"Eastward, Ho! Even Art Is Leaving for the Hamptons",The New York Times,2020,7,13,65,1,0,0,1
Yacht Rock Revue Kicks Off First Night of Drive-In Concerts in Indiana,The New York Times,2020,7,13,65,1,0,0,1
Appeals Court Sends the Case of a Pink $40 Million Diamond to Trial,The New York Times,2020,7,13,65,1,0,0,-1
11-Year-Old and 2 Teenagers Killed in Crash of Cars Doing ‘Doughnuts’,The New York Times,2020,7,13,65,1,0,0,-1
Live Music Returns to the Shore: ‘It’s Like Getting Your Life Back’,The New York Times,2020,7,13,65,1,0,0,1
Hunger Is Worsening. Here Are 7 Ways New Yorkers Are Addressing It.,The New York Times,2020,7,13,65,1,0,0,-1
"While America Looks Away, Autocrats Crack Down on Digital News Sites",The New York Times,2020,7,13,65,1,0,0,-1
Chatham Hedge Fund Has the Winning Bid for McClatchy Newspapers,The New York Times,2020,7,13,65,1,0,0,0
The Jewish Week Pauses Its Print Edition,The New York Times,2020,7,13,65,1,0,0,-1
"Marlo, a Rising Atlanta Rapper With Big Connections, Is Shot and Killed at 30",The New York Times,2020,7,13,65,1,0,0,-1
"Marga Richter, Composer in a Male-Dominated Era, Dies at 93",The New York Times,2020,7,13,65,1,0,0,-1
"Lucius Barker, Expert on Race in American Politics, Dies at 92",The New York Times,2020,7,13,65,1,0,0,-1
"American Horror, Starring Donald Trump",The New York Times,2020,7,13,65,1,0,0,0
Dear Liberal Arts Students: Seize This Moment,The New York Times,2020,7,13,65,1,0,0,1
I Was a Counterterrorism Chief. Trump Knew What Russia Was Doing.,The New York Times,2020,7,13,65,1,0,0,1
"Republicans, Deeply Divided on Virus Aid, Near Agreement on an Opening Offer",The New York Times,2020,7,23,66,1,0,0,-1
Pfizer Gets $1.95 Billion to Produce Coronavirus Vaccine by Year’s End,The New York Times,2020,7,23,66,1,0,0,0
U.S. Hospitalizations for the Coronavirus Near April Peak,The New York Times,2020,7,23,66,1,0,0,-1
‘The Whole of Liberal Democracy Is in Grave Danger at This Moment’,The New York Times,2020,7,23,66,1,0,0,-1
Trump’s Remedy for Low Poll Numbers: Reminding People Polls Can Be Wrong,The New York Times,2020,7,23,66,1,0,0,-1
A Girl’s Heroic Battle Against the Taliban Was Also a Family Feud,The New York Times,2020,7,23,66,1,0,0,1
"U.S. Orders China to Close Houston Consulate, Citing Efforts to Steal Trade Secrets",The New York Times,2020,7,23,66,1,0,0,-1
"For Palestinian Police, Much to Lose if Israel Annexes West Bank Land",The New York Times,2020,7,23,66,1,0,0,-1
"To Battle a Militarized Foe, Portland Protesters Use Umbrellas, Pool Noodles and Fire",The New York Times,2020,7,23,66,1,0,0,0
"U.S. Northeast, Pummeled in the Spring, Now Stands Out in Virus Control",The New York Times,2020,7,23,66,1,0,0,1
"Facing ‘a Lot of Blowback,’ Trump’s Surgeon General Steps Up",The New York Times,2020,7,23,66,1,0,0,-1
Congressional Republicans Are Close to Revolt Over Stimulus Aid,The New York Times,2020,7,23,66,1,0,0,-1
House Votes to Remove Confederate Statues From U.S. Capitol,The New York Times,2020,7,23,66,1,0,0,1
Ocasio-Cortez Upbraids Republican After He Denies Vulgarly Insulting Her,The New York Times,2020,7,23,66,1,0,0,-1
Tesla Turns a Profit in a Pandemic-Squeezed Quarter,The New York Times,2020,7,23,66,1,0,0,-1
Hearst Employees Say Magazine Boss Led Toxic Culture,The New York Times,2020,7,23,66,1,0,0,-1
The New York Times Co. Names Meredith Kopit Levien as Chief Executive,The New York Times,2020,7,23,66,1,0,0,1
The Amazon Critic Who Saw Its Power From the Inside,The New York Times,2020,7,23,66,1,0,0,1
Slack Accuses Microsoft of Illegally Crushing Competition,The New York Times,2020,7,23,66,1,0,0,-1
E.P.A. Proposes Airplane Emission Standards That Airlines Already Meet,The New York Times,2020,7,23,66,1,0,0,0
Baseball Enters the Unknown,The New York Times,2020,7,23,66,1,0,0,-1
The N.B.A. Is Back. This Is What Pandemic Basketball Looks Like.,The New York Times,2020,7,23,66,1,0,0,0
"The N.H.L. Is Back but Full Paychecks Are Not, Some Employees Say",The New York Times,2020,7,23,66,1,0,0,-1
"His Name Is Joseph Boulogne, Not ‘Black Mozart’",The New York Times,2020,7,23,66,1,0,0,0
Firing of Museum Director Stirs Debate and an Official Inquiry,The New York Times,2020,7,23,66,1,0,0,-1
"Clint Eastwood Sues, Says He Has Nothing to Do With CBD Products",The New York Times,2020,7,23,66,1,0,0,-1
‘Blue Lives Matter’ and ‘Defund the Police’ Clash in the Streets,The New York Times,2020,7,23,66,1,0,0,0
‘Occupy City Hall’ Encampment Taken Down in Pre-Dawn Raid by N.Y.P.D.,The New York Times,2020,7,23,66,1,0,0,-1
2 Killed in Jet Ski Crash as Waters Get Crowded During Pandemic,The New York Times,2020,7,23,66,1,0,0,-1
"Can You Get Covid-19 Again? It’s Very Unlikely, Experts Say",The New York Times,2020,7,23,66,1,0,0,0
The U.S. Commits to Buying Millions of Vaccine Doses. Why That’s Unusual.,The New York Times,2020,7,23,66,1,0,0,-1
"Study Links Gas Flares to Preterm Births, With Hispanic Women at High Risk",The New York Times,2020,7,23,66,1,0,0,-1
The Fight for Fertility Equality,The New York Times,2020,7,23,66,1,0,0,0
House Calls for Everything!,The New York Times,2020,7,23,66,1,0,0,1
‘Total Bellas’ Refuse to Be Knocked Out by Quarantine,The New York Times,2020,7,23,66,1,0,0,1
"Andrew Mlangeni, Ally of Mandela in Anti-Apartheid Struggle, Dies at 95",The New York Times,2020,7,23,66,1,0,0,-1
"Annie Ross, Jazz Vocalist of ‘Twisted’ Renown, Dies at 89",The New York Times,2020,7,23,66,1,0,0,-1
"Charles Evers, Businessman and Civil Rights Leader, Dies at 97",The New York Times,2020,7,23,66,1,0,0,-1
"The Hagia Sophia Was a Cathedral, a Mosque and a Museum. It’s Converting Again.",The New York Times,2020,7,23,66,1,0,0,0
God Help Us if Judy Shelton Joins the Fed,The New York Times,2020,7,23,66,1,0,0,-1
Gretchen Whitmer: What if Trump Made Everyone Wear Masks?,The New York Times,2020,7,23,66,1,0,0,-1
"As Republicans Embrace Cut in Jobless Aid, Divisions Weaken Their Leverage",The New York Times,2020,7,28,67,1,0,0,-1
The Doctor Behind the Disputed Covid Data,The New York Times,2020,7,28,67,1,0,0,1
Miami Marlins Outbreak Postpones 2 Games and Rocks M.L.B.’s Return,The New York Times,2020,7,28,67,1,0,0,-1
These Businesses Lasted Decades. The Virus Closed Them for Good.,The New York Times,2020,7,28,67,1,0,0,0
‘That’s Ridiculous.’ How America’s Coronavirus Response Looks Abroad.,The New York Times,2020,7,28,67,1,0,0,-1
South Korea Confirms a Defector Swam Back to the North,The New York Times,2020,7,28,67,1,0,0,-1
"Of Wine, Hand Sanitizer and Heartbreak",The New York Times,2020,7,28,67,1,0,0,-1
"Poland Considers Leaving Treaty on Domestic Violence, Spurring Outcry",The New York Times,2020,7,28,67,1,0,0,-1
A Small Georgia City Plans to Put Students in Classrooms This Week,The New York Times,2020,7,28,67,1,0,0,1
"Hoping to Understand the Virus, Everyone Is Parsing a Mountain of Data",The New York Times,2020,7,28,67,1,0,0,-1
"John Lewis, Lying in State, Is Honored as Part of a ‘Pantheon of Patriots’",The New York Times,2020,7,28,67,1,0,0,1
Susan Rice Wants to Run for Office. Will Her First Campaign Be for V.P.?,The New York Times,2020,7,28,67,1,0,0,-1
"Robert O’Brien, Trump’s National Security Adviser, Has the Virus",The New York Times,2020,7,28,67,1,0,0,-1
Why Montana Is a Test Case for Democrats’ Winning the Senate,The New York Times,2020,7,28,67,1,0,0,-1
We’ll Be Wearing Masks for a While. Why Not Make Them Nice?,The New York Times,2020,7,28,67,1,0,0,-1
New Gold Rush Pushes Price to Record Highs,The New York Times,2020,7,28,67,1,0,0,1
Republican Stimulus Package May Come With a Benefit for Big Banks,The New York Times,2020,7,28,67,1,0,0,-1
Jeff Bezos Cast in a Role He Never Wanted: Amazon’s D.C. Defender,The New York Times,2020,7,28,67,1,0,0,1
A Possible Weapon Against the Pandemic: Printing Human Tissue,The New York Times,2020,7,28,67,1,0,0,0
‘Challenge Accepted’: Why Women Are Posting Black-and-White Selfies,The New York Times,2020,7,28,67,1,0,0,-1
"After Marlins’ Outbreak, Yankees Stay Inside and Wait for Phillies",The New York Times,2020,7,28,67,1,0,0,-1
"Trump Announced, Then Canceled, a Yankees Pitch. Both Came as a Surprise.",The New York Times,2020,7,28,67,1,0,0,-1
That Almost Apology for the 1980 Olympic Boycott Helps. A Little.,The New York Times,2020,7,28,67,1,0,0,1
The Celebrity Bookshelf Detective Is Back,The New York Times,2020,7,28,67,1,0,0,1
Living With Edmund White,The New York Times,2020,7,28,67,1,0,0,1
"In Granada, Dancing Carefully, Respectfully and With an Audience",The New York Times,2020,7,28,67,1,0,0,1
Two Teenagers Are Among 8 Killed on Deadly Day in New York City,The New York Times,2020,7,28,67,1,0,0,-1
"Trump Again Tries to Block Subpoena for Taxes, Calling It ‘Wildly Overbroad’",The New York Times,2020,7,28,67,1,0,0,-1
Tailors Know New Yorkers’ Pandemic Secret: ‘Everybody Got Fat!’,The New York Times,2020,7,28,67,1,0,0,-1
‘Ellen DeGeneres Show’ Workplace to Be Reviewed by WarnerMedia,The New York Times,2020,7,28,67,1,0,0,1
Georgia Senator Is Criticized for Ad Enlarging Jewish Opponent’s Nose,The New York Times,2020,7,28,67,1,0,0,-1
Hotels Are Promoting the Nostalgia of the Family Road Trip,The New York Times,2020,7,28,67,1,0,0,1
Why the ‘Super Weird’ Moons of Mars Fascinate Scientists,The New York Times,2020,7,28,67,1,0,0,1
3 Great Mysteries About Life on Mars,The New York Times,2020,7,28,67,1,0,0,1
"With Eating Disorders, Looks Can Be Deceiving",The New York Times,2020,7,28,67,1,0,0,-1
"Kansai Yamamoto, Designer With Ziggy Stardust as a Client, Dies at 76",The New York Times,2020,7,28,67,1,0,0,-1
"Nadine Taub, Early Leader in Women’s Rights Law, Dies at 77",The New York Times,2020,7,28,67,1,0,0,-1
"Ronald L. Graham, Who Unlocked the Magic of Numbers, Dies at 84",The New York Times,2020,7,28,67,1,0,0,-1
China’s Claims to the South China Sea Are Unlawful. Now What?,The New York Times,2020,7,28,67,1,0,0,-1
A Trumpless Future Is Hard to Get Your Head Around,The New York Times,2020,7,28,67,1,0,0,-1
Twilight of the Liberal Right,The New York Times,2020,7,28,67,1,0,0,-1
"Job Growth Slowed in July, Signaling a Loss of Economic Momentum",The New York Times,2020,8,8,68,1,0,0,-1
"Russia Continues Interfering in Election to Try to Help Trump, U.S. Intelligence Says",The New York Times,2020,8,8,68,1,0,0,-1
Is TikTok More of a Parenting Problem Than a Security Threat?,The New York Times,2020,8,8,68,1,0,0,-1
Here's What Extreme Heat Looks Like: Profoundly Unequal,The New York Times,2020,8,8,68,1,0,0,-1
Here’s How to Crush the Virus Until Vaccines Arrive,The New York Times,2020,8,8,68,1,0,0,-1
"As Lebanon Reels, Long-Awaited Hariri Assassination Verdicts Loom",The New York Times,2020,8,8,68,1,0,0,-1
Álvaro Uribe’s Detention Deepens Colombia’s Divisions,The New York Times,2020,8,8,68,1,0,0,-1
Air India Jet With More Than 180 Passengers Skids and Cracks in Half,The New York Times,2020,8,8,68,1,0,0,-1
Abolish the Police? Those Who Survived the Chaos in Seattle Aren’t So Sure,The New York Times,2020,8,8,68,1,0,0,-1
"‘If We Get It, We Chose to Be Here’: Despite Virus, Thousands Converge on Sturgis for Huge Rally",The New York Times,2020,8,8,68,1,0,0,0
Falwell Taking Leave From Liberty University Amid Photo Uproar,The New York Times,2020,8,8,68,1,0,0,-1
Trump Threatens to Bypass Congress as Stimulus Talks Fail Again,The New York Times,2020,8,8,68,1,0,0,-1
Trump Administration Penalizes Hong Kong Officials for Crackdown on Protesters,The New York Times,2020,8,8,68,1,0,0,-1
Joe Arpaio Loses Arizona Primary to Reclaim His Old Job as Sheriff,The New York Times,2020,8,8,68,1,0,0,-1
Millions of Evictions Are a Sharper Threat as Government Support Ends,The New York Times,2020,8,8,68,1,0,0,-1
Why Black Workers Will Hurt the Most if Congress Doesn’t Extend Jobless Benefits,The New York Times,2020,8,8,68,1,0,0,-1
Oversight Member Blasts the Fed’s Efforts to Rescue Main Street,The New York Times,2020,8,8,68,1,0,0,1
Trump’s Orders on WeChat and TikTok Are Uncertain. That May Be the Point.,The New York Times,2020,8,8,68,1,0,0,-1
"Targeting WeChat, Trump Takes Aim at China’s Bridge to the World",The New York Times,2020,8,8,68,1,0,0,-1
"Facebook Gaming Finally Clears Apple Hurdle, Arriving in App Store",The New York Times,2020,8,8,68,1,0,0,0
Bear Hugs and Bubbles: Why Some N.F.L. Players Opted Out,The New York Times,2020,8,8,68,1,0,0,1
Washington N.F.L. Owner Dan Snyder Sues Media Company for Defamation,The New York Times,2020,8,8,68,1,0,0,-1
"‘When You Say Badminton, You Say Indonesia’",The New York Times,2020,8,8,68,1,0,0,0
Summertime in the (Partly Reopened) City,The New York Times,2020,8,8,68,1,0,0,1
What Megan Fox Taught Me About the Power of Subversive Girls,The New York Times,2020,8,8,68,1,0,0,1
"Ethel Smyth, a Composer Long Unheard, Is Recorded Anew",The New York Times,2020,8,8,68,1,0,0,1
"N.Y. Schools Can Reopen, Cuomo Says, in Contrast With Much of U.S.",The New York Times,2020,8,8,68,1,0,0,1
"E. Jean Carroll, Who Accused Trump of Rape, Can Go Forward With Suit",The New York Times,2020,8,8,68,1,0,0,0
N.Y.P.D. Besieges a Protest Leader as He Broadcasts Live,The New York Times,2020,8,8,68,1,0,0,-1
"Three Top Executives Are Out at WarnerMedia, HBO’s Parent Company",The New York Times,2020,8,8,68,1,0,0,1
"Ad Agency Sues Scott Rudin, Saying Producer Owes $6.3 Million",The New York Times,2020,8,8,68,1,0,0,-1
"After Taking a Pandemic Hit, Billboard Ad Companies See Signs of Hope",The New York Times,2020,8,8,68,1,0,0,0
"Brent Scowcroft, a Force on Foreign Policy for 40 Years, Dies at 95",The New York Times,2020,8,8,68,1,0,0,0
"Bernard Bailyn, Eminent Historian of Early America, Dies at 97",The New York Times,2020,8,8,68,1,0,0,-1
"Horace Clarke, Standout in a Dismal Yankee Era, Dies at 82",The New York Times,2020,8,8,68,1,0,0,-1
Where Do Republicans Go From Here?,The New York Times,2020,8,8,68,1,0,0,-1
Trump and His Allies Think They Know Who Counts,The New York Times,2020,8,8,68,1,0,0,-1
"I’m a Conservative Christian Environmentalist. No, That’s Not an Oxymoron.",The New York Times,2020,8,8,68,1,0,0,-1
"Democrats Nominate Biden for President, Delivering Long-Sought Prize",The New York Times,2020,8,19,69,1,0,0,1
G.O.P.-Led Senate Panel Details Ties Between 2016 Trump Campaign and Russia,The New York Times,2020,8,19,69,1,0,0,1
"Much Changed World, Same Joe Biden Seeking to Undo What Trump Has Done",The New York Times,2020,8,19,69,1,0,0,-1
America Has Two Feet. It’s About to Lose One of Them.,The New York Times,2020,8,19,69,1,0,0,-1
I Was a Postal Service Regulator for 18 Years. Don’t Panic.,The New York Times,2020,8,19,69,1,0,0,1
U.N. Tribunal Convicts Hezbollah Member in Hariri Assassination,The New York Times,2020,8,19,69,1,0,0,-1
Israeli Fighter Jets’ First Joint Military Exercise in Germany,The New York Times,2020,8,19,69,1,0,0,0
Trump Announces That He Will Pardon Susan B. Anthony,The New York Times,2020,8,19,69,1,0,0,-1
Mali’s President Exits After Being Arrested in Military Coup,The New York Times,2020,8,19,69,1,0,0,-1
"15 Years After an Assassination Rocked Lebanon, a Trial Ends on a Muted Note",The New York Times,2020,8,19,69,1,0,0,-1
She Was a Communist Party Insider in China. Then She Denounced Xi.,The New York Times,2020,8,19,69,1,0,0,-1
"‘Double Challenge Mode’ in Flint, Where Virus Follows Water Crisis",The New York Times,2020,8,19,69,1,0,0,-1
"Reeling From a Storm, Iowans Worry They Have Been Forgotten",The New York Times,2020,8,19,69,1,0,0,-1
‘Frats Are Being Frats’: Greek Life Is Stoking the Virus on Some Campuses,The New York Times,2020,8,19,69,1,0,0,-1
Postal Service Suspends Changes After Outcry Over Delivery Slowdown,The New York Times,2020,8,19,69,1,0,0,-1
"For Bill Clinton, a Chance to Address a Party That Has Left Him Behind",The New York Times,2020,8,19,69,1,0,0,1
"Swag, but No Luxury Suites: Big Donors Endure a Party-Less Party Convention",The New York Times,2020,8,19,69,1,0,0,-1
"‘This Market Is Nuts’: S&P 500 Hits Record, Defying Economic Devastation",The New York Times,2020,8,19,69,1,0,0,1
The Recession Is About to Slam Cities. Not Just the Blue-State Ones.,The New York Times,2020,8,19,69,1,0,0,-1
"As Amenities Sit Unused, Airports Reconsider Their Design",The New York Times,2020,8,19,69,1,0,0,-1
"What Is QAnon, the Viral Pro-Trump Conspiracy Theory?",The New York Times,2020,8,19,69,1,0,0,-1
Amazon Sticks With Office Expansion Plans in New York and Elsewhere,The New York Times,2020,8,19,69,1,0,0,0
You Can’t Find a Laptop. Now What?,The New York Times,2020,8,19,69,1,0,0,1
Who Should Compete in Women’s Sports? There Are ‘Two Almost Irreconcilable Positions’,The New York Times,2020,8,19,69,1,0,0,0
"She Was in a Grueling 340-Mile Race. Then Came a Highway, and an S.U.V.",The New York Times,2020,8,19,69,1,0,0,-1
"U.N.C. Moved Classes Online. The Football Games Are Still On, for Now.",The New York Times,2020,8,19,69,1,0,0,0
Keanu Reeves and Alex Winter Party On With Bill and Ted,The New York Times,2020,8,19,69,1,0,0,1
What Actually Happens When a TV Episode Gets Pulled?,The New York Times,2020,8,19,69,1,0,0,-1
Museum Boss Salaries: Reduced but Still an Issue Amid Wider Cutbacks,The New York Times,2020,8,19,69,1,0,0,-1
"Manhattan Vacancy Rate Climbs, and Rents Drop 10%",The New York Times,2020,8,19,69,1,0,0,-1
What Happened When Homeless Men Moved Into a Liberal Neighborhood,The New York Times,2020,8,19,69,1,0,0,0
Welcome to College in New York. Now Quarantine.,The New York Times,2020,8,19,69,1,0,0,1
Uber and Lyft Consider Franchise-Like Model in California,The New York Times,2020,8,19,69,1,0,0,-1
Ellen DeGeneres Tells Her Staff That 3 Top Producers Are Out,The New York Times,2020,8,19,69,1,0,0,0
Hollywood Executive Ron Meyer Leaves NBCUniversal After Secret Settlement,The New York Times,2020,8,19,69,1,0,0,-1
"For Black Jam Makers, the Power Is in Preserving",The New York Times,2020,8,19,69,1,0,0,1
Chaat Is More Than the Sum of Its Many Flavors,The New York Times,2020,8,19,69,1,0,0,1
When Lamb Chops Met Romaine,The New York Times,2020,8,19,69,1,0,0,0
"Charles Wetli, Medical Examiner for T.W.A. Flight 800 Crash, Dies at 76",The New York Times,2020,8,19,69,1,0,0,-1
"Gisèle Halimi, Influential French Lawyer and Feminist, Dies at 93",The New York Times,2020,8,19,69,1,0,0,-1
A Warning for the United States From the Author of ‘The Great Influenza’,The New York Times,2020,8,19,69,1,0,0,-1
What if Trumpism Is the G.O.P.’s Natural State?,The New York Times,2020,8,19,69,1,0,0,-1
A TikTok Ban Is Overdue,The New York Times,2020,8,19,69,1,0,0,-1
Joe Biden Accepts Democratic Nomination: ‘I Will Draw on the Best of Us’,The New York Times,2020,8,21,70,1,0,0,1
Steve Bannon Is Charged With Fraud in We Build the Wall Campaign,The New York Times,2020,8,21,70,1,0,0,-1
"Trump Must Turn Over Tax Returns to D.A., Judge Rules",The New York Times,2020,8,21,70,1,0,0,-1
The Republican Embrace of QAnon Goes Far Beyond Trump,The New York Times,2020,8,21,70,1,0,0,1
Steve Bannon’s Art of the Grift,The New York Times,2020,8,21,70,1,0,0,1
"‘With Great Honor and Humility, I Accept This Nomination,’ Biden Says",The New York Times,2020,8,21,70,1,0,0,1
"‘The People That Got Voted Off the Island,’ 2020 Rivals, Endorse Biden",The New York Times,2020,8,21,70,1,0,0,1
Aleksei Navalny Hospitalized in Russia in Suspected Poisoning,The New York Times,2020,8,21,70,1,0,0,-1
"Thailand Police Arrest Activists, Escalating Protest Crackdown",The New York Times,2020,8,21,70,1,0,0,0
"Instead of Isolating Iran, U.S. Finds Itself on the Outside Over Nuclear Deal",The New York Times,2020,8,21,70,1,0,0,-1
Most of $600 Million Settlement in Flint Water Crisis Will Go to Children,The New York Times,2020,8,21,70,1,0,0,-1
Poor Planning Left California Short of Electricity in a Heat Wave,The New York Times,2020,8,21,70,1,0,0,-1
Former Postal Governor Tells Congress Mnuchin Politicized Postal Service,The New York Times,2020,8,21,70,1,0,0,-1
Biden Leaves Convention With a Clear Mission: Stop Trump,The New York Times,2020,8,21,70,1,0,0,0
Joe Biden Finally Got the Timing Right,The New York Times,2020,8,21,70,1,0,0,1
Arrest Disrupts Bannon’s Efforts to Stay Relevant After Leaving White House,The New York Times,2020,8,21,70,1,0,0,-1
How Bannon and His Indicted Business Partners Cashed In on Trump,The New York Times,2020,8,21,70,1,0,0,0
Unemployment Claims Rise as Rollout of $300 Benefit Lags,The New York Times,2020,8,21,70,1,0,0,-1
All About Roundabouts,The New York Times,2020,8,21,70,1,0,0,1
How Kamala Harris Forged Close Ties With Big Tech,The New York Times,2020,8,21,70,1,0,0,1
Former Uber Security Chief Charged With Concealing Hack,The New York Times,2020,8,21,70,1,0,0,0
Uber and Lyft Get Reprieve After Threatening to Shut Down,The New York Times,2020,8,21,70,1,0,0,-1
Reds Announcer Is Suspended After Using Homophobic Slur on Air,The New York Times,2020,8,21,70,1,0,0,-1
"Novak Djokovic on Coronavirus, Vaccines and His Ill-Fated Adria Tour",The New York Times,2020,8,21,70,1,0,0,1
Baseball’s Unwritten Rules: Where Does It Say You Can’t Do That?,The New York Times,2020,8,21,70,1,0,0,-1
He Wants to Save the Present With the Indigenous Past,The New York Times,2020,8,21,70,1,0,0,1
Dia Beacon Reopens With a Sonic Boom,The New York Times,2020,8,21,70,1,0,0,1
Black Artists Look Beyond ‘Protest Art’ at British Shows,The New York Times,2020,8,21,70,1,0,0,1
Scary Movies for When the World Is a Fright,The New York Times,2020,8,21,70,1,0,0,1
"‘Tesla’ Review: Lightning Strikes, but Quietly",The New York Times,2020,8,21,70,1,0,0,1
"‘Coup 53’ Review: International Underhandedness, Still Mysterious",The New York Times,2020,8,21,70,1,0,0,0
Are New Yorkers Wearing Masks? Here’s What We Found in Each Borough,The New York Times,2020,8,21,70,1,0,0,-1
"323,911 Accusations of N.Y.P.D. Misconduct Are Released Online",The New York Times,2020,8,21,70,1,0,0,-1
New York Will Allow Voters to Cast Mail-In Ballots,The New York Times,2020,8,21,70,1,0,0,0
Barack Obama Dials the Volume Down and the Urgency Up,The New York Times,2020,8,21,70,1,0,0,0
"Writers Mutiny at ‘All Rise,’ the Rare CBS Show With a Black Female Lead",The New York Times,2020,8,21,70,1,0,0,0
"Pledging to Tell More Inclusive Stories, MGM Remakes Orion Pictures",The New York Times,2020,8,21,70,1,0,0,-1
"Christine Jahnke, Speech Coach for Women in Politics, Dies at 57",The New York Times,2020,8,21,70,1,0,0,-1
"Ann Syrdal, Who Helped Give Computers a Female Voice, Dies at 74",The New York Times,2020,8,21,70,1,0,0,-1
The Democrats Who Rose to the Moment,The New York Times,2020,8,21,70,1,0,0,1
I’ve Been Married to the Military for 15 Years. Our Luck Just Ran Out.,The New York Times,2020,8,21,70,1,0,0,-1
Our Normalness Made Me Drunk. Maybe It Made Me Stupid.,The New York Times,2020,8,21,70,1,0,0,-1
"With Court Prize in Sight, Republicans Unite Behind Trump Once Again",The New York Times,2020,9,23,71,1,0,0,1
Climate Disruption Is Now Locked In. The Next Moves Will Be Crucial.,The New York Times,2020,9,23,71,1,0,0,0
"As Schools Go Remote, Finding ‘Lost’ Students Gets Harder",The New York Times,2020,9,23,71,1,0,0,-1
The Cradle of Global Bagel Baking? (It’s Not New York),The New York Times,2020,9,23,71,1,0,0,1
The Special Hell of Trump’s Supreme Court Appointment,The New York Times,2020,9,23,71,1,0,0,-1
"The United Nations ‘Must Hold China Accountable,’ Says Trump",The New York Times,2020,9,23,71,1,0,0,-1
U.K. Opposition Leader Denounces Boris Johnson Handling of Coronavirus Crisis,The New York Times,2020,9,23,71,1,0,0,-1
Romney Says He Supports Filling Supreme Court Vacancy,The New York Times,2020,9,23,71,1,0,0,-1
He Killed 2 Marines in 2011. It Almost Derailed Peace Talks This Month.,The New York Times,2020,9,23,71,1,0,0,-1
A Somber Boris Johnson Offers Britain a New Plan to Halt the Virus,The New York Times,2020,9,23,71,1,0,0,0
Race to Rescue Hundreds of Whales Stranded Off Tasmania,The New York Times,2020,9,23,71,1,0,0,1
Trump Demands U.N. Hold China to Account for Coronavirus Pandemic,The New York Times,2020,9,23,71,1,0,0,-1
The Russian Trolls Have a Simpler Job Today. Quote Trump.,The New York Times,2020,9,23,71,1,0,0,-1
Democratic Donors Push Biden for a Cabinet Free of Fossil Fuel Connections,The New York Times,2020,9,23,71,1,0,0,-1
How Republicans Are Trying to Use the Green Party to Their Advantage,The New York Times,2020,9,23,71,1,0,0,-1
"With Nothing Else Working, Trump Races to Make a New Supreme Court Justice the Issue",The New York Times,2020,9,23,71,1,0,0,-1
House Approves Short-Term Bill to Avoid a Shutdown,The New York Times,2020,9,23,71,1,0,0,1
"As School Begins, Mothers Working Retail Jobs Feel Extra Burden",The New York Times,2020,9,23,71,1,0,0,-1
"Embattled Fed Nominee Celebrates Free Markets, but Not in Her Backyard",The New York Times,2020,9,23,71,1,0,0,-1
Uber and Lyft Could Gain From U.S. Rule Defining Employment,The New York Times,2020,9,23,71,1,0,0,0
Justice Dept. Case Against Google Is Said to Focus on Search Dominance,The New York Times,2020,9,23,71,1,0,0,0
What Happens When Americans Join the Global Internet,The New York Times,2020,9,23,71,1,0,0,-1
A Capitalist Fix to the Digital Divide,The New York Times,2020,9,23,71,1,0,0,-1
The Biggest Wave Surfed This Year,The New York Times,2020,9,23,71,1,0,0,1
"With Kids in Sports Bubbles, These Parents Are Desperate for a Way In",The New York Times,2020,9,23,71,1,0,0,-1
Nikola Jokic Plays Basketball as if It’s Water Polo,The New York Times,2020,9,23,71,1,0,0,1
"‘He Never Quit’: Nick Cordero’s Widow on Grief, God and Perseverance",The New York Times,2020,9,23,71,1,0,0,1
Amber Ruffin Has Gone From the Writers’ Room to the Title,The New York Times,2020,9,23,71,1,0,0,0
I Watched ‘Fleabag.’ I Watched ‘Insecure.’ What’s Next?,The New York Times,2020,9,23,71,1,0,0,-1
How New Yorkers Found Resolve After 6 Months of Pandemic Hardship,The New York Times,2020,9,23,71,1,0,0,-1
A Look at How Some New Yorkers Celebrated Rosh Hashana,The New York Times,2020,9,23,71,1,0,0,1
Trump Uses E.P.A. Office to Widen ‘Anarchist’ War vs. New York,The New York Times,2020,9,23,71,1,0,0,0
This Spinach-Potato Pie Feels Like a Hug,The New York Times,2020,9,23,71,1,0,0,1
A September Wine Romance,The New York Times,2020,9,23,71,1,0,0,1
The Perfect Afternoon Snack Has Arrived,The New York Times,2020,9,23,71,1,0,0,1
"Henrietta Boggs, Southerner Who Spread Her Wings, Dies at 102",The New York Times,2020,9,23,71,1,0,0,0
"Vasilis Dimitriou, Keeper of a Fading Movie Art, Dies at 84",The New York Times,2020,9,23,71,1,0,0,-1
"Christian Liaigre, Minimalist Interior Designer, Dies at 77",The New York Times,2020,9,23,71,1,0,0,-1
Vladimir Putin Thinks He Can Get Away With Anything,The New York Times,2020,9,23,71,1,0,0,-1
End the Poisonous Process of Picking Supreme Court Justices,The New York Times,2020,9,23,71,1,0,0,-1
The Ginsburg-Scalia Act Was Not a Farce,The New York Times,2020,9,23,71,1,0,0,1
Trump’s Taxes Show Chronic Losses and Years of Income Tax Avoidance,The New York Times,2020,9,28,72,1,0,0,-1
Ransomware Attacks Take On New Urgency Ahead of Vote,The New York Times,2020,9,28,72,1,0,0,-1
"Voters Believe Winner of Election Should Fill Court Vacancy, Poll Shows",The New York Times,2020,9,28,72,1,0,0,0
"As Covid-19 Closes Schools, the World’s Children Go to Work",The New York Times,2020,9,28,72,1,0,0,-1
Is Amy Coney Barrett Joining a Supreme Court Built for the Wealthy?,The New York Times,2020,9,28,72,1,0,0,-1
"Trump Calls Years of Tax Avoidance ‘Fake News,’ Attacks I.R.S.",The New York Times,2020,9,28,72,1,0,0,-1
"Voters ‘Are Not Going to Stand for This Abuse of Power,’ Biden Says",The New York Times,2020,9,28,72,1,0,0,-1
Officers Rush a West Village Intersection,The New York Times,2020,9,28,72,1,0,0,0
Fighting Flares Between Azerbaijan and Armenia,The New York Times,2020,9,28,72,1,0,0,-1
There’s Gold in Them Thar Braes,The New York Times,2020,9,28,72,1,0,0,0
Sudan Is Focus of U.S. Efforts to Improve Ties With Israel,The New York Times,2020,9,28,72,1,0,0,-1
Why New Mexico’s 1680 Pueblo Revolt Is Echoing in 2020 Protests,The New York Times,2020,9,28,72,1,0,0,-1
"California Driver Charged After Striking Two Protesters, Police Say",The New York Times,2020,9,28,72,1,0,0,-1
"Brain-Eating Amoeba Found in Lake Jackson, Texas, Water Supply",The New York Times,2020,9,28,72,1,0,0,-1
18 Revelations From a Trove of Trump Tax Records,The New York Times,2020,9,28,72,1,0,0,-1
Charting an Empire: A Timeline of Trump’s Finances,The New York Times,2020,9,28,72,1,0,0,1
"Brad Parscale, Ex-Campaign Manager for Trump, Is Hospitalized in Florida",The New York Times,2020,9,28,72,1,0,0,-1
Some Workers Face Looming Cutoffs in Health Insurance,The New York Times,2020,9,28,72,1,0,0,-1
"China’s Economy Comes Roaring Back, Led by Wealthy Consumers",The New York Times,2020,9,28,72,1,0,0,0
Whole Foods Founder: ‘The Whole World Is Getting Fat’,The New York Times,2020,9,28,72,1,0,0,-1
TikTok Wins Reprieve From U.S. Ban,The New York Times,2020,9,28,72,1,0,0,-1
How Memes and a Good Laugh Can Help People in Recovery,The New York Times,2020,9,28,72,1,0,0,1
"Facebook Oculus Quest 2 Review: Solid V.R. Headset, but Few Games",The New York Times,2020,9,28,72,1,0,0,0
Jackson-Mahomes III: ‘The Whole World Is Watching’,The New York Times,2020,9,28,72,1,0,0,1
Hockey Needs Viewers. It Should Not Glorify Pain and Violence to Get Them.,The New York Times,2020,9,28,72,1,0,0,-1
Joe Montana and Wife Thwart Intruder’s Attempt to Kidnap Their Grandchild,The New York Times,2020,9,28,72,1,0,0,1
"Times Square, Grand Central and the Laws That Build the City",The New York Times,2020,9,28,72,1,0,0,1
‘A Wilderness of Error’ Points the Lens Back at Errol Morris,The New York Times,2020,9,28,72,1,0,0,-1
Two of-the-Moment Monologues and a Multitude of Karens,The New York Times,2020,9,28,72,1,0,0,1
"Principals Assail N.Y.C. Mayor, Calling for State Takeover of Schools",The New York Times,2020,9,28,72,1,0,0,-1
Abrupt Police Crackdown on West Village Crowd Prompts Criticism,The New York Times,2020,9,28,72,1,0,0,-1
This Is the Casual Racism That I Face at My Elite High School,The New York Times,2020,9,28,72,1,0,0,-1
An Editor’s Note on the Trump Tax Investigation,The New York Times,2020,9,28,72,1,0,0,1
Trump Wants to Discredit the Election. This Nerd Could Stop Him.,The New York Times,2020,9,28,72,1,0,0,-1
"Shepard Smith, Fox News Apostate, Is Starting Over at CNBC",The New York Times,2020,9,28,72,1,0,0,-1
Novavax Enters Final Stage of Coronavirus Vaccine Trials,The New York Times,2020,9,28,72,1,0,0,-1
Losing Your Hair Can Be Another Consequence of the Pandemic,The New York Times,2020,9,28,72,1,0,0,-1
How to Keep the Coronavirus at Bay Indoors,The New York Times,2020,9,28,72,1,0,0,1
"Keith Hufnagel, Pro Skateboarder and Entrepreneur, Dies at 46",The New York Times,2020,9,28,72,1,0,0,-1
"Pierre Troisgros, Renowned French Restaurateur, Dies at 92",The New York Times,2020,9,28,72,1,0,0,-1
"Edith Raymond Locke, Mademoiselle Editor in the 1970s, Dies at 99",The New York Times,2020,9,28,72,1,0,0,-1
What’s the Plan if Trump Tweets That He’s Won Re-election?,The New York Times,2020,9,28,72,1,0,0,-1
We Don’t Need Debates,The New York Times,2020,9,28,72,1,0,0,1
"Happy Birthday, PBS. Please Save Us.",The New York Times,2020,9,28,72,1,0,0,1
Jaime Harrison Raises $57 Million as Democratic Cash Floods Senate Races,The New York Times,2020,10,12,73,1,0,0,-1
"Rooted in Faith, Amy Coney Barrett Represents a New Conservatism",The New York Times,2020,10,12,73,1,0,0,1
‘I Feel Like I Have Dementia’: Brain Fog Plagues Covid Survivors,The New York Times,2020,10,12,73,1,0,0,-1
‘Call Me a Dreamer’: A Shattered Beirut Neighborhood Rebuilds,The New York Times,2020,10,12,73,1,0,0,1
Kamala Harris Should Grill Amy Coney Barrett,The New York Times,2020,10,12,73,1,0,0,-1
What’s the Problem With Vote-by-Mail? Hint: It’s Not Fraud,The New York Times,2020,10,12,73,1,0,0,0
1 Dead After Shooting at Denver Protests,The New York Times,2020,10,12,73,1,0,0,-1
"Trump Must Ensure ‘He Is Not a Spreader,’ Biden Says",The New York Times,2020,10,12,73,1,0,0,-1
"For Trump, Defying Mideast Truisms Produced Breakthroughs and Backfires",The New York Times,2020,10,12,73,1,0,0,0
"With Elections Ahead, Some African Presidents Try Engineering Results",The New York Times,2020,10,12,73,1,0,0,0
"In Belarus, Women Led the Protests and Shattered Stereotypes",The New York Times,2020,10,12,73,1,0,0,-1
Kidnapping Plot Against Whitmer Becomes Part of Michigan Politics,The New York Times,2020,10,12,73,1,0,0,-1
"Private Security Guard Held in Fatal Denver Shooting, Officials Say",The New York Times,2020,10,12,73,1,0,0,-1
Coronavirus Safety Runs Into a Stubborn Barrier: Masculinity,The New York Times,2020,10,12,73,1,0,0,-1
Can Trump Squeeze More From His White Base in Pennsylvania and Beyond?,The New York Times,2020,10,12,73,1,0,0,0
"Latino, Evangelical and Politically Homeless",The New York Times,2020,10,12,73,1,0,0,-1
Trump’s Virus Treatment Revives Questions About Unchecked Nuclear Authority,The New York Times,2020,10,12,73,1,0,0,1
The Digital Divide Starts With a Laptop Shortage,The New York Times,2020,10,12,73,1,0,0,-1
C.E.O.s Rediscover the Family Dinner Table,The New York Times,2020,10,12,73,1,0,0,1
Need to Find a Pandemic Necessity? There’s Now a Store for That,The New York Times,2020,10,12,73,1,0,0,-1
When Your Last $166 Vanishes: ‘Fast Fraud’ Surges on Payment Apps,The New York Times,2020,10,12,73,1,0,0,-1
"Are Amazon Jobs Worth 1,400 Loads of Traffic? French Region Is Split",The New York Times,2020,10,12,73,1,0,0,-1
"Pakistan Bans TikTok, Citing Morals. Others Cite Politics.",The New York Times,2020,10,12,73,1,0,0,-1
The Lakers’ Winding Path Ends With a Championship,The New York Times,2020,10,12,73,1,0,0,1
Rafael Nadal Routs Novak Djokovic at French Open to Catch Roger Federer,The New York Times,2020,10,12,73,1,0,0,1
Why Are N.F.L. Scores So High This Season?,The New York Times,2020,10,12,73,1,0,0,-1
"Socially Distant, Except for the Dogs, Sheep and Chickens",The New York Times,2020,10,12,73,1,0,0,-1
The Concerts Were Canceled Months Ago. So Where Are the Refunds?,The New York Times,2020,10,12,73,1,0,0,-1
"Reading All the Books on Nike, Déjà Vu Sets In",The New York Times,2020,10,12,73,1,0,0,-1
"In Emptier Subways, Violent Crime Is Rising",The New York Times,2020,10,12,73,1,0,0,0
"Over $150,000 in Fines Issued on First Weekend of New N.Y.C. Lockdown",The New York Times,2020,10,12,73,1,0,0,-1
How a Jazz Musician Who Gives Free Shows in Brooklyn Spends His Sundays,The New York Times,2020,10,12,73,1,0,0,-1
"An Arrest in Canada Casts a Shadow on a New York Times Star, and The Times",The New York Times,2020,10,12,73,1,0,0,1
‘S.N.L.’ Has a Theory About the Fly That Landed on Mike Pence’s Head,The New York Times,2020,10,12,73,1,0,0,1
What ‘The Babylon Bee’ Thinks Is So Funny About Liberals,The New York Times,2020,10,12,73,1,0,0,1
"Quino, Creator of Beloved ‘Mafalda’ Cartoon, Dies at 88",The New York Times,2020,10,12,73,1,0,0,-1
"Carol Paumgarten, ‘Den Mother’ to a Dance Scene, Dies at 76",The New York Times,2020,10,12,73,1,0,0,-1
"Maurice Edwards, Busy Figure in Theater and Music, Dies at 97",The New York Times,2020,10,12,73,1,0,0,-1
New York’s Commercial Rents Are ‘Too Damn High’,The New York Times,2020,10,12,73,1,0,0,-1
Three Rockefellers Say Banks Must Stop Financing Fossil Fuels,The New York Times,2020,10,12,73,1,0,0,-1
Leave Judge Barrett’s Faith Out of This,The New York Times,2020,10,12,73,1,0,0,-1
Two Parties Offer Dueling Views of Barrett as Confirmation Fight Begins,The New York Times,2020,10,13,74,1,0,0,1
Trump Funnels Record Subsidies to Farmers Ahead of Election Day,The New York Times,2020,10,13,74,1,0,0,-1
The Billionaire Who Stood by Jeffrey Epstein,The New York Times,2020,10,13,74,1,0,0,1
"‘We Were Bulletproof’: As Child Soldiers Grow Up, Legacy of War Lingers",The New York Times,2020,10,13,74,1,0,0,1
Planned Parenthood’s Plan for Amy Coney Barrett,The New York Times,2020,10,13,74,1,0,0,1
Amy Coney Barrett Hearing: Day 1 Highlights,The New York Times,2020,10,13,74,1,0,0,1
Mark Meadows Refuses to Wear Mask to Speak With Reporters,The New York Times,2020,10,13,74,1,0,0,-1
Early Voting Brings Long Lines in Georgia,The New York Times,2020,10,13,74,1,0,0,1
"In Former Taliban Stronghold, Defiant Women Hit the Gym",The New York Times,2020,10,13,74,1,0,0,-1
"Israel Accepts Ethiopians of Jewish Descent, but Fewer Than Promised",The New York Times,2020,10,13,74,1,0,0,-1
Britain’s New Measures to Control Virus Inflame North-South Tensions,The New York Times,2020,10,13,74,1,0,0,-1
"No Home, No Wi-Fi: Pandemic Adds to Strain on Poor College Students",The New York Times,2020,10,13,74,1,0,0,-1
California Republican Party Admits It Placed Misleading Ballot Boxes Around State,The New York Times,2020,10,13,74,1,0,0,-1
Wife of Pennsylvania’s Lieutenant Governor Is Target of Racial Slur,The New York Times,2020,10,13,74,1,0,0,-1
Democrats in Trump Country: They’re Not Shy Anymore About Liking Biden,The New York Times,2020,10,13,74,1,0,0,0
"Votes and Vitality in Mind, Trump Addresses Rally in Florida",The New York Times,2020,10,13,74,1,0,0,1
Tommy Tuberville’s Financial Fumbles,The New York Times,2020,10,13,74,1,0,0,-1
Florida Sees Signals of a Climate-Driven Housing Crisis,The New York Times,2020,10,13,74,1,0,0,-1
British Airways Abruptly Replaces Its Chief Executive,The New York Times,2020,10,13,74,1,0,0,-1
U.S. Auction Theorists Win the 2020 Nobel in Economics,The New York Times,2020,10,13,74,1,0,0,1
Is Everybody Doing … OK? Let’s Ask Social Media,The New York Times,2020,10,13,74,1,0,0,-1
Facebook Bans Content About Holocaust Denial From Its Site,The New York Times,2020,10,13,74,1,0,0,-1
"Microsoft Takes Down a Risk to the Election, and Finds the U.S. Doing the Same",The New York Times,2020,10,13,74,1,0,0,-1
Is This Still Soccer?,The New York Times,2020,10,13,74,1,0,0,-1
N.B.A.’s Hollywood Ending Still Leaves Questions,The New York Times,2020,10,13,74,1,0,0,-1
How Mike Brosseau Went From Undrafted to October Hero,The New York Times,2020,10,13,74,1,0,0,1
"Don DeLillo, an Old Hand at Paranoia and Dread, Meets Us Where We Are",The New York Times,2020,10,13,74,1,0,0,1
Aaron Pedersen Is a Different Kind of Archetypal Leading Man,The New York Times,2020,10,13,74,1,0,0,1
Broadway Will Be a While. These Venues Say They’re Ready Now.,The New York Times,2020,10,13,74,1,0,0,1
"As N.Y.C. Jails Become More Violent, Solitary Confinement Persists",The New York Times,2020,10,13,74,1,0,0,0
How a Feud Between Cuomo and de Blasio Led to a Chaotic Virus Crackdown,The New York Times,2020,10,13,74,1,0,0,-1
Cuomo Unveils Statue of Mother Cabrini,The New York Times,2020,10,13,74,1,0,0,1
"As Trump Flouts Safety Protocols, News Outlets Balk at Close Coverage",The New York Times,2020,10,13,74,1,0,0,-1
BTS Honored Korean War Sacrifices. Some in China Detected an Insult.,The New York Times,2020,10,13,74,1,0,0,-1
41 WNET Employees Call for Resignation of C.E.O. Neal Shapiro,The New York Times,2020,10,13,74,1,0,0,-1
"First, a Vaccine Approval. Then ‘Chaos and Confusion.’",The New York Times,2020,10,13,74,1,0,0,-1
"A Dose of Optimism, as the Pandemic Rages On",The New York Times,2020,10,13,74,1,0,0,1
She Hunts Viral Rumors About Real Viruses,The New York Times,2020,10,13,74,1,0,0,-1
"Joe Morgan, Hall of Fame Second Baseman, Is Dead at 77",The New York Times,2020,10,13,74,1,0,0,-1
Roberta McCain Dies at 108; Mother of the Senator and His Beacon,The New York Times,2020,10,13,74,1,0,0,1
"California, Reject Prop 22",The New York Times,2020,10,13,74,1,0,0,-1
Charles Koch’s Big Bet on Barrett,The New York Times,2020,10,13,74,1,0,0,0
Mitch McConnell’s Mission of Misery,The New York Times,2020,10,13,74,1,0,0,-1
Trump Calls Fauci ‘a Disaster’ and Shrugs Off Virus as Infections Soar,The New York Times,2020,10,20,75,1,0,0,-1
U.S. Charges Russian Intelligence Officers in Major Cyberattacks,The New York Times,2020,10,20,75,1,0,0,-1
Republican Voters Take a Radical Conspiracy Theory Mainstream,The New York Times,2020,10,20,75,1,0,0,-1
Barbara Kruger Offers a Dark Mirror for Our Meme-Driven Age,The New York Times,2020,10,20,75,1,0,0,1
What Fans of ‘Herd Immunity’ Don’t Tell You,The New York Times,2020,10,20,75,1,0,0,1
Videos Show Long Voting Lines in Florida,The New York Times,2020,10,20,75,1,0,0,1
Prosecutors Charge Russian Intelligence Officers in Cyberattacks,The New York Times,2020,10,20,75,1,0,0,-1
Wildfires Grow in Colorado,The New York Times,2020,10,20,75,1,0,0,1
"After Teacher’s Decapitation, France Unleashes a Broad Crackdown on ‘the Enemy Within’",The New York Times,2020,10,20,75,1,0,0,-1
State Dept. to Remove Sudan From List of Terrorist States,The New York Times,2020,10,20,75,1,0,0,-1
Evo Morales Is Out. His Socialist Project Lives On.,The New York Times,2020,10,20,75,1,0,0,1
Migrant Workers Restricted to Farms Under One Grower’s Virus Lockdown,The New York Times,2020,10,20,75,1,0,0,-1
What It’s Like to Be a Teacher in 2020 America,The New York Times,2020,10,20,75,1,0,0,1
A Viral Theory Cited by Health Officials Draws Fire From Scientists,The New York Times,2020,10,20,75,1,0,0,-1
Supreme Court Tie Gives Pennsylvania More Time to Tally Some Votes,The New York Times,2020,10,20,75,1,0,0,1
How Prepared Are These 7 Battlegrounds for the Election? A Readiness Report,The New York Times,2020,10,20,75,1,0,0,1
U.S. Diplomats and Spies Battle Trump Administration Over Suspected Attacks,The New York Times,2020,10,20,75,1,0,0,0
How Failures of the Obama-Era Stimulus Could Guide a Biden Administration,The New York Times,2020,10,20,75,1,0,0,-1
Oil Industry Turns to Mergers and Acquisitions to Survive,The New York Times,2020,10,20,75,1,0,0,-1
"Chasing Illicit Money, Global Officials Circle a Puerto Rican Firm",The New York Times,2020,10,20,75,1,0,0,-1
"Trump Official’s Tweet, and Its Removal, Set Off Flurry of Anti-Mask Posts",The New York Times,2020,10,20,75,1,0,0,-1
Pakistan Rescinds TikTok Ban,The New York Times,2020,10,20,75,1,0,0,-1
New Yorker Suspends Jeffrey Toobin After Zoom Incident,The New York Times,2020,10,20,75,1,0,0,-1
World Series Preview: A Clash of Coasts and Contrasts,The New York Times,2020,10,20,75,1,0,0,1
These Teams Would Like Another Shot at Their 2-Point Conversions,The New York Times,2020,10,20,75,1,0,0,-1
A Plan Just Might Be Coming Together for the Buccaneers,The New York Times,2020,10,20,75,1,0,0,-1
David Letterman Isn’t Here to Cheer You Up This Time,The New York Times,2020,10,20,75,1,0,0,1
"It’s a Party at Gatsby’s Mansion. No Dancing, Please.",The New York Times,2020,10,20,75,1,0,0,-1
Parenting While Black: Titus Kaphar’s Starkly Powerful Works,The New York Times,2020,10,20,75,1,0,0,1
The Bubble Doctor Is In: She Keeps Dance Companies Moving,The New York Times,2020,10,20,75,1,0,0,1
"Ballet Finds Itself on Higher Ground, Overlooking Lincoln Center",The New York Times,2020,10,20,75,1,0,0,1
Surprising Results in Initial Virus Testing in N.Y.C. Schools,The New York Times,2020,10,20,75,1,0,0,1
Brain Surgery for a ‘Sweet Boy’: Saving Cronutt the Sea Lion,The New York Times,2020,10,20,75,1,0,0,1
Jeff Bezos’ Company Is Carrying Scientific Cargo to Space. It’s Not Amazon.,The New York Times,2020,10,20,75,1,0,0,-1
Slow Lorises Are Adorable but They Bite With Flesh-Rotting Venom,The New York Times,2020,10,20,75,1,0,0,-1
"Alan S. Boyd, Nation’s First Transportation Chief, Dies at 98",The New York Times,2020,10,20,75,1,0,0,-1
"Jon Gibson, Minimalist Saxophonist and Composer, Dies at 80",The New York Times,2020,10,20,75,1,0,0,-1
"Bess Abell, Social Secretary in Johnson White House, Dies at 87",The New York Times,2020,10,20,75,1,0,0,-1
What I Learned When QAnon Came for Me,The New York Times,2020,10,20,75,1,0,0,1
Has Trump Drawn the Water for a ‘Republican Blood Bath’?,The New York Times,2020,10,20,75,1,0,0,-1
A Question of Life and Death Looms for Amy Coney Barrett,The New York Times,2020,10,20,75,1,0,0,1
Infection of Pence Aides Raises New Questions About Trump’s Virus Response,The New York Times,2020,10,26,76,1,0,0,-1
Inside Decades of Nepotism and Bungling at the N.Y.C. Elections Board,The New York Times,2020,10,26,76,1,0,0,-1
A Voting Rights Battle in a School Board ‘Coup’,The New York Times,2020,10,26,76,1,0,0,-1
"In Texas Towns Gutted by Covid-19, a Fragile Effort to Sustain a Cherished Sport",The New York Times,2020,10,26,76,1,0,0,-1
We Were Clerks at the Supreme Court. Its Legitimacy Is Now in Question.,The New York Times,2020,10,26,76,1,0,0,-1
How Homegrown Disinformation Could Disrupt This U.S. Election,The New York Times,2020,10,26,76,1,0,0,-1
Trump Supporters and Protesters Collide in Times Square,The New York Times,2020,10,26,76,1,0,0,-1
"Republicans Cut Off Barrett Debate, Setting Up Final Confirmation Vote",The New York Times,2020,10,26,76,1,0,0,-1
"A Teacher, His Killer and the Failure of French Integration",The New York Times,2020,10,26,76,1,0,0,-1
"With Vacation Rentals Empty, European Cities See a Chance to Reclaim Housing",The New York Times,2020,10,26,76,1,0,0,-1
"China Aims to End Extreme Poverty, but Covid-19 Exposes Gaps",The New York Times,2020,10,26,76,1,0,0,-1
Pope Francis Appoints First African-American Cardinal,The New York Times,2020,10,26,76,1,0,0,1
"Game Day in Green Bay: Empty Sports Bars, Full Hospitals",The New York Times,2020,10,26,76,1,0,0,-1
"New Spirits Rise in Old, Repurposed Churches",The New York Times,2020,10,26,76,1,0,0,1
Biden Pledges Ambitious Climate Action. Here’s What He Could Actually Do.,The New York Times,2020,10,26,76,1,0,0,1
"Over Democratic Fury, Republicans Push Barrett to Brink of Confirmation",The New York Times,2020,10,26,76,1,0,0,0
Trump Had One Last Story to Sell. The Wall Street Journal Wouldn’t Buy It.,The New York Times,2020,10,26,76,1,0,0,-1
Dunkin’ Brands Is in Talks to Sell Itself and Go Private,The New York Times,2020,10,26,76,1,0,0,-1
Wealthy Millennial Women Tend to Defer to Husbands on Investing,The New York Times,2020,10,26,76,1,0,0,1
When Start-Ups Go Into the Garage (or Sometimes the Living Room),The New York Times,2020,10,26,76,1,0,0,1
Kodak Loan Debacle Puts a New Agency in the Hot Seat,The New York Times,2020,10,26,76,1,0,0,-1
"Schools Clamored for Seesaw’s App. That Was Good News, and Bad News.",The New York Times,2020,10,26,76,1,0,0,-1
"As a Coach and a Cop in Minneapolis, Where Would He Draw the Line?",The New York Times,2020,10,26,76,1,0,0,0
Black Players Continued a Mentoring Tradition Amid a Pandemic,The New York Times,2020,10,26,76,1,0,0,1
The Erasure of Mesut Özil,The New York Times,2020,10,26,76,1,0,0,1
Meet the Next Generation of Cabaret Showstoppers,The New York Times,2020,10,26,76,1,0,0,1
Two New York Neighborhoods Set the Stage for Decadence and Loss,The New York Times,2020,10,26,76,1,0,0,-1
The Ballet Photo-Sharing Scandal Enters a New Phase in Court,The New York Times,2020,10,26,76,1,0,0,-1
20-Year-Old Tourist Killed by Stray Bullet in Brooklyn,The New York Times,2020,10,26,76,1,0,0,-1
Times Square Billboards With Ivanka Trump and Jared Kushner Stir Skirmish,The New York Times,2020,10,26,76,1,0,0,-1
He Was a Rising Jazz Pianist. Then His N.Y.C. Dreams Were Shattered.,The New York Times,2020,10,26,76,1,0,0,-1
"Jerry Jeff Walker, Who Wrote and Sang ‘Mr. Bojangles,’ Dies at 78",The New York Times,2020,10,26,76,1,0,0,-1
"Edith O’Hara, a Fixture of Off Off Broadway, Dies at 103",The New York Times,2020,10,26,76,1,0,0,-1
Trump’s Army of Angry White Men,The New York Times,2020,10,26,76,1,0,0,-1
How to Talk to Friends and Family Who Share Conspiracy Theories,The New York Times,2020,10,26,76,1,0,0,1
"Sashimi With Spaghetti? Yes, Please. And a Slice of Mango on Top.",The New York Times,2020,10,26,76,1,0,0,1
"Senate Confirms Barrett, Delivering for Trump and Reshaping the Court",The New York Times,2020,10,27,77,1,0,0,1
"Colleges Slash Budgets in the Pandemic, With ‘Nothing Off-Limits’",The New York Times,2020,10,27,77,1,0,0,-1
Why N.Y.C.’s Economic Recovery May Lag the Rest of the Country’s,The New York Times,2020,10,27,77,1,0,0,-1
"20,000 Ballots an Hour, With Paper and Ink by the Ton",The New York Times,2020,10,27,77,1,0,0,0
Hillary Clinton Says It’s Different This Time,The New York Times,2020,10,27,77,1,0,0,-1
Senators Debate Amy Coney Barrett Confirmation Ahead of Vote,The New York Times,2020,10,27,77,1,0,0,1
New Jersey Governor Addresses Newark’s Coronavirus Mandates,The New York Times,2020,10,27,77,1,0,0,0
Biden to Expand Battleground Stops Ahead of Election,The New York Times,2020,10,27,77,1,0,0,1
How Trump and Bolsonaro Broke Latin America’s Covid-19 Defenses,The New York Times,2020,10,27,77,1,0,0,-1
Japan’s New Leader Sets Ambitious Goal of Carbon Neutrality by 2050,The New York Times,2020,10,27,77,1,0,0,1
"Belarus Opposition Calls General Strike, as Protesters Gird for Long Fight",The New York Times,2020,10,27,77,1,0,0,0
Supreme Court Won’t Extend Wisconsin’s Deadline for Mailed Ballots,The New York Times,2020,10,27,77,1,0,0,-1
Thousands Forced to Evacuate From California Fires,The New York Times,2020,10,27,77,1,0,0,-1
Head of Virginia Military Institute Resigns Amid Review of Racism on Campus,The New York Times,2020,10,27,77,1,0,0,-1
They Did Not Vote in 2016. Why They Plan to Skip the Election Again.,The New York Times,2020,10,27,77,1,0,0,-1
Black Senate Candidates in the South Tell Democrats to ‘Meet the Moment’,The New York Times,2020,10,27,77,1,0,0,0
"Rallies Are the Core of Trump’s Campaign, and a Font of Lies and Misinformation",The New York Times,2020,10,27,77,1,0,0,-1
Trump’s Manufacturing Promises Disappoint as Economy Sours,The New York Times,2020,10,27,77,1,0,0,-1
Wall St. Alarm at Surge of Virus Sends Stocks and Oil Lower,The New York Times,2020,10,27,77,1,0,0,-1
"Kazakhstan, Reversing Itself, Embraces ‘Borat’ as Very Nice",The New York Times,2020,10,27,77,1,0,0,1
How the Virus Slowed the Booming Wind Energy Business,The New York Times,2020,10,27,77,1,0,0,-1
Twitter to Highlight Accurate Voting Information,The New York Times,2020,10,27,77,1,0,0,1
Ant Challenged Beijing and Prospered. Now It Toes the Line.,The New York Times,2020,10,27,77,1,0,0,1
"World Rugby Bars Transgender Women, Baffling Players",The New York Times,2020,10,27,77,1,0,0,-1
A Bid to Steal Home Offers a Taste of the 20th Century,The New York Times,2020,10,27,77,1,0,0,1
"In a Must-Win Game 6, Rays Plan to Turn Up the Aggressiveness",The New York Times,2020,10,27,77,1,0,0,1
How Long Can N.Y.C. Museums Survive at 25 Percent Capacity?,The New York Times,2020,10,27,77,1,0,0,0
‘Song Exploder’ Reveals the Eureka Moments Behind the Hits,The New York Times,2020,10,27,77,1,0,0,1
Lorraine Bracco Goes Searching For Her Sicilian Slice of Life,The New York Times,2020,10,27,77,1,0,0,1
"Only 26% of N.Y.C. Students Attend In-Person Classes, Far From Goal",The New York Times,2020,10,27,77,1,0,0,-1
"Sex Cult Leader, Facing Life Sentence, Regrets Nothing",The New York Times,2020,10,27,77,1,0,0,0
Fights Erupt During ‘Jews for Trump’ Rally in Manhattan,The New York Times,2020,10,27,77,1,0,0,-1
"There’s Water and Ice on the Moon, and in More Places Than NASA Thought",The New York Times,2020,10,27,77,1,0,0,1
This Addiction Treatment Works. Why Is It So Underused?,The New York Times,2020,10,27,77,1,0,0,1
"In Madagascar, Endangered Lemurs Find a Private Refuge",The New York Times,2020,10,27,77,1,0,0,0
"Virginia Mollenkott, 88, Dies; Feminist Found Liberation in the Bible",The New York Times,2020,10,27,77,1,0,0,0
"Susan Hendl, Ballet Master and Dancer, Dies at 73",The New York Times,2020,10,27,77,1,0,0,-1
"Jeannette Williams-Parker, Nurse in a Virus Hot Spot, Dies at 48",The New York Times,2020,10,27,77,1,0,0,-1
The Republican Party’s Supreme Court,The New York Times,2020,10,27,77,1,0,0,1
Who Inspired the Trump Campaign Playbook?,The New York Times,2020,10,27,77,1,0,0,-1
Is It Safe to Ask Whether Trump’s Days Are Numbered?,The New York Times,2020,10,27,77,1,0,0,-1
"As States Fall His Way, Biden Vows ‘Every Vote Must Be Counted’",The New York Times,2020,11,5,78,1,0,0,1
"Win or Lose, Trump Will Remain a Powerful and Disruptive Force",The New York Times,2020,11,5,78,1,0,0,1
A Split Decision for Democrats,The New York Times,2020,11,5,78,1,0,0,-1
A New Front Opens in the Russia-Ukraine Conflict: Borscht,The New York Times,2020,11,5,78,1,0,0,1
"Well, That Was Scary",The New York Times,2020,11,5,78,1,0,0,1
"‘We Believe We Will Be the Winners,’ Biden Says",The New York Times,2020,11,5,78,1,0,0,1
Collins Wins Maine Senate Race as Gideon Concedes,The New York Times,2020,11,5,78,1,0,0,1
A Transfixed World Awaits What’s Next in America,The New York Times,2020,11,5,78,1,0,0,1
TV Journalist Is Arrested as Assaults on Press Freedom Rise in India,The New York Times,2020,11,5,78,1,0,0,-1
"Having Made Peace Abroad, Ethiopia’s Leader Goes to War at Home",The New York Times,2020,11,5,78,1,0,0,-1
A Vote That Flew in the Face of Fear Itself,The New York Times,2020,11,5,78,1,0,0,-1
"In Midwest Battlegrounds, the Virus Met Another Concern: The Economy",The New York Times,2020,11,5,78,1,0,0,-1
Oregon Decriminalizes Small Amounts of Heroin and Cocaine; Four States Legalize Marijuana,The New York Times,2020,11,5,78,1,0,0,-1
How Biden’s Discipline on Rebuilding the ‘Blue Wall’ Moved Him Close to Victory,The New York Times,2020,11,5,78,1,0,0,1
"In Ascendant Night for Congressional Republicans, Women Led the Way",The New York Times,2020,11,5,78,1,0,0,1
"Biden Wins Presidency, Ending Four Tumultuous Years Under Trump",The New York Times,2020,11,5,78,1,0,0,0
Fox News Helped Fuel Trump’s Rise. Now It’s Reporting on a Possible Fall.,The New York Times,2020,11,5,78,1,0,0,0
Uber and Lyft Drivers in California Will Remain Contractors,The New York Times,2020,11,5,78,1,0,0,-1
"As ‘Blue Wave’ Chances Crash, Wall St. Warms to Divided Government",The New York Times,2020,11,5,78,1,0,0,0
Social Media Companies Survived Election Day. More Tests Loom.,The New York Times,2020,11,5,78,1,0,0,-1
How 2020 Changed the Internet,The New York Times,2020,11,5,78,1,0,0,0
"No, Sharpies Aren’t Invalidating Ballots in Arizona",The New York Times,2020,11,5,78,1,0,0,1
Friday Night Bytes: Can Analytics Revolutionize High School Football?,The New York Times,2020,11,5,78,1,0,0,-1
Gamblers Outside the U.S. Take Presidential Odds on a Wild Ride,The New York Times,2020,11,5,78,1,0,0,1
The Houston Rockets Have to Keep James Harden Happy. But How?,The New York Times,2020,11,5,78,1,0,0,0
"‘Hamilton’ Was Just the Beginning. Hollywood Loves Broadway, Again.",The New York Times,2020,11,5,78,1,0,0,1
From Stage to Screen: 5 Shows That Got It Right (And 5 That Didn’t),The New York Times,2020,11,5,78,1,0,0,1
Blue Wave? Red Wave? Election-Night TV Was More Like a Whirlpool,The New York Times,2020,11,5,78,1,0,0,-1
"2,258 N.J. Prisoners Will Be Released in a Single Day",The New York Times,2020,11,5,78,1,0,0,-1
Some Suburban Strongholds Swing Back to G.O.P. in N.Y. and Across U.S.,The New York Times,2020,11,5,78,1,0,0,1
Incumbent Democrats Win in N.J. House Races; Van Drew Is Narrowly Ahead,The New York Times,2020,11,5,78,1,0,0,1
TV Anchors and Pundits Criticize Trump’s Baseless Claims of Fraud,The New York Times,2020,11,5,78,1,0,0,-1
How the Major Cable Networks Covered Election Night,The New York Times,2020,11,5,78,1,0,0,1
False News Targeting Latinos Trails the Election,The New York Times,2020,11,5,78,1,0,0,-1
What in the World Is a $590 Scratch-and-Sniff T-shirt Doing in 2020?,The New York Times,2020,11,5,78,1,0,0,-1
"Election Night on TikTok: Anxiety, Analysis and Wishful Thinking",The New York Times,2020,11,5,78,1,0,0,1
Election Night Parties? How About Not?,The New York Times,2020,11,5,78,1,0,0,1
"Baron Wolman, Whose Photos Helped Start Rolling Stone, Dies at 83",The New York Times,2020,11,5,78,1,0,0,-1
Let the Votes Be Counted,The New York Times,2020,11,5,78,1,0,0,1
Exit Polls Point to the Power of White Patriarchy,The New York Times,2020,11,5,78,1,0,0,-1
Republicans Claim Voter Fraud. How Would That Work?,The New York Times,2020,11,5,78,1,0,0,-1
Biden Pulls Ahead in Key States as Anxious Nation Awaits Winner,The New York Times,2020,11,6,79,1,0,0,1
The Disinformation Is Coming From Inside the White House,The New York Times,2020,11,6,79,1,0,0,-1
A Big Win for Democrats in California Came With a Gut Check for Liberals,The New York Times,2020,11,6,79,1,0,0,0
"‘Shaft,’ ‘Dirty Harry’ and the Rise of the Supercop",The New York Times,2020,11,6,79,1,0,0,1
I Am Shattered but Ready to Fight,The New York Times,2020,11,6,79,1,0,0,1
"‘Accuracy Is Vital,’ Georgia Election Official Says",The New York Times,2020,11,6,79,1,0,0,1
Pennsylvania Official Says Integrity of State’s Voting Processes Is ‘Unparalleled’,The New York Times,2020,11,6,79,1,0,0,1
Officials Say Ballots Are Still Being Counted in Clark County Nevada,The New York Times,2020,11,6,79,1,0,0,-1
North Korea Tells Its People to Stop Smoking. But What About Kim Jong-un?,The New York Times,2020,11,6,79,1,0,0,-1
Kosovo President Resigns to Fight War Crimes Case in the Netherlands,The New York Times,2020,11,6,79,1,0,0,-1
Norway’s Supreme Court Hears Rights Challenge to Arctic Oil Drilling,The New York Times,2020,11,6,79,1,0,0,1
"One Day in America: More Than 121,000 Coronavirus Cases",The New York Times,2020,11,6,79,1,0,0,-1
Residents Feared Low-Income Housing Would Ruin Their Suburb. It Didn’t.,The New York Times,2020,11,6,79,1,0,0,-1
The Unforeseen Threats to the 2020 Election: Hand Sanitizer and Bad Plumbing,The New York Times,2020,11,6,79,1,0,0,-1
Secretaries of State in Spotlight as Trump Ratchets Up Attacks to Sow Doubt,The New York Times,2020,11,6,79,1,0,0,0
Flashbacks to Florida in 2000 as Trump Heads to Court to Save His Presidency,The New York Times,2020,11,6,79,1,0,0,1
Hispanic Voters Deliver a Texas Win for Trump,The New York Times,2020,11,6,79,1,0,0,1
$26 Billion Settlement Offer in Opioid Lawsuits Gains Wide Support,The New York Times,2020,11,6,79,1,0,0,1
"As Britain Locks Down, Officials Work to Keep the Economy Afloat",The New York Times,2020,11,6,79,1,0,0,1
Fed Holds Rates Steady and Signals Continued Wariness,The New York Times,2020,11,6,79,1,0,0,0
"On Election Day, Facebook and Twitter Did Better by Making Their Products Worse",The New York Times,2020,11,6,79,1,0,0,-1
The Rise and Fall of the ‘Stop the Steal’ Facebook Group,The New York Times,2020,11,6,79,1,0,0,-1
Xbox Series X and S Review: Microsoft’s New Consoles Are a Good Value. Is That Enough?,The New York Times,2020,11,6,79,1,0,0,1
N.F.L. Week 9 Predictions: Our Picks Against the Spread,The New York Times,2020,11,6,79,1,0,0,-1
Bob Baffert at the Breeders’ Cup: Awash in Favorites and Suspicion,The New York Times,2020,11,6,79,1,0,0,1
Baseball Had a Successful Season. The Tricky Part Is Doing It Again.,The New York Times,2020,11,6,79,1,0,0,1
"For the Arts in Europe, Lockdown Feels Different This Time",The New York Times,2020,11,6,79,1,0,0,0
"After a Decade of Silence, a Composer Reappears",The New York Times,2020,11,6,79,1,0,0,1
Escape Rooms in an At-Home Era? Here’s the Key,The New York Times,2020,11,6,79,1,0,0,1
‘Let Him Go’ Review: From Grief to Terror,The New York Times,2020,11,6,79,1,0,0,0
"‘Jungleland’ Review: On the Outside, Looking Down",The New York Times,2020,11,6,79,1,0,0,1
"‘Kindred’ Review: A Dreary, Derivative Hostage Thriller",The New York Times,2020,11,6,79,1,0,0,-1
N.Y.P.D. Anti-Harassment Official Accused of Racist Rants,The New York Times,2020,11,6,79,1,0,0,-1
"Tears, Hugs and Fresh Clothes: New Jersey Prisoners Rejoice at Release",The New York Times,2020,11,6,79,1,0,0,1
"It Had Aerialists, Fire Eaters and Glitter. Is Brooklyn’s Wildest Party Over?",The New York Times,2020,11,6,79,1,0,0,-1
Fox News Meets Trump’s Fraud Claims With Skepticism,The New York Times,2020,11,6,79,1,0,0,0
ESPN to Lay Off 300 Employees,The New York Times,2020,11,6,79,1,0,0,-1
Chinese Journalists Sought Freedom in the U.S. Now They’re in Limbo.,The New York Times,2020,11,6,79,1,0,0,-1
"E.S. Reddy, Who Led U.N.’s Efforts Against Apartheid, Dies at 96",The New York Times,2020,11,6,79,1,0,0,-1
Billy Tubbs Dies at 85; Made Oklahoma a Basketball Power,The New York Times,2020,11,6,79,1,0,0,1
"Helen Lachs Ginsburg, Who Saw a Living Wage as a Right, Dies at 91",The New York Times,2020,11,6,79,1,0,0,-1
Is America Becoming a Failed State?,The New York Times,2020,11,6,79,1,0,0,-1
What the Voters Are Trying to Tell Us,The New York Times,2020,11,6,79,1,0,0,0
Some Latinos Voted for Trump. Get Over It.,The New York Times,2020,11,6,79,1,0,0,-1
Early Data Show Moderna’s Coronavirus Vaccine Is 94.5% Effective,The New York Times,2020,11,17,80,1,0,0,1
Trump Sought Options for Attacking Iran to Stop Its Growing Nuclear Program,The New York Times,2020,11,17,80,1,0,0,-1
"‘More People May Die’ Because of Trump’s Transition Delay, Biden Says",The New York Times,2020,11,17,80,1,0,0,0
"New Virus, Old Enemy",The New York Times,2020,11,17,80,1,0,0,-1
"Was It Worth It, Jared and Ivanka?",The New York Times,2020,11,17,80,1,0,0,1
"‘More People May Die, if We Don’t Coordinate,’ Biden Says",The New York Times,2020,11,17,80,1,0,0,0
Hurricane Iota Floods Streets in Colombia,The New York Times,2020,11,17,80,1,0,0,-1
Japanese City Uses ‘Monster Wolf’ to Scare Off Wild Bears,The New York Times,2020,11,17,80,1,0,0,1
Hungary and Poland Threaten E.U. Stimulus Over Rule of Law Links,The New York Times,2020,11,17,80,1,0,0,-1
Hurricane Iota Makes Landfall in Nicaragua,The New York Times,2020,11,17,80,1,0,0,-1
Peru Chooses 3rd President in a Week Amid Street Protests,The New York Times,2020,11,17,80,1,0,0,0
"Trump Administration, in Late Push, Moves to Sell Oil Rights in Arctic Refuge",The New York Times,2020,11,17,80,1,0,0,-1
Hate Crimes in U.S. Rose to Highest Level in More Than a Decade in 2019,The New York Times,2020,11,17,80,1,0,0,1
Former Harvard Fencing Coach Accused of Taking $1.5 Million in Bribes,The New York Times,2020,11,17,80,1,0,0,-1
Liberals Envisioned a Multiracial Coalition. Voters of Color Had Other Ideas.,The New York Times,2020,11,17,80,1,0,0,-1
"Trump Is Said to Be Preparing to Withdraw Troops From Afghanistan, Iraq and Somalia",The New York Times,2020,11,17,80,1,0,0,-1
"As Tensions Among Republicans Mount, Georgia’s Recount Proceeds Smoothly",The New York Times,2020,11,17,80,1,0,0,1
Biden’s China Policy? A Balancing Act for a Toxic Relationship,The New York Times,2020,11,17,80,1,0,0,0
Biden Calls for Stimulus Ahead of a ‘Dark Winter’ for the Country,The New York Times,2020,11,17,80,1,0,0,1
Global Financial Stability Watchdog Warns That Markets Remain Vulnerable,The New York Times,2020,11,17,80,1,0,0,1
"Airbnb Reveals Falling Revenue, With Travel Hit by Pandemic",The New York Times,2020,11,17,80,1,0,0,-1
Election Security Experts Contradict Trump’s Voting Claims,The New York Times,2020,11,17,80,1,0,0,-1
Tap LinkedIn for Career Opportunities,The New York Times,2020,11,17,80,1,0,0,1
"A ‘Perfect’ Pitcher, a Home Run Stealer and Two-Thirds of a Big 3",The New York Times,2020,11,17,80,1,0,0,1
Phoenix Suns Agree to Trade for Chris Paul,The New York Times,2020,11,17,80,1,0,0,-1
Endless Subscribers: Pro Surfers Follow a New Path to Stardom,The New York Times,2020,11,17,80,1,0,0,1
They Are Also 2 Wild and Crazy Guys,The New York Times,2020,11,17,80,1,0,0,1
Taylor Swift Denounces Scooter Braun as Her Catalog Is Sold Again,The New York Times,2020,11,17,80,1,0,0,-1
"Readers Have Been Eagerly Waiting for Barack Obama’s New Memoir. Struggling Booksellers Have, Too.",The New York Times,2020,11,17,80,1,0,0,1
"Tourism, Engine for N.Y.C. Economy, May Not Fully Recover Until 2025",The New York Times,2020,11,17,80,1,0,0,-1
I❤️NY in Crisis: How Do Tourist Shops Survive With No Tourists?,The New York Times,2020,11,17,80,1,0,0,-1
Catch the Vibe: Club Culture Comes to Life at Lincoln Center,The New York Times,2020,11,17,80,1,0,0,1
A Popular Political Site Made a Sharp Right Turn. What Steered It?,The New York Times,2020,11,17,80,1,0,0,-1
Academy Museum Gives Debbie Reynolds Her Due as a Costume Conservator,The New York Times,2020,11,17,80,1,0,0,1
King Von’s Debut Album Reaches the Top 5 After His Death,The New York Times,2020,11,17,80,1,0,0,1
‘How Did We Not Know?’ Gun Owners Confront a Suicide Epidemic,The New York Times,2020,11,17,80,1,0,0,1
Using Wolves as First Responders Against a Deadly Brain Disease,The New York Times,2020,11,17,80,1,0,0,0
Platypuses Glow Under Blacklight. We Have No Idea Why.,The New York Times,2020,11,17,80,1,0,0,-1
"Masatoshi Koshiba, 94, Dies; Nobel Winner Tracked Ghostly Neutrinos",The New York Times,2020,11,17,80,1,0,0,-1
"Lindy McDaniel, Ace Reliever for Mediocre Teams, Dies at 84",The New York Times,2020,11,17,80,1,0,0,-1
"David Toole, Disabled Dancer With Grace in His Hands, Dies at 56",The New York Times,2020,11,17,80,1,0,0,-1
"Trump or No Trump, Religious Authoritarianism Is Here to Stay",The New York Times,2020,11,17,80,1,0,0,-1
A Lesson for Humanity From 17 Million Doomed Creatures,The New York Times,2020,11,17,80,1,0,0,0
Why the 2020 Election Makes It Hard to Be Optimistic About the Future,The New York Times,2020,11,17,80,1,0,0,-1
Trump Targets Michigan in His Ploy to Subvert the Election,The New York Times,2020,11,20,81,1,0,0,-1
C.D.C. Pleads With Americans to Stay Home on Thanksgiving,The New York Times,2020,11,20,81,1,0,0,0
Trump Tax Write-Offs Are Ensnared in 2 New York Fraud Investigations,The New York Times,2020,11,20,81,1,0,0,-1
Blood Lust and Demigods: Behind an Australian Force’s Slaughter of Helpless Afghans,The New York Times,2020,11,20,81,1,0,0,0
When Will We Throw Our Masks Away? I Asked Dr. Fauci,The New York Times,2020,11,20,81,1,0,0,0
They Championed Venezuela’s Revolution. They Are Now Its Latest Victims.,The New York Times,2020,11,20,81,1,0,0,-1
Deadly Protests Erupt in Uganda After Arrest of 2 Opposition Figures,The New York Times,2020,11,20,81,1,0,0,-1
Pompeo Visits West Bank Settlement and Offers Parting Gifts to Israeli Right,The New York Times,2020,11,20,81,1,0,0,1
Why Charges Against Protesters Are Being Dismissed by the Thousands,The New York Times,2020,11,20,81,1,0,0,0
Census Officials Say They Can’t Meet Trump’s Deadline for Population Count,The New York Times,2020,11,20,81,1,0,0,-1
These Items in Your Home Are Harming America’s Sea Animals,The New York Times,2020,11,20,81,1,0,0,-1
Trump’s Attempts to Overturn the Election Are Unparalleled in U.S. History,The New York Times,2020,11,20,81,1,0,0,1
Biden Calls Trump’s Attack on Electoral Process ‘Totally Irresponsible’,The New York Times,2020,11,20,81,1,0,0,-1
"With Senate Control Hanging in Balance, ‘Crazytown’ Cash Floods Georgia",The New York Times,2020,11,20,81,1,0,0,-1
Air Travel Was Gaining Momentum. Now What?,The New York Times,2020,11,20,81,1,0,0,1
Unemployment Claims Rise as Economic Worries Grow,The New York Times,2020,11,20,81,1,0,0,-1
"Mnuchin to End Key Fed Emergency Programs, Limiting Biden",The New York Times,2020,11,20,81,1,0,0,-1
G.M. Accelerates Its Ambitions for Electric Vehicles,The New York Times,2020,11,20,81,1,0,0,0
An Angel on the Shoulder of Your Teenage Driver (or at Least a Snitch),The New York Times,2020,11,20,81,1,0,0,1
An Arms Race in Car Stereos,The New York Times,2020,11,20,81,1,0,0,0
"Despite Uncertainty, Tokyo Olympics Promoted as Light at End of Pandemic Tunnel",The New York Times,2020,11,20,81,1,0,0,0
A New U.S. Law Would Target Doping’s Enablers. International Watchdogs Don’t Like It.,The New York Times,2020,11,20,81,1,0,0,-1
"Swimming in a Bubble, Free From the Tyranny of Times",The New York Times,2020,11,20,81,1,0,0,1
"When It Comes to Living With Uncertainty, Michael J. Fox Is a Pro",The New York Times,2020,11,20,81,1,0,0,1
"Derek Fordjour, From Anguish to Transcendence",The New York Times,2020,11,20,81,1,0,0,1
"A Festival of New Asian Art, Seeking a Direction",The New York Times,2020,11,20,81,1,0,0,1
‘Collective’ Review: When Tragedy Consumes a Nation,The New York Times,2020,11,20,81,1,0,0,0
‘Mangrove’ Review: A Restaurant’s Radicalism,The New York Times,2020,11,20,81,1,0,0,1
"‘Remote Learning Is Not Working’: Shutdown Hurts Children, Parents Say",The New York Times,2020,11,20,81,1,0,0,-1
"As the Virus Surges, How Much Longer Can New York Avoid a Full Shutdown?",The New York Times,2020,11,20,81,1,0,0,-1
About That Maligned Christmas Tree (and That Owl) at Rockefeller Center,The New York Times,2020,11,20,81,1,0,0,-1
BuzzFeed to Acquire HuffPost From Verizon Media,The New York Times,2020,11,20,81,1,0,0,-1
"At The Ringer, Staff Writers Say They Are Second-String",The New York Times,2020,11,20,81,1,0,0,-1
"Apple, After Outcry, Makes ‘Peanuts’ Holiday Specials Available on PBS",The New York Times,2020,11,20,81,1,0,0,1
"Frederick Weston, Outsider Artist Who Was Finally Let In, Dies at 73",The New York Times,2020,11,20,81,1,0,0,-1
"Ken Spears, Partner in an Animation Powerhouse, Dies at 82",The New York Times,2020,11,20,81,1,0,0,-1
"Drew Days, First Black Leader of Civil Rights Unit, Dies at 79",The New York Times,2020,11,20,81,1,0,0,-1
"‘Reach Out to Trump Supporters,’ They Said. I Tried.",The New York Times,2020,11,20,81,1,0,0,-1
"‘Gram, Are You Sad?’ This Year, We’re Spending the Holidays Alone",The New York Times,2020,11,20,81,1,0,0,1
Four Years of the Trump Administration in Court. One Word Stuck in My Head.,The New York Times,2020,11,20,81,1,0,0,1
U.S. Economy Stumbles as the Coronavirus Spreads Widely,The New York Times,2020,11,26,82,1,0,0,-1
"After Admitting Mistake, AstraZeneca Faces Difficult Questions About Its Vaccine",The New York Times,2020,11,26,82,1,0,0,-1
Trump’s Pardon of Flynn Signals Prospect of a Wave in His Final Weeks in Office,The New York Times,2020,11,26,82,1,0,0,0
Verses vs. Virus: What These Poets Laureate Are Thankful For,The New York Times,2020,11,26,82,1,0,0,1
The Losses We Share,The New York Times,2020,11,26,82,1,0,0,-1
Biden Calls for Unity in Thanksgiving Address,The New York Times,2020,11,26,82,1,0,0,1
Soccer Fans Mourn the Death of Diego Maradona,The New York Times,2020,11,26,82,1,0,0,-1
Cooking Class | Laura Kim,The New York Times,2020,11,26,82,1,0,0,1
"Macron’s Rightward Tilt, Seen in New Laws, Sows Wider Alarm in France",The New York Times,2020,11,26,82,1,0,0,1
C.I.A. Officer Is Killed in Somalia,The New York Times,2020,11,26,82,1,0,0,0
A Feared Law to Protect the Monarchy Returns Amid Thailand’s Protests,The New York Times,2020,11,26,82,1,0,0,-1
"Virus Surge, Once in the Nation’s Middle, Gains Steam All Around",The New York Times,2020,11,26,82,1,0,0,0
A New Political Force Emerges in Georgia: Asian-American Voters,The New York Times,2020,11,26,82,1,0,0,1
"Alaska’s Controversial Pebble Mine Fails to Win Critical Permit, Likely Killing It",The New York Times,2020,11,26,82,1,0,0,-1
"Trump Pardons Michael Flynn, Ending Case His Justice Dept. Sought to Shut Down",The New York Times,2020,11,26,82,1,0,0,-1
"Biden Urges Unity: ‘We’re at War With the Virus, Not With One Another’",The New York Times,2020,11,26,82,1,0,0,0
Stock Trades by Senator Perdue Said to Have Prompted Justice Dept. Inquiry,The New York Times,2020,11,26,82,1,0,0,-1
"In a Year of No Trade Fairs, Germany Takes It Hard",The New York Times,2020,11,26,82,1,0,0,-1
Penguin Random House to Buy Simon & Schuster,The New York Times,2020,11,26,82,1,0,0,0
"Latinos, Long Dismissed in Hollywood, Push to Make Voices Heard",The New York Times,2020,11,26,82,1,0,0,-1
It’s Time for a Digital Detox. (You Know You Need It.),The New York Times,2020,11,26,82,1,0,0,1
How to Game Black Friday Travel Deals During a Pandemic,The New York Times,2020,11,26,82,1,0,0,1
We’re Still Smarter Than Computers,The New York Times,2020,11,26,82,1,0,0,1
The Most Human of Immortals,The New York Times,2020,11,26,82,1,0,0,1
The N.B.A. Slam Dunk Champion Cashes In,The New York Times,2020,11,26,82,1,0,0,1
"Nick Saban, Alabama’s Coach, Tests Positive for Virus",The New York Times,2020,11,26,82,1,0,0,-1
Debbie Allen’s Technique? It’s All About Tough Love,The New York Times,2020,11,26,82,1,0,0,0
Is Margaret Thatcher’s Hometown Ready to Put Her on a Pedestal?,The New York Times,2020,11,26,82,1,0,0,0
Eat Up! Drama is Served at These Family Dinners,The New York Times,2020,11,26,82,1,0,0,1
"Homeless Men Must Leave Upper West Side Hotel, Judge Rules",The New York Times,2020,11,26,82,1,0,0,-1
How ‘Blue Bloods’ and Other Shows Resumed Filming in Pandemic N.Y.C.,The New York Times,2020,11,26,82,1,0,0,-1
A Lonely New York Holiday: ‘Miss This One and Be Alive for the Next’,The New York Times,2020,11,26,82,1,0,0,1
Why Holiday Windows Still Matter,The New York Times,2020,11,26,82,1,0,0,-1
"Family History, Uncovered in Quarantine",The New York Times,2020,11,26,82,1,0,0,1
How College Students Are Helping Each Other Survive,The New York Times,2020,11,26,82,1,0,0,1
"Diego Maradona, One of Soccer’s Greatest Players, Is Dead at 60",The New York Times,2020,11,26,82,1,0,0,-1
"Priscilla Jana, Lawyer Who Battled Apartheid, Is Dead at 76",The New York Times,2020,11,26,82,1,0,0,-1
"Honestie Hodges, Whose Handcuffing Changed Police Policy, Is Dead at 14",The New York Times,2020,11,26,82,1,0,0,-1
Trump’s ‘Favorite Dictator’ Imprisoned My Husband — to Test Joe Biden,The New York Times,2020,11,26,82,1,0,0,-1
"Gavin Newsom, What Were You Thinking?",The New York Times,2020,11,26,82,1,0,0,-1
Reports of Hong Kong’s Death Are Greatly Exaggerated,The New York Times,2020,11,26,82,1,0,0,-1
The Elderly vs. Essential Workers: Who Should Get the Coronavirus Vaccine First?,The New York Times,2020,12,6,83,1,0,0,-1
Trump’s Final Days of Rage and Denial,The New York Times,2020,12,6,83,1,0,0,-1
The Epicenter,The New York Times,2020,12,6,83,1,0,0,1
"The Rise and Fall of Carl Lentz, the Celebrity Pastor of Hillsong Church",The New York Times,2020,12,6,83,1,0,0,1
"‘I Keep My Promises,’ Trump Said. Let’s Check.",The New York Times,2020,12,6,83,1,0,0,-1
Historic Church Damaged in East Village Fire,The New York Times,2020,12,6,83,1,0,0,-1
Japanese Space Capsule Ferries Bits of Asteroid to Earth,The New York Times,2020,12,6,83,1,0,0,1
A Race Against Time to Rescue a Reef From Climate Change,The New York Times,2020,12,6,83,1,0,0,1
"As Refugees, Their Options Were Limited. Others Saw a Profit.",The New York Times,2020,12,6,83,1,0,0,-1
"He Escaped Death as a Kamikaze Pilot. 70 Years Later, He Told His Story.",The New York Times,2020,12,6,83,1,0,0,1
Report Points to Microwave ‘Attack’ as Likely Source of Mystery Illnesses That Hit Diplomats and Spies,The New York Times,2020,12,6,83,1,0,0,-1
‘They’re Playing With Our Lives’: What Happens Next for DACA’s ‘Dreamers’,The New York Times,2020,12,6,83,1,0,0,1
Flaws in Census Count Imperil Trump Plan to Exclude Undocumented Immigrants,The New York Times,2020,12,6,83,1,0,0,-1
Republicans Pushed to Restrict Voting. Millions of Americans Pushed Back.,The New York Times,2020,12,6,83,1,0,0,-1
"At Rally for Georgia Senators, Trump Focuses on His Own Grievances",The New York Times,2020,12,6,83,1,0,0,1
"Cynthia Lummis, a Bull-Coaxing Conservative, Heads to the Senate",The New York Times,2020,12,6,83,1,0,0,-1
Why Melinda Gates Spends Time ‘Letting My Heart Break’,The New York Times,2020,12,6,83,1,0,0,0
"A Covid-Free Cruise Takes Planning, but the Strip Show Goes On",The New York Times,2020,12,6,83,1,0,0,-1
The Puzzle of Low Interest Rates,The New York Times,2020,12,6,83,1,0,0,-1
"With 3 Billion Packages to Go, Online Shopping Faces Tough Holiday Test",The New York Times,2020,12,6,83,1,0,0,-1
Police Drones Are Starting to Think for Themselves,The New York Times,2020,12,6,83,1,0,0,1
"In a Pandemic, Creative and Mostly Virtual Socializing",The New York Times,2020,12,6,83,1,0,0,1
Talking About Race Made Two N.F.L. Teammates Partners in Activism,The New York Times,2020,12,6,83,1,0,0,1
"As Premier League Gates Reopen, a Soothing Soundtrack Returns",The New York Times,2020,12,6,83,1,0,0,1
Liberty Win the W.N.B.A. Draft Lottery Again,The New York Times,2020,12,6,83,1,0,0,1
"How Francis Ford Coppola Got Pulled Back In to Make ‘The Godfather, Coda’",The New York Times,2020,12,6,83,1,0,0,0
2 Major Movies and a Life Shadowed by Pain and Perfectionism,The New York Times,2020,12,6,83,1,0,0,0
Zanele Muholi Walks In With the Ancestors,The New York Times,2020,12,6,83,1,0,0,1
Surviving on Hot Plates and Takeout: 73 Days Without Cooking Gas,The New York Times,2020,12,6,83,1,0,0,1
How Santa Plans to Keep Everyone Safe This Year,The New York Times,2020,12,6,83,1,0,0,1
We Met Them in the Depths of the Pandemic. How Are They Doing Now?,The New York Times,2020,12,6,83,1,0,0,-1
"‘Selena: The Series,’ Dreaming of Her",The New York Times,2020,12,6,83,1,0,0,1
Barry Gibb Has a Mission: ‘Keep the Music Alive’,The New York Times,2020,12,6,83,1,0,0,1
"Interabled YouTubers, ‘Cole and Charisma,’ Celebrate Wedding",The New York Times,2020,12,6,83,1,0,0,1
The Social Life of Forests,The New York Times,2020,12,6,83,1,0,0,1
India’s Leading Documentary Filmmaker Has a Warning,The New York Times,2020,12,6,83,1,0,0,1
How Nick Kroll Became the Picasso of Puberty,The New York Times,2020,12,6,83,1,0,0,-1
The Newest Hotel Amenity? Virus-Scrubbed Air,The New York Times,2020,12,6,83,1,0,0,-1
The Sadness of the Trips Not Taken,The New York Times,2020,12,6,83,1,0,0,-1
How to Pretend You’re in Tokyo,The New York Times,2020,12,6,83,1,0,0,0
"Lights, Camera, Construction!",The New York Times,2020,12,6,83,1,0,0,1
Median Home Price Sets New Record in California,The New York Times,2020,12,6,83,1,0,0,1
That Home You Made With Your Ex? ‘Say Goodbye to Everything’,The New York Times,2020,12,6,83,1,0,0,0
"Candice Bergen, Woman Who’s Had It All",The New York Times,2020,12,6,83,1,0,0,1
Have You Sent Your Holiday Cards Yet?,The New York Times,2020,12,6,83,1,0,0,0
The Pandemic Arrived. His Text Back Did Not.,The New York Times,2020,12,6,83,1,0,0,-1
"Barbra Streisand Is, as Ever, Firmly in Control",The New York Times,2020,12,6,83,1,0,0,1
"Patti LaBelle, the Doyenne of Philadelphia Soul",The New York Times,2020,12,6,83,1,0,0,1
The Grit and Glory of Dolly Parton,The New York Times,2020,12,6,83,1,0,0,1
"Walter E. Williams, 84, Dies; Conservative Economist on Black Issues",The New York Times,2020,12,6,83,1,0,0,1
"Irina Antonova, Grande Dame of Russian Museum World, Dies at 98",The New York Times,2020,12,6,83,1,0,0,-1
"Warren Berlinger, Film and Television Character Actor, Dies at 83",The New York Times,2020,12,6,83,1,0,0,-1
The Decency Agenda,The New York Times,2020,12,6,83,1,0,0,1
And Play Like a Girl She Did,The New York Times,2020,12,6,83,1,0,0,1
A King Above and Beyond Politics,The New York Times,2020,12,6,83,1,0,0,1
"F.D.A. Authorizes Moderna Vaccine, Adding Millions of Doses to U.S. Supply",The New York Times,2020,12,19,84,1,0,0,1
Trump Claims Credit for Vaccines. Some of His Backers Don’t Want to Take Them.,The New York Times,2020,12,19,84,1,0,0,-1
New York City Will Change Many Selective Schools to Address Segregation,The New York Times,2020,12,19,84,1,0,0,-1
Trump’s Future: Tons of Cash and Plenty of Options for Spending It,The New York Times,2020,12,19,84,1,0,0,1
The Next 3 Months Are Going to Be Pure Hell,The New York Times,2020,12,19,84,1,0,0,-1
‘Didn’t Feel a Thing’: Pence Receives Coronavirus Vaccine,The New York Times,2020,12,19,84,1,0,0,-1
‘I Don’t Like It’: Rome Reacts to Nativity Scene,The New York Times,2020,12,19,84,1,0,0,-1
‘Ma Rainey’s Black Bottom’ | Anatomy of a Scene,The New York Times,2020,12,19,84,1,0,0,1
Who Gets to Breathe Clean Air in New Delhi?,The New York Times,2020,12,19,84,1,0,0,1
"An Ex-Governor Is Gunned Down, Punctuating a Deadly Year for Mexico",The New York Times,2020,12,19,84,1,0,0,-1
‘A Social Species’: How Kangaroos Communicate With People,The New York Times,2020,12,19,84,1,0,0,1
Justices Put Off Ruling on Trump Plan for Unauthorized Immigrants and Census,The New York Times,2020,12,19,84,1,0,0,0
United Helps to Contact Passengers After Possible Covid-19-Related Death on Flight,The New York Times,2020,12,19,84,1,0,0,1
Here’s What People With Allergies Should Know About Covid Vaccines,The New York Times,2020,12,19,84,1,0,0,-1
Congress Clears Two-Day Spending Extension to Finalize Stimulus Deal,The New York Times,2020,12,19,84,1,0,0,-1
Barr Says C.I.A. ‘Stayed in Its Lane’ in Examining Russian Election Interference,The New York Times,2020,12,19,84,1,0,0,0
Lara Trump served on the board of a company through which the Trump political operation spent more than $700 million.,The New York Times,2020,12,19,84,1,0,0,0
"How May We Serve You? For Restaurant Chains, It Depends on the Location",The New York Times,2020,12,19,84,1,0,0,0
"Carrier Plant Is Bustling, but Workers Are Wary as Trump Exits",The New York Times,2020,12,19,84,1,0,0,-1
"Employers Can Require Workers to Get Covid-19 Vaccine, U.S. Says",The New York Times,2020,12,19,84,1,0,0,-1
"Tesla, Profitable at Last, Bulls Its Way Into the S&P 500",The New York Times,2020,12,19,84,1,0,0,1
Zoom Executive Accused of Disrupting Calls at China’s Behest,The New York Times,2020,12,19,84,1,0,0,-1
Sony Removes Cyberpunk 2077 From PlayStation Store After Complaints,The New York Times,2020,12,19,84,1,0,0,-1
"Tiger Woods, Playing Partner and Parent",The New York Times,2020,12,19,84,1,0,0,1
"‘Canelo’ and ‘Triple G’ Are Boxing, but Not Their Third Bout",The New York Times,2020,12,19,84,1,0,0,-1
"Its Football Season Over, Cal Wonders: Was It Worth It?",The New York Times,2020,12,19,84,1,0,0,-1
They Died in the French and Indian War. Their Remains Await Reburial.,The New York Times,2020,12,19,84,1,0,0,0
‘Break It All’ Celebrates the Oppositional Energy of Latin Rock,The New York Times,2020,12,19,84,1,0,0,1
Kaley Cuoco Thanks You for Flying With ‘The Flight Attendant’,The New York Times,2020,12,19,84,1,0,0,1
"An Unprepared N.Y.P.D. Badly Mishandled Floyd Protests, Watchdog Says",The New York Times,2020,12,19,84,1,0,0,-1
Buried Under Snow in a Car for 10 Hours. Who Would Come to the Rescue?,The New York Times,2020,12,19,84,1,0,0,-1
Ghislaine Maxwell Calls Jail Oppressive. Prosecutors Say She Has It Easy.,The New York Times,2020,12,19,84,1,0,0,-1
"A Riveting ISIS Story, Told in a Times Podcast, Falls Apart",The New York Times,2020,12,19,84,1,0,0,-1
Chinese Journalist Who Documented Communist History Is Detained in Beijing,The New York Times,2020,12,19,84,1,0,0,-1
Their Publishing Imprint Closed. Now They’re Bringing It Back.,The New York Times,2020,12,19,84,1,0,0,-1
"Harold Budd, Composer of Spaciousness and Calm, Dies at 84",The New York Times,2020,12,19,84,1,0,0,1
"Don Fowler, Democratic Co-Chairman Under Clinton, Dies at 85",The New York Times,2020,12,19,84,1,0,0,-1
Fire Robert Wilkie,The New York Times,2020,12,19,84,1,0,0,0
Facebook’s Tone-Deaf Attack on Apple,The New York Times,2020,12,19,84,1,0,0,-1
"Punch After Punch, Rape After Rape, a Murderer Was Made",The New York Times,2020,12,19,84,1,0,0,-1
"Pandemic’s Toll on Housing: Falling Behind, Doubling Up",The New York Times,2021,2,7,85,1,0,0,-1
‘Nobody Tells Daddy No’: A Housing Boss’s Many Abuse Cases,The New York Times,2021,2,7,85,1,0,0,1
To Fight or Hide: Fear Grips Myanmar With Military Back in Charge,The New York Times,2021,2,7,85,1,0,0,0
"Pushing QAnon and Stolen Election Lies, Flynn Re-emerges",The New York Times,2021,2,7,85,1,0,0,1
The First Step Is Admitting You Have a Problem,The New York Times,2021,2,7,85,1,0,0,1
"In Afghanistan, a Booming Kidney Trade Preys on the Poor",The New York Times,2021,2,7,85,1,0,0,-1
"In Beleaguered Babylon, Doing Battle Against Time, Water and Modern Civilization",The New York Times,2021,2,7,85,1,0,0,1
Public Buildings Set Ablaze in Chile After Police Shoot Street Juggler,The New York Times,2021,2,7,85,1,0,0,-1
Migrant Families Force Biden to Confront New Border Crisis,The New York Times,2021,2,7,85,1,0,0,1
Anti-Vaccine Activists Emboldened in California,The New York Times,2021,2,7,85,1,0,0,1
‘Freight Train’ Snowstorm Taking Aim at the East,The New York Times,2021,2,7,85,1,0,0,0
Biden Wants Harris to Have a Major Role. What It Is Hasn’t Been Defined.,The New York Times,2021,2,7,85,1,0,0,-1
Trump Lawyer Asks to Pause Impeachment Trial if It Runs Into Sabbath,The New York Times,2021,2,7,85,1,0,0,-1
Immunization Expert Accuses C.D.C. and Deloitte of Stealing Her Idea,The New York Times,2021,2,7,85,1,0,0,-1
HNA Was Once China’s Biggest Dealmaker. Now It Faces Bankruptcy.,The New York Times,2021,2,7,85,1,0,0,-1
Housing Parents in a Pandemic: How About the Backyard?,The New York Times,2021,2,7,85,1,0,0,-1
"My New Job Did a Salary Bait and Switch, and I Want Out",The New York Times,2021,2,7,85,1,0,0,1
How the United States Lost to Hackers,The New York Times,2021,2,7,85,1,0,0,0
"On Ballet TikTok, a Place for Young Dancers to Be Real",The New York Times,2021,2,7,85,1,0,0,1
What Can You Actually Buy With Bitcoin?,The New York Times,2021,2,7,85,1,0,0,0
"Through Genetics, Luck or ‘Prehab,’ Tom Brady Endures at 43",The New York Times,2021,2,7,85,1,0,0,0
"At the Super Bowl, Antonio Brown Tries to Move On. Many Cannot.",The New York Times,2021,2,7,85,1,0,0,-1
Growing Chorus of N.B.A. Stars Boos League’s Virus Strategy,The New York Times,2021,2,7,85,1,0,0,-1
"Foo Fighters Wanted to Rule Rock. 25 Years Later, They’re Still Roaring.",The New York Times,2021,2,7,85,1,0,0,1
How the Pandemic Is Coming to Prime Time (or Not),The New York Times,2021,2,7,85,1,0,0,0
"Celeste, a Young Singer With an Old Soul, Makes Her Move",The New York Times,2021,2,7,85,1,0,0,1
Don’t Hate the SoulCycle Celeb Who Got the Vaccine. Hate the System.,The New York Times,2021,2,7,85,1,0,0,-1
"Facing Deficit, Met Considers Selling Art to Help Pay the Bills",The New York Times,2021,2,7,85,1,0,0,-1
‘I Am Blown Away’: Strangers Are Helping Strangers Get Vaccinated,The New York Times,2021,2,7,85,1,0,0,1
Lawsuits Take the Lead in Fight Against Disinformation,The New York Times,2021,2,7,85,1,0,0,0
The Working Woman’s Anthem ‘9 to 5’ Needed an Update. But This?,The New York Times,2021,2,7,85,1,0,0,-1
"Scenes From a Marriage, Patinkin-Style",The New York Times,2021,2,7,85,1,0,0,1
The Many Lives of Steven Yeun,The New York Times,2021,2,7,85,1,0,0,1
Risking Everything to Come to America on the Open Ocean,The New York Times,2021,2,7,85,1,0,0,-1
Even Jodie Foster Is Still Trying to Figure Jodie Foster Out,The New York Times,2021,2,7,85,1,0,0,0
Coming Soon: The ‘Vaccine Passport’,The New York Times,2021,2,7,85,1,0,0,0
The Hidden Epidemic on Travel’s Front Line,The New York Times,2021,2,7,85,1,0,0,0
Travel and the Art of Anticipation,The New York Times,2021,2,7,85,1,0,0,1
"Getting to Know You, Again",The New York Times,2021,2,7,85,1,0,0,1
Sarah Jessica Parker and Matthew Broderick Help Kick Off the 2021 Market,The New York Times,2021,2,7,85,1,0,0,1
Making the Most of Their Terrace,The New York Times,2021,2,7,85,1,0,0,1
The Mushrooms Will Survive Us,The New York Times,2021,2,7,85,1,0,0,0
‘Bridgerton’ Is Just the Beginning,The New York Times,2021,2,7,85,1,0,0,1
It’s Not Every Day We Get a New Blue,The New York Times,2021,2,7,85,1,0,0,-1
A Breakout Portrait Artist Invested in Asian Representation,The New York Times,2021,2,7,85,1,0,0,1
A Photo That Captures a Busier Bygone Era in New York,The New York Times,2021,2,7,85,1,0,0,1
"A Famous Prada Print, Back With a Twist",The New York Times,2021,2,7,85,1,0,0,1
"Leon Spinks, Boxer Who Took Ali’s Crown and Lost It, Dies at 67",The New York Times,2021,2,7,85,1,0,0,-1
"Margaret C. Snyder, the U.N.’s ‘First Feminist,’ Dies at 91",The New York Times,2021,2,7,85,1,0,0,-1
"Richard Feigen, Gallerist and Champion of Art, Dies at 90",The New York Times,2021,2,7,85,1,0,0,-1
The Task Ahead for Biden on Climate,The New York Times,2021,2,7,85,1,0,0,1
The Ugly Secrets Behind the Costco Chicken,The New York Times,2021,2,7,85,1,0,0,-1
Marjorie Taylor Greene and the Republican Perversion of ‘Freedom’,The New York Times,2021,2,7,85,1,0,0,1
A Glimpse of America’s Future: Climate Change Means Trouble for Power Grids,The New York Times,2021,2,17,86,1,0,0,1
"Stay or Go? Biden, Long a Critic of Afghan Deployments, Faces a Deadline",The New York Times,2021,2,17,86,1,0,0,-1
"In Turkey’s Safe Zone in Syria, Security and Misery Go Hand in Hand",The New York Times,2021,2,17,86,1,0,0,1
Daniil Medvedev Finds Another Way of Playing Professional Tennis,The New York Times,2021,2,17,86,1,0,0,1
The New Debt Prisons,The New York Times,2021,2,17,86,1,0,0,-1
Millions in Texas Are Without Power After Storm,The New York Times,2021,2,17,86,1,0,0,-1
Father and Son Are Flown to Hospital After Icy Fall in Berlin,The New York Times,2021,2,17,86,1,0,0,-1
Biden Will Speak With Israeli Prime Minister Netanyahu ‘Soon’,The New York Times,2021,2,17,86,1,0,0,1
"At Rio’s Carnival, Vaccine Jabs Are In, Glitter and Samba Out",The New York Times,2021,2,17,86,1,0,0,1
Trial for Aung San Suu Kyi Begins in Secret,The New York Times,2021,2,17,86,1,0,0,1
Accusations of Sexual Harassment Rock Greek Arts World,The New York Times,2021,2,17,86,1,0,0,-1
Mapping the Winter Storm’s Impact,The New York Times,2021,2,17,86,1,0,0,1
"Through Chattering Teeth, Texans Criticize Extended Power Outages",The New York Times,2021,2,17,86,1,0,0,-1
Police Forces Have Long Tried to Weed Out Extremists in the Ranks. Then Came the Capitol Riot.,The New York Times,2021,2,17,86,1,0,0,-1
"On Trump, Michigan Republicans Lean One Way: ‘Fealty at All Costs’",The New York Times,2021,2,17,86,1,0,0,-1
Biden Works to Leverage Senate Ties to Power His Agenda,The New York Times,2021,2,17,86,1,0,0,1
"Trump, in Scorching Attack on McConnell, Urges G.O.P. to Replace Him",The New York Times,2021,2,17,86,1,0,0,0
"To Plug a Pension Gap, This City Rented Its Streets. To Itself.",The New York Times,2021,2,17,86,1,0,0,-1
Winter Storm Disrupts Wide Swath of American Business,The New York Times,2021,2,17,86,1,0,0,0
A Hidden Hurdle in Efforts to Diversify Boardrooms,The New York Times,2021,2,17,86,1,0,0,-1
The Auto Industry Bets Its Future on Batteries,The New York Times,2021,2,17,86,1,0,0,-1
"New York Sues Amazon, Saying It Inadequately Protected Workers From Covid-19",The New York Times,2021,2,17,86,1,0,0,-1
Technology Executive Apologizes After Dozens of Event Attendees Contract Covid-19,The New York Times,2021,2,17,86,1,0,0,-1
"Serena Williams, Refreshed and Rolling, Sets Up Showdown With Osaka",The New York Times,2021,2,17,86,1,0,0,1
Aslan Karatsev of Russia Continues an Unlikely Run at Australian Open,The New York Times,2021,2,17,86,1,0,0,0
"The Daytona 500 Champion Isn’t Surprised He Won, Even if You Are",The New York Times,2021,2,17,86,1,0,0,-1
A Painter Explores His Royal Roots,The New York Times,2021,2,17,86,1,0,0,1
Opera Singers Help Covid-19 Patients Learn to Breathe Again,The New York Times,2021,2,17,86,1,0,0,1
The World Grieves for Millions. An Artist Grieves for One.,The New York Times,2021,2,17,86,1,0,0,1
Trump Tower’s Neighbors Are Relieved as Barricades Come Down,The New York Times,2021,2,17,86,1,0,0,-1
"Amy Cooper, Who Falsely Accused Black Bird-Watcher, Has Charge Dismissed",The New York Times,2021,2,17,86,1,0,0,-1
Corey Johnson Exited the N.Y.C. Mayor’s Race. Will He Run for Comptroller?,The New York Times,2021,2,17,86,1,0,0,-1
"As Fox News Struggles at Home, Murdoch Brings Its Playbook to the U.K.",The New York Times,2021,2,17,86,1,0,0,0
"In Videos, Dubai Princess Says She Is a ‘Hostage’",The New York Times,2021,2,17,86,1,0,0,-1
Vox Finds Its Next Top Editor at The Atlantic,The New York Times,2021,2,17,86,1,0,0,1
"Stuck at Home, Pastry Chefs Find Freedom. New Yorkers Find Cookies.",The New York Times,2021,2,17,86,1,0,0,1
There’s No Better Time for Maximalist Brownies,The New York Times,2021,2,17,86,1,0,0,1
Can a Fine Whiskey Age Overnight?,The New York Times,2021,2,17,86,1,0,0,0
Oregon Is Vaccinating Teachers. It Might Not Be Enough to Reopen Schools.,The New York Times,2021,2,17,86,1,0,0,-1
"To Get Their Lives Back, Teens Volunteer for Vaccine Trials",The New York Times,2021,2,17,86,1,0,0,0
Piecing Together the Next Pandemic,The New York Times,2021,2,17,86,1,0,0,-1
"Bernard Lown, Inventive Heart Doctor and Antiwar Activist, Dies at 99",The New York Times,2021,2,17,86,1,0,0,-1
"Kathleen Ham, Who Met Her Rapist Twice in Court, Dies at 73",The New York Times,2021,2,17,86,1,0,0,-1
"Johnny Pacheco, Who Helped Bring Salsa to the World, Dies at 85",The New York Times,2021,2,17,86,1,0,0,-1
"What Trump, San Francisco and the Deer in My Backyard Have in Common",The New York Times,2021,2,17,86,1,0,0,1
They Say They Are Attacking Abortion. They Are Really Hurting the Poor.,The New York Times,2021,2,17,86,1,0,0,-1
America’s Brutal Racial History Is Written All Over Our Genes,The New York Times,2021,2,17,86,1,0,0,-1
Rich Countries Signed Away a Chance to Vaccinate the World,The New York Times,2021,3,22,87,1,0,0,1
"Assaulting the Truth, Ron Johnson Helps Erode Confidence in Government",The New York Times,2021,3,22,87,1,0,0,0
"Evidence in Capitol Attack Most Likely Supports Sedition Charges, Prosecutor Says",The New York Times,2021,3,22,87,1,0,0,-1
The Private Lives of Strippers,The New York Times,2021,3,22,87,1,0,0,1
"There Are Two Asian-Americas, and One Is Invisible",The New York Times,2021,3,22,87,1,0,0,1
‘We’ve Lost the Line!’: Radio Traffic Reveals Police Under Siege at Capitol,The New York Times,2021,3,22,87,1,0,0,0
Police Break Up Spring Break Crowds in Miami Beach,The New York Times,2021,3,22,87,1,0,0,1
Defense Secretary Austin Makes Unannounced Visit to Afghanistan,The New York Times,2021,3,22,87,1,0,0,0
Think Covid’s Messed Up Your Travel Plans? Try Getting Into China.,The New York Times,2021,3,22,87,1,0,0,-1
"After Sarah Everard’s Killing, Women’s Groups Want Change, Not More Policing",The New York Times,2021,3,22,87,1,0,0,0
"In Kabul’s Streets, Dogs Rule the Night",The New York Times,2021,3,22,87,1,0,0,1
Fully Vaccinated and Time to Party: If You Are 70,The New York Times,2021,3,22,87,1,0,0,1
"After Spa Attacks, Officers Handcuffed Victim’s Anguished Husband for Four Hours",The New York Times,2021,3,22,87,1,0,0,-1
"Meet Wyoming’s New Black Sheriff, the First in State History",The New York Times,2021,3,22,87,1,0,0,1
"Postal Service Struggles to Speed Up Delivery, Compounding Its Troubles",The New York Times,2021,3,22,87,1,0,0,-1
Why Some Georgia Lawmakers Want Last Week’s Shootings Labeled Hate Crimes,The New York Times,2021,3,22,87,1,0,0,-1
Clash Between Union Campaigns and Private Property at Supreme Court,The New York Times,2021,3,22,87,1,0,0,-1
"Recast as ‘Stimmies,’ Federal Relief Checks Drive a Stock Buying Spree",The New York Times,2021,3,22,87,1,0,0,-1
‘A Perfect World’ Around Every Miniature Bend,The New York Times,2021,3,22,87,1,0,0,1
"$29 Billion Railroad Merger to Connect U.S., Mexico and Canada",The New York Times,2021,3,22,87,1,0,0,1
"After Tony Hsieh’s Shocking Death, Zappos Looks to Move Forward",The New York Times,2021,3,22,87,1,0,0,1
The Great Amazon Flip-a-Thon,The New York Times,2021,3,22,87,1,0,0,1
Résumé-Writing Tips to Help You Get Past the A.I. Gatekeepers,The New York Times,2021,3,22,87,1,0,0,1
"The Loyola-Chicago Ramblers, and Sister Jean, Return to the Round of 16",The New York Times,2021,3,22,87,1,0,0,1
San Antonio Is Quiet at Outset of Women’s Basketball Tournament,The New York Times,2021,3,22,87,1,0,0,-1
When Game Day Is a Crime Scene,The New York Times,2021,3,22,87,1,0,0,0
Julie Mehretu’s Reckoning With Success,The New York Times,2021,3,22,87,1,0,0,1
Excellence Runs in the Family. Her Novel’s Heroine Wants Something Else.,The New York Times,2021,3,22,87,1,0,0,1
TV’s Battle of the Binge: Why the Wait Can Be Worth It,The New York Times,2021,3,22,87,1,0,0,-1
Mixed Virus Data Has Some Experts Questioning Pace of N.Y.C. Reopening,The New York Times,2021,3,22,87,1,0,0,-1
"$325,000 Settlement for Teacher Over Trump References Removed From Yearbook",The New York Times,2021,3,22,87,1,0,0,-1
New York Renters in Covid Hot Spots Are Four Times More Likely to Face Eviction,The New York Times,2021,3,22,87,1,0,0,-1
He Redefined ‘Racist.’ Now He’s Trying to Build a Newsroom.,The New York Times,2021,3,22,87,1,0,0,-1
Ken Burns Still Has Faith in a Shared American Story,The New York Times,2021,3,22,87,1,0,0,1
Take a Journey Through 125 Years of Book Review History,The New York Times,2021,3,22,87,1,0,0,1
"Kent Taylor, Texas Roadhouse Founder and C.E.O., Dies at 65",The New York Times,2021,3,22,87,1,0,0,-1
"Elsa Peretti, Star Designer of Elegant Jewelry, Dies at 80",The New York Times,2021,3,22,87,1,0,0,-1
"Nawal el Saadawi, Advocate for Women in the Arab World, Dies at 89",The New York Times,2021,3,22,87,1,0,0,-1
Exploiting Black Fears of False Persecution,The New York Times,2021,3,22,87,1,0,0,-1
Why Do British Uber Drivers Deserve Better Benefits?,The New York Times,2021,3,22,87,1,0,0,-1
Michigan’s Covid Wards Are Filling Up With Younger Patients,The New York Times,2021,4,26,88,1,0,0,1
Split-Second Decisions: How a Supreme Court Case Shaped Modern Policing,The New York Times,2021,4,26,88,1,0,0,1
Terrorist Group Steps Into Venezuela as Lawlessness Grows,The New York Times,2021,4,26,88,1,0,0,-1
Phuket Was Poised for Tourism Comeback. A Covid Surge Dashed Those Hopes.,The New York Times,2021,4,26,88,1,0,0,-1
How ICE’s Mishandling of Covid-19 Fueled Outbreaks Around the Country,The New York Times,2021,4,26,88,1,0,0,-1
4 Takeaways From Our Investigation Into ICE’s Mishandling of Covid-19,The New York Times,2021,4,26,88,1,0,0,1
Fire at Baghdad Hospital Packed With Covid Patients Kills at Least 82,The New York Times,2021,4,26,88,1,0,0,-1
"Iran’s Foreign Minister, in Leaked Tape, Says Revolutionary Guards Set Policies",The New York Times,2021,4,26,88,1,0,0,-1
E.U. Set to Let Vaccinated U.S. Tourists Visit This Summer,The New York Times,2021,4,26,88,1,0,0,1
Rural Ambulance Crews Have Run Out of Money and Volunteers,The New York Times,2021,4,26,88,1,0,0,-1
"$1 Million in Toxic Bleach Sold as ‘Miracle’ Cure, Officials Say",The New York Times,2021,4,26,88,1,0,0,-1
Overdue VHS Tape From 1999 Leads to Warrant for Embezzlement,The New York Times,2021,4,26,88,1,0,0,-1
"Half a Year After Trump’s Defeat, Arizona Republicans Are Recounting the Vote",The New York Times,2021,4,26,88,1,0,0,-1
"Federal Aid to Renters Moves Slowly, Leaving Many at Risk",The New York Times,2021,4,26,88,1,0,0,-1
"Kevin McCarthy, Four Months After Jan. 6, Still on Defensive Over Trump",The New York Times,2021,4,26,88,1,0,0,-1
Millions Are Skipping Their Second Doses of Covid Vaccines,The New York Times,2021,4,26,88,1,0,0,-1
U.S. to Send Virus-Ravaged India Materials for Vaccines,The New York Times,2021,4,26,88,1,0,0,-1
‘Chlorinated’ U.S. Chickens Convince British Consumers the Sky Is Falling,The New York Times,2021,4,26,88,1,0,0,-1
"As Outbreak Rages, India Orders Critical Social Media Posts to Be Taken Down",The New York Times,2021,4,26,88,1,0,0,-1
Domestic Workers in Gulf Countries Vent Woes on TikTok,The New York Times,2021,4,26,88,1,0,0,1
‘Nothing Short of Amazing’: NASA Mars Helicopter Makes Longest Flight Yet,The New York Times,2021,4,26,88,1,0,0,1
A Minneapolis High School Football Team and Its Coach Move On,The New York Times,2021,4,26,88,1,0,0,-1
Urban Meyer’s Renewal in Jacksonville,The New York Times,2021,4,26,88,1,0,0,1
Rose Namajunas Retakes U.F.C. Title by Defeating Chinese Star Zhang Weili,The New York Times,2021,4,26,88,1,0,0,1
2021 Oscar Winners: Complete List,The New York Times,2021,4,26,88,1,0,0,1
What the Stars Wore on the Oscars Red Carpet,The New York Times,2021,4,26,88,1,0,0,1
"Writing in Italian, Jhumpa Lahiri Found a New Voice",The New York Times,2021,4,26,88,1,0,0,1
N.Y.C. Bans Pesticides in Parks With Push From Unlikely Force: Children,The New York Times,2021,4,26,88,1,0,0,0
"Eric Adams Endorsed by Top Bronx Leader, Giving Him Lift With Latinos",The New York Times,2021,4,26,88,1,0,0,1
Fending Off the Package Pirates,The New York Times,2021,4,26,88,1,0,0,-1
The Covid-19 Oscars: Not Masked but Still Muffled,The New York Times,2021,4,26,88,1,0,0,-1
Is an Activist’s Pricey House News? Facebook Alone Decides.,The New York Times,2021,4,26,88,1,0,0,-1
How a Multimedia Whiz Seized Digital Theater’s Big Moment,The New York Times,2021,4,26,88,1,0,0,1
What Do Women Want? For Men to Get Covid Vaccines.,The New York Times,2021,4,26,88,1,0,0,-1
How Bad Is Our Pandemic Drinking Problem?,The New York Times,2021,4,26,88,1,0,0,-1
The Nervous Person’s Guide to Re-entering Society,The New York Times,2021,4,26,88,1,0,0,1
"Alber Elbaz, Beloved Fashion Designer, Is Dead at 59",The New York Times,2021,4,26,88,1,0,0,-1
"Bob Fass, Pioneer of Underground Radio, Dies at 87",The New York Times,2021,4,26,88,1,0,0,-1
"Felix Silla, Cousin Itt on ‘The Addams Family’ Dies at 84",The New York Times,2021,4,26,88,1,0,0,-1
Pentagon Accelerates Withdrawal From Afghanistan,The New York Times,2021,5,26,89,1,0,0,-1
‘On the Ashes of Tragedy’: Mixed Emotions on Anniversary of George Floyd’s Death,The New York Times,2021,5,26,89,1,0,0,1
Roman Protasevich: A Belarus Activist Who ‘Refused to Live in Fear’,The New York Times,2021,5,26,89,1,0,0,0
The Native Scholar Who Wasn’t,The New York Times,2021,5,26,89,1,0,0,1
The Myth of Coexistence in Israel,The New York Times,2021,5,26,89,1,0,0,1
New York Leaders Honor George Floyd,The New York Times,2021,5,26,89,1,0,0,1
Blinken Visits Israel and the West Bank,The New York Times,2021,5,26,89,1,0,0,1
Fauci Optimistic Over Moderna Vaccine for Teenagers,The New York Times,2021,5,26,89,1,0,0,1
"Seeking to Restore Palestinian Links, Blinken Risks New Frictions With Israel",The New York Times,2021,5,26,89,1,0,0,-1
The Cummings Chronicles: The Can’t-Miss Sequel,The New York Times,2021,5,26,89,1,0,0,1
Iraqi Activism Fights for Survival Amid Murders and Threats,The New York Times,2021,5,26,89,1,0,0,-1
The Central California Town That Keeps Sinking,The New York Times,2021,5,26,89,1,0,0,-1
C.D.C. Will Not Investigate Mild Infections in Vaccinated Americans,The New York Times,2021,5,26,89,1,0,0,-1
Biden Opens California’s Coast to Wind Farms,The New York Times,2021,5,26,89,1,0,0,1
"Coons, Biden’s Eyes and Ears in the Senate, Reaches for Bipartisanship",The New York Times,2021,5,26,89,1,0,0,0
Texas Lawmakers Move to Drop Most Handgun Licensing Requirements,The New York Times,2021,5,26,89,1,0,0,-1
Justice Dept. Fights to Keep Secret a Memo on Clearing Trump in Russia Inquiry,The New York Times,2021,5,26,89,1,0,0,-1
A New Crop in Pennsylvania: Warehouses,The New York Times,2021,5,26,89,1,0,0,0
Ready to Return: Fashion Rental Is Back,The New York Times,2021,5,26,89,1,0,0,-1
Vets Go Upscale to Care for Pets (and Their Owners),The New York Times,2021,5,26,89,1,0,0,1
D.C. Accuses Amazon of Controlling Online Prices,The New York Times,2021,5,26,89,1,0,0,-1
Indian Police Visit Twitter Offices as Modi Goes on Pandemic Offense,The New York Times,2021,5,26,89,1,0,0,-1
The Big Deal in Amazon’s Antitrust Case,The New York Times,2021,5,26,89,1,0,0,1
On the Verge of Two Million Runs,The New York Times,2021,5,26,89,1,0,0,0
‘I Am So Freaked Out. I Can’t Even Get My Mind Around It.’,The New York Times,2021,5,26,89,1,0,0,-1
Catarina Macario Is Just Getting Started,The New York Times,2021,5,26,89,1,0,0,1
A Lost Brontë Library Surfaces,The New York Times,2021,5,26,89,1,0,0,-1
The Endless Curiosity of Chris Thile,The New York Times,2021,5,26,89,1,0,0,1
Taiwan Was a Covid Haven for Performers. Then Cases Flared.,The New York Times,2021,5,26,89,1,0,0,0
Andrew Yang Believes in New York and Himself. Is That Enough?,The New York Times,2021,5,26,89,1,0,0,1
Who’s Winning the New York Mayor’s Race? Even Pollsters Are Confused.,The New York Times,2021,5,26,89,1,0,0,0
Brooklyn Museum Employees Take Steps Toward a Union,The New York Times,2021,5,26,89,1,0,0,-1
A.P. Begins Review of Social Media Policy After Journalist’s Firing,The New York Times,2021,5,26,89,1,0,0,-1
Nikole Hannah-Jones Receives Support in Tenure Dispute,The New York Times,2021,5,26,89,1,0,0,1
Fox News will replay prime-time shows on its streaming service.,The New York Times,2021,5,26,89,1,0,0,-1
"TikTok, the Fastest Way on Earth to Become a Food Star",The New York Times,2021,5,26,89,1,0,0,1
"She Built a Baltimore Restaurant Empire, but She Still Works the Stove",The New York Times,2021,5,26,89,1,0,0,1
"The Cicadas Are Here. For the Chef Bun Lai, They’re on the Menu.",The New York Times,2021,5,26,89,1,0,0,1
"Ruth Freitag, Librarian to the Stars, Dies at 96",The New York Times,2021,5,26,89,1,0,0,-1
"Joel Chadabe, Explorer of Electronic Music’s Frontier, Dies at 82",The New York Times,2021,5,26,89,1,0,0,-1
"Robbie McCauley, Stage Artist Who Explored Race, Dies at 78",The New York Times,2021,5,26,89,1,0,0,-1
Why Is Caste Inequality Still Legal in America?,The New York Times,2021,5,26,89,1,0,0,-1
Is the Bitcoin Craze Coming for Your 401(k)?,The New York Times,2021,5,26,89,1,0,0,-1
"How the Mideast Conflict Is Blowing Up the Region, the Democratic Party and Every Synagogue in America",The New York Times,2021,5,26,89,1,0,0,-1
"Biden Narrows Infrastructure Request, but Hurdles Remain for Bipartisan Deal",The New York Times,2021,6,4,90,1,0,0,0
"U.S. Finds No Evidence of Alien Technology in Flying Objects, but Can’t Rule It Out, Either",The New York Times,2021,6,4,90,1,0,0,-1
"Tasked to Fight Climate Change, a Secretive U.N. Agency Does the Opposite",The New York Times,2021,6,4,90,1,0,0,-1
‘I Had Never Faced the Reality of Death’: A Surgeon Becomes a Patient,The New York Times,2021,6,4,90,1,0,0,0
"‘The Point Was to Win,’ Barack Obama Writes",The New York Times,2021,6,4,90,1,0,0,1
Veteran’s Mic Cut as He Noted Black History of Memorial Day,The New York Times,2021,6,4,90,1,0,0,0
Minneapolis Removes Memorials From ‘George Floyd Square’,The New York Times,2021,6,4,90,1,0,0,0
U.S. to Distribute an Initial 25 Million Vaccine Doses Worldwide,The New York Times,2021,6,4,90,1,0,0,0
"For Years, Netanyahu Outlasted His Rivals. What Changed This Week?",The New York Times,2021,6,4,90,1,0,0,0
‘Find Him and Kill Him’: An Afghan Pilot’s Desperate Escape,The New York Times,2021,6,4,90,1,0,0,1
Hong Kong Is Dangling Incentives to Get Vaccinated. That May Not Be Enough.,The New York Times,2021,6,4,90,1,0,0,-1
See Which States Are Falling Behind Biden’s Vaccination Goal,The New York Times,2021,6,4,90,1,0,0,-1
A Law Student Mocked the Federalist Society. It Jeopardized His Graduation.,The New York Times,2021,6,4,90,1,0,0,-1
Outrage Greets Report of Arizona Plan to Use ‘Holocaust Gas’ in Executions,The New York Times,2021,6,4,90,1,0,0,-1
Postmaster General Investigated Over Possible Campaign Finance Violations,The New York Times,2021,6,4,90,1,0,0,-1
Judge Permits Information From C.I.A. Torture in Terror Case,The New York Times,2021,6,4,90,1,0,0,1
Harris Asked to Lead on Voting Rights. She Has Her Work Cut Out for Her.,The New York Times,2021,6,4,90,1,0,0,-1
The U.S. Economy Is Sending Confusing Signals. What’s Going On?,The New York Times,2021,6,4,90,1,0,0,-1
Wage Growth Is Holding Up in Aftermath of the Economic Crash,The New York Times,2021,6,4,90,1,0,0,1
The Life and Death of Your Jeans,The New York Times,2021,6,4,90,1,0,0,-1
United Airlines Wants to Bring Back Supersonic Air Travel,The New York Times,2021,6,4,90,1,0,0,-1
India and Israel Inflame Facebook’s Fights With Its Own Employees,The New York Times,2021,6,4,90,1,0,0,-1
"A.I. Drone May Have Acted on Its Own in Attacking Fighters, U.N. Says",The New York Times,2021,6,4,90,1,0,0,-1
Michelle Wie West Was Ready to Retire. Then She Got Mad.,The New York Times,2021,6,4,90,1,0,0,-1
It’s Not Your Imagination: Baseball Players Are Getting Hurt a Lot,The New York Times,2021,6,4,90,1,0,0,-1
"High School Football Coaches Suspended After Teen Is Forced to Eat Pork, Lawyer Says",The New York Times,2021,6,4,90,1,0,0,-1
Stephen King on Why ‘Lisey’s Story’ Was One He Had to Adapt Himself,The New York Times,2021,6,4,90,1,0,0,1
Gallery Commemorating Tulsa Massacre Seeks Police Inquiry of Vandalism,The New York Times,2021,6,4,90,1,0,0,-1
"With a Chinese American Gunslinger, He’s Challenging the Whiteness of Westerns",The New York Times,2021,6,4,90,1,0,0,1
Sean Penn and Wes Anderson Will Compete at Cannes,The New York Times,2021,6,4,90,1,0,0,1
"‘All Light, Everywhere’ Review: Watching the Watchers",The New York Times,2021,6,4,90,1,0,0,1
"‘Bad Tales’ Review: Suburban Dysfunction, Italian Style",The New York Times,2021,6,4,90,1,0,0,-1
A 7-Year-Old Was Accused of Rape. Is Arresting Him the Answer?,The New York Times,2021,6,4,90,1,0,0,-1
Yang-Adams Rivalry Takes Center Stage After Tense Debate,The New York Times,2021,6,4,90,1,0,0,1
Homeless Men Lose Court Battle to Stay in Upper West Side Hotel,The New York Times,2021,6,4,90,1,0,0,-1
Trump Administration Secretly Seized Phone Records of Times Reporters,The New York Times,2021,6,4,90,1,0,0,-1
"AMC Cashes In on Meme Stock Mania, Raising $587 Million",The New York Times,2021,6,4,90,1,0,0,-1
"26 Summer Shows, No Mask Required",The New York Times,2021,6,4,90,1,0,0,0
"New NASA Missions Will Study Venus, a World Overlooked for Decades",The New York Times,2021,6,4,90,1,0,0,1
"15 Chinese Elephants Are on a Long March North. Why, No One Knows.",The New York Times,2021,6,4,90,1,0,0,-1
Sharks Almost Went the Way of the Dinosaurs 19 Million Years Ago,The New York Times,2021,6,4,90,1,0,0,-1
"F. Lee Bailey, Lawyer for Patty Hearst and O.J. Simpson, Dies at 87",The New York Times,2021,6,4,90,1,0,0,-1
Arthur Staats Dies at 97; Called ‘Time Out’ for Unruly Kids,The New York Times,2021,6,4,90,1,0,0,-1
"Mike Marshall, 78, First Relief Pitcher to Win Cy Young Award, Dies",The New York Times,2021,6,4,90,1,0,0,-1
The Sound of Silence on Abortion,The New York Times,2021,6,4,90,1,0,0,-1
Here’s How to Understand the Next Jobs Report,The New York Times,2021,6,4,90,1,0,0,1
Bibi Is Trump and the Israeli Change Coalition Is Biden,The New York Times,2021,6,4,90,1,0,0,-1
"In Forceful Defense of Afghan Withdrawal, Biden Says U.S. Achieved Its Objectives",The New York Times,2021,7,9,91,1,0,0,1
Political Crisis in Haiti Deepens Over Rival Claims to Power,The New York Times,2021,7,9,91,1,0,0,-1
Mark Zuckerberg and Sheryl Sandberg’s Partnership Did Not Survive Trump,The New York Times,2021,7,9,91,1,0,0,-1
A Battle Between a Great City and a Great Lake,The New York Times,2021,7,9,91,1,0,0,0
Advice for Artists Whose Parents Want Them to Be Engineers,The New York Times,2021,7,9,91,1,0,0,1
Why Haiti Still Despairs After $13 Billion in Foreign Aid,The New York Times,2021,7,9,91,1,0,0,-1
Will Surgery Slow Down (or Speed Up) a Pope Who’s in a Hurry?,The New York Times,2021,7,9,91,1,0,0,-1
Inside a Peyote Pilgrimage,The New York Times,2021,7,9,91,1,0,0,1
Entire Families Were Lost in the Surfside Collapse. Here Is One of Their Stories.,The New York Times,2021,7,9,91,1,0,0,1
"In Reversal, F.D.A. Calls for Limits on Who Gets Alzheimer’s Drug",The New York Times,2021,7,9,91,1,0,0,-1
Biden Legal Team Divided on Scope of Rights of Guantánamo Detainees,The New York Times,2021,7,9,91,1,0,0,0
"In Michigan, Pro-Impeachment Republicans Face Voters’ Wrath",The New York Times,2021,7,9,91,1,0,0,-1
Texas Republicans Reveal Bills of Far-Reaching Voting Restrictions,The New York Times,2021,7,9,91,1,0,0,-1
The Russia Inquiry Ended a Democratic Lobbyist’s Career. He Wants It Back.,The New York Times,2021,7,9,91,1,0,0,-1
"15 States Reach a Deal With Purdue Pharma, Advancing a $4.5 Billion Opioids Settlement",The New York Times,2021,7,9,91,1,0,0,-1
"The Bond Market Is Telling Us to Worry About Growth, Not Inflation",The New York Times,2021,7,9,91,1,0,0,-1
"Ireland’s Days as a Tax Haven May Be Ending, but Not Without a Fight",The New York Times,2021,7,9,91,1,0,0,0
Volkswagen and BMW are fined nearly $1 billion for colluding on emissions technology.,The New York Times,2021,7,9,91,1,0,0,-1
Fallout From Hack of City Law Department Could Linger for Months,The New York Times,2021,7,9,91,1,0,0,-1
The Parking Garage of the Future,The New York Times,2021,7,9,91,1,0,0,1
It’s Ashleigh Barty vs. Karolina Pliskova in Wimbledon Final,The New York Times,2021,7,9,91,1,0,0,1
Spectators Will Be Barred at Tokyo Olympics Amid New Covid Emergency,The New York Times,2021,7,9,91,1,0,0,-1
‘Let’s Bring It Home’: England Celebrates as It Reaches the Euro 2020 Final,The New York Times,2021,7,9,91,1,0,0,1
White House Sets Ethics Plan for Sales of Hunter Biden’s Art,The New York Times,2021,7,9,91,1,0,0,1
A Leonardo da Vinci the Size of a Post-it Sells for $12.2 Million,The New York Times,2021,7,9,91,1,0,0,-1
Lynn Hershman Leeson: The Artist Is Prescient,The New York Times,2021,7,9,91,1,0,0,1
‘Legally Blonde’ Oral History: From Raunchy Script to Feminist Classic,The New York Times,2021,7,9,91,1,0,0,1
"‘Black Widow’ Review: Spies, Lies and Family Ties",The New York Times,2021,7,9,91,1,0,0,0
‘The Woman Who Ran’ Review: Conversations With Friends,The New York Times,2021,7,9,91,1,0,0,1
"109 Mayors, All Men. When Will New York Elect a Woman?",The New York Times,2021,7,9,91,1,0,0,1
The Next City Council Will Look More Like New York,The New York Times,2021,7,9,91,1,0,0,0
Who’s Happy About In-Person Summer School? N.Y.C. Parents.,The New York Times,2021,7,9,91,1,0,0,0
A Digital Cat Is Melting Hearts (and Napping a Lot) in Japan,The New York Times,2021,7,9,91,1,0,0,0
"New York, ‘Gossip Girl’ Loves You, Again",The New York Times,2021,7,9,91,1,0,0,1
Italians Pay Last Respects to TV Star Who Was ‘One of Us’,The New York Times,2021,7,9,91,1,0,0,1
Pfizer and BioNTech will test a vaccine against the Delta variant.,The New York Times,2021,7,9,91,1,0,0,-1
Spy Agencies Turn to Scientists as They Wrestle With Mysteries,The New York Times,2021,7,9,91,1,0,0,0
How Swarms of Fireflies Sync Their Flashes,The New York Times,2021,7,9,91,1,0,0,1
"Dilip Kumar, Film Star Who Brought Realism to Bollywood, Dies at 98",The New York Times,2021,7,9,91,1,0,0,-1
Dicky Maegle Dies at 86; Football Star Remembered for a Bizarre Tackle,The New York Times,2021,7,9,91,1,0,0,1
"June Finch, Virtuoso Dance Teacher With a Humane Touch, Dies at 81",The New York Times,2021,7,9,91,1,0,0,1
Summer Travel Is Back. Earth Can’t Handle It.,The New York Times,2021,7,9,91,1,0,0,-1
The Gavin Newsom Recall Is a Farce,The New York Times,2021,7,9,91,1,0,0,-1
Donald Trump Just Can’t Quit Zuckerberg and Dorsey,The New York Times,2021,7,9,91,1,0,0,1
"Inside the Afghan Evacuation: Rogue Flights, Crowded Tents, Hope and Chaos",The New York Times,2021,9,4,92,1,0,0,-1
Health Officials Advise White House to Scale Back Booster Plan for Now,The New York Times,2021,9,4,92,1,0,0,-1
Hiring Slowdown in August Shows Delta Variant’s Impact,The New York Times,2021,9,4,92,1,0,0,-1
"Married Kremlin Spies, a Shadowy Mission to Moscow and Unrest in Catalonia",The New York Times,2021,9,4,92,1,0,0,1
What’s Wrong With Sex Between Professors and Students? It’s Not What You Think.,The New York Times,2021,9,4,92,1,0,0,-1
Caldor Fire Threatens Communities Near Lake Tahoe,The New York Times,2021,9,4,92,1,0,0,-1
Dixie Fire Approaches 50th Day,The New York Times,2021,9,4,92,1,0,0,1
Biden Addresses Louisiana After Ida: ‘We’re In This Together’,The New York Times,2021,9,4,92,1,0,0,1
Afghans With Ties to U.S. Who Could Not Get Out Now Live in Fear,The New York Times,2021,9,4,92,1,0,0,-1
Japan’s Prime Minister Will Step Aside After Just a Year in Office,The New York Times,2021,9,4,92,1,0,0,-1
New Zealand Police Kill ‘Extremist’ Who Stabbed 6 in ISIS-Inspired Attack,The New York Times,2021,9,4,92,1,0,0,-1
Family’s Death in Sierra National Forest Is Shrouded in Mystery,The New York Times,2021,9,4,92,1,0,0,1
Louisiana Nursing Home Residents Describe Squalor at Warehouse,The New York Times,2021,9,4,92,1,0,0,-1
Ex-Nurse Pleads Guilty to Sexually Assaulting Patient in Vegetative State,The New York Times,2021,9,4,92,1,0,0,-1
Biden Moves to Declassify Some Documents Related to Sept. 11,The New York Times,2021,9,4,92,1,0,0,-1
Commerce Dept. Will Shutter Unit That Conducted Rogue Investigations,The New York Times,2021,9,4,92,1,0,0,-1
Capitol Rioter Known as QAnon Shaman Pleads Guilty,The New York Times,2021,9,4,92,1,0,0,-1
Companies Stay Quiet on Texas’ New Abortion Law,The New York Times,2021,9,4,92,1,0,0,-1
U.S. Wrestles With Taliban Sanctions as Afghan Crisis Looms,The New York Times,2021,9,4,92,1,0,0,-1
Kraft Heinz will pay $62 million to settle accusations of an accounting ‘scheme.’,The New York Times,2021,9,4,92,1,0,0,-1
Bitcoin Uses More Electricity Than Many Countries. How Is That Possible?,The New York Times,2021,9,4,92,1,0,0,0
TikTok Users and Coders Flood Texas Abortion Site With Fake Tips,The New York Times,2021,9,4,92,1,0,0,-1
Apple delays the rollout of child-safety features over privacy concerns.,The New York Times,2021,9,4,92,1,0,0,-1
Records Show Houston Police Have Spoken to 10 of Watson’s Accusers,The New York Times,2021,9,4,92,1,0,0,0
"Taking Aim at Novak Djokovic, Kei Nishikori Wants a Streak of His Own",The New York Times,2021,9,4,92,1,0,0,0
Disabled Japanese Are Often Invisible. Will Paralympics Bring Lasting Light?,The New York Times,2021,9,4,92,1,0,0,-1
Venice Film Festival: ‘Dune’ Leaves Us With 3 Big Questions,The New York Times,2021,9,4,92,1,0,0,1
‘The Doors Didn’t Open Easily’ on Her Path to ‘Cinderella’,The New York Times,2021,9,4,92,1,0,0,-1
‘We’re Like Athletes Here’: The Maestro With a Gym Habit,The New York Times,2021,9,4,92,1,0,0,1
New Jersey’s Stunning Storm Toll Includes Many Who Drowned in Cars,The New York Times,2021,9,4,92,1,0,0,0
The Storm Warnings Were Dire. Why Couldn’t New York Be Protected?,The New York Times,2021,9,4,92,1,0,0,-1
Floodwaters rose around a Queens woman in a wheelchair. Then a dramatic rescue.,The New York Times,2021,9,4,92,1,0,0,1
Is It the Weekend? Not Until He Says So.,The New York Times,2021,9,4,92,1,0,0,0
"Drake and Kanye West, Long Intertwined, Will Tangle on the Charts",The New York Times,2021,9,4,92,1,0,0,-1
The Mystery of That Basquiat Painting — and Its Tiffany Blue,The New York Times,2021,9,4,92,1,0,0,1
"Hospitalizations for children sharply increase as Delta surges, C.D.C. studies find.",The New York Times,2021,9,4,92,1,0,0,0
"On Mars, NASA’s Perseverance Rover Drilled the Rocks It Came For",The New York Times,2021,9,4,92,1,0,0,1
"Reuniting an Orphan Elephant and Her Mom, Perhaps, With DNA and Luck",The New York Times,2021,9,4,92,1,0,0,1
"Syed Ali Geelani, Separatist Leader in Kashmir, Dies at 91",The New York Times,2021,9,4,92,1,0,0,-1
"Ernst van de Wetering, Authority and Arbiter on Rembrandt, Dies at 83",The New York Times,2021,9,4,92,1,0,0,0
"Mal Z. Lawrence, Noted Catskill Quipster, Dies at 88",The New York Times,2021,9,4,92,1,0,0,-1
America Is Giving the World a Disturbing New Kind of War,The New York Times,2021,9,4,92,1,0,0,-1
I Was Euphoric in June. Look Where We Are Now.,The New York Times,2021,9,4,92,1,0,0,1
"In the Dead of Night, the Supreme Court Proved It Has Too Much Power",The New York Times,2021,9,4,92,1,0,0,-1
Crypto’s Rapid Move Into Banking Elicits Alarm in Washington,The New York Times,2021,9,5,93,1,0,0,1
"Lower Manhattan Rebounded After 9/11, but the Pandemic Erased the Gains",The New York Times,2021,9,5,93,1,0,0,-1
"Ida Reveals Two Louisianas: One With Storm Walls, Another Without",The New York Times,2021,9,5,93,1,0,0,0
How a Small Town Silenced a Neo-Nazi Hate Campaign,The New York Times,2021,9,5,93,1,0,0,1
We Are Becoming a Nation of Vigilantes,The New York Times,2021,9,5,93,1,0,0,1
New York’s Mayor Outlines Rain-Preparedness Plan,The New York Times,2021,9,5,93,1,0,0,1
New Zealand Is Re-Examining Antiterrorism Laws After Stabbing,The New York Times,2021,9,5,93,1,0,0,-1
E.U. Ends Legal Battle With AstraZeneca,The New York Times,2021,9,5,93,1,0,0,-1
Indian vs. Black: Vigilante Killings Upend a South African Town,The New York Times,2021,9,5,93,1,0,0,-1
Taliban Fighters Crush a Women’s Protest Amid Flickers of Resistance,The New York Times,2021,9,5,93,1,0,0,-1
"An Economic Lifeline in South America, the Paraná River, Is Shriveling",The New York Times,2021,9,5,93,1,0,0,-1
Satellite Images Find ‘Substantial’ Oil Spill in Gulf After Ida,The New York Times,2021,9,5,93,1,0,0,0
"Nearly a Week Without Power, New Orleans Is Facing a ‘Race With the Clock’",The New York Times,2021,9,5,93,1,0,0,-1
Lawyer Is Shot Months After Unsolved Killing of His Wife and Son,The New York Times,2021,9,5,93,1,0,0,-1
"In Invoking Beau, Biden Broaches a Loss That’s Guided His Presidency",The New York Times,2021,9,5,93,1,0,0,1
"‘Sexist,’ ‘Racist,’ ‘Classist’: Georgia 8th Grader Challenges School Dress Code",The New York Times,2021,9,5,93,1,0,0,-1
"In Afghan Withdrawal, a Biden Doctrine Surfaces",The New York Times,2021,9,5,93,1,0,0,0
When Hard Jobs Turn Hazardous,The New York Times,2021,9,5,93,1,0,0,0
When Chance Encounters at the Water Cooler Are Most Useful,The New York Times,2021,9,5,93,1,0,0,0
The Work-From-Home Economy and the Urban Job Outlook,The New York Times,2021,9,5,93,1,0,0,1
The Rise and Fall of ‘ZuckTalk’,The New York Times,2021,9,5,93,1,0,0,-1
4 Fast Mobile Camera Tips That Help You Get the Shot,The New York Times,2021,9,5,93,1,0,0,1
Facebook Apologizes After A.I. Puts ‘Primates’ Label on Video of Black Men,The New York Times,2021,9,5,93,1,0,0,-1
‘Inspiration Porn’: Paralympians Know It When They See It,The New York Times,2021,9,5,93,1,0,0,-1
Why Does Playing Tennis Make So Many Pros Miserable?,The New York Times,2021,9,5,93,1,0,0,-1
"Before Balls and Strikes, Umpires Make a Call to Pray",The New York Times,2021,9,5,93,1,0,0,-1
"As Kashmir Crackdown Endures, Poets Stifle Their Verses",The New York Times,2021,9,5,93,1,0,0,-1
Rachael Leigh Cook Was Always Worth the Bet,The New York Times,2021,9,5,93,1,0,0,1
An Artist Who Brings Order to Chaos,The New York Times,2021,9,5,93,1,0,0,1
Why Does New York State Sue Its College Students?,The New York Times,2021,9,5,93,1,0,0,-1
When Charlie Watts Finally Made It to New York City,The New York Times,2021,9,5,93,1,0,0,1
How Lady Gaga’s Mother and the Head of Her Foundation Spends Sundays,The New York Times,2021,9,5,93,1,0,0,-1
Signature Moves With Sean Bankhead,The New York Times,2021,9,5,93,1,0,0,1
Liz Lange Lets the Sun Into Grey Gardens,The New York Times,2021,9,5,93,1,0,0,1
"Beautiful Merch, Where Are You?",The New York Times,2021,9,5,93,1,0,0,1
Another Hidden Covid Risk: Lingering Kidney Problems,The New York Times,2021,9,5,93,1,0,0,-1
"Breakthrough infections are less likely to lead to long Covid, a study suggests.",The New York Times,2021,9,5,93,1,0,0,-1
‘The Battery’s Dead’: Burnout Looks Different in Autistic Adults,The New York Times,2021,9,5,93,1,0,0,-1
‘I Helped Destroy People’,The New York Times,2021,9,5,93,1,0,0,0
Maggie Nelson Wants to Redefine ‘Freedom’,The New York Times,2021,9,5,93,1,0,0,-1
How to Solve Any Problem Using Just Common Sense,The New York Times,2021,9,5,93,1,0,0,1
Fall Travel Trends: Have You Heard of ‘Trip Stacking’? (You Will.),The New York Times,2021,9,5,93,1,0,0,0
Enchanted by the Mountains’ Ever-Changing Beauty: 45 Miles on the Teton Crest Trail,The New York Times,2021,9,5,93,1,0,0,1
New Orleans Tourism Takes Yet Another Hit From Hurricane Ida,The New York Times,2021,9,5,93,1,0,0,1
"Upstate Motels Make a Comeback, With an Aim to Captivate",The New York Times,2021,9,5,93,1,0,0,1
Navigating Today’s Rental Market,The New York Times,2021,9,5,93,1,0,0,1
Why You Should Do Your Spring Planting in the Fall,The New York Times,2021,9,5,93,1,0,0,1
The Return of the Dream Honeymoon,The New York Times,2021,9,5,93,1,0,0,1
Don’t Mind the Gap in Intergenerational Housing,The New York Times,2021,9,5,93,1,0,0,-1
"From a Sale, Lace Undergarments, Never Worn",The New York Times,2021,9,5,93,1,0,0,-1
"Julian Schnabel Revisits van Gogh, and Paints Oscar Isaac’s Severed Head",The New York Times,2021,9,5,93,1,0,0,1
"For a Late-Summer Gathering, Try This Spin on a Salade Niçoise",The New York Times,2021,9,5,93,1,0,0,1
The Ceramists Crafting Miniature Menageries,The New York Times,2021,9,5,93,1,0,0,1
"Willard Scott, TV’s Clown Prince of Sun and Showers, Is Dead at 87",The New York Times,2021,9,5,93,1,0,0,-1
"Edward J. Greenfield, Judge With a Writerly Touch, Dies at 98",The New York Times,2021,9,5,93,1,0,0,-1
"R. Murray Schafer, Composer Who Heard Nature’s Music, Dies at 88",The New York Times,2021,9,5,93,1,0,0,-1
The Forgotten Jews of the Forest,The New York Times,2021,9,5,93,1,0,0,-1
Good News: There’s a Labor Shortage.,The New York Times,2021,9,5,93,1,0,0,0
Drowning Our Future in the Past,The New York Times,2021,9,5,93,1,0,0,-1
"From Cradle to Grave, Democrats Move to Expand Social Safety Net",The New York Times,2021,9,7,94,1,0,0,-1
The Masked Professor vs. the Unmasked Student,The New York Times,2021,9,7,94,1,0,0,-1
"Michael K. Williams, Omar From ‘The Wire,’ Is Dead at 54",The New York Times,2021,9,7,94,1,0,0,-1
"The Strange Tale of the Freedom Phone, a Smartphone for Conservatives",The New York Times,2021,9,7,94,1,0,0,-1
"Taliban Claim Control Over Panjshir Valley, but Resistance Vows to Fight On",The New York Times,2021,9,7,94,1,0,0,-1
Palestinian Authority Indicts 14 Security Force Members in Activist’s Death,The New York Times,2021,9,7,94,1,0,0,-1
Colonial-Era Royal Carriage Stirs Up Modern Backlash in Netherlands,The New York Times,2021,9,7,94,1,0,0,-1
An Unsung Pit Crew of California’s Wildfires: Hotel Workers Left Behind,The New York Times,2021,9,7,94,1,0,0,0
"Minnesota Troopers Deleted Texts and Emails After Floyd Protests, Major Testifies",The New York Times,2021,9,7,94,1,0,0,-1
"On Grand Isle, a Fragile Spot Off Louisiana, Vast Damage",The New York Times,2021,9,7,94,1,0,0,-1
"As Migrants Surge Toward Border, Court Hands Biden a Lifeline",The New York Times,2021,9,7,94,1,0,0,1
Justice Department Says U.S. Will ‘Protect’ Texas Women Seeking Abortions,The New York Times,2021,9,7,94,1,0,0,0
"For Tribal Members in Oklahoma, Medicaid Expansion Improves Access to Specialty Care",The New York Times,2021,9,7,94,1,0,0,1
"Warning of Income Gap, Xi Tells China’s Tycoons to Share Wealth",The New York Times,2021,9,7,94,1,0,0,-1
Unemployment Benefits Expire for Millions Without Pushback From Biden,The New York Times,2021,9,7,94,1,0,0,1
Covid Medical Bills Are About to Get Bigger,The New York Times,2021,9,7,94,1,0,0,-1
California Bill Could Alter Amazon Labor Practices,The New York Times,2021,9,7,94,1,0,0,-1
"In Global First, El Salvador Adopts Bitcoin as Currency",The New York Times,2021,9,7,94,1,0,0,1
Chinese Social Media Site Suspends K-Pop Fan Accounts,The New York Times,2021,9,7,94,1,0,0,-1
Quarterbacks Are the N.F.L.’s Biggest Investment. Why Won’t It Listen to Them?,The New York Times,2021,9,7,94,1,0,0,1
Emma Raducanu Storms Into U.S. Open Quarterfinals,The New York Times,2021,9,7,94,1,0,0,-1
"A Flood of New Hall of Famers, Followed by a Grinding Halt",The New York Times,2021,9,7,94,1,0,0,-1
"Nick Cave Digs Deep, With a Symphony in Glass",The New York Times,2021,9,7,94,1,0,0,1
"‘Impeachment’ Review: A She Said, She Said Situation",The New York Times,2021,9,7,94,1,0,0,0
"After a Cataclysm, the Nature Lovers in ‘Harrow’ Struggle to Stay Sane",The New York Times,2021,9,7,94,1,0,0,0
"‘Reopening Old Wounds’: When 9/11 Remains Are Identified, 20 Years Later",The New York Times,2021,9,7,94,1,0,0,1
Threatened Birds Have a Defender on N.Y. Beaches: The Plover Patrol,The New York Times,2021,9,7,94,1,0,0,1
New York and New Jersey Residents to Receive Federal Aid After Storm,The New York Times,2021,9,7,94,1,0,0,0
Clarissa Ward of CNN Looks Back on the Afghanistan War,The New York Times,2021,9,7,94,1,0,0,1
Rupert Murdoch’s Australia News Outlets to Ease Their Climate Denial,The New York Times,2021,9,7,94,1,0,0,0
Steven Pinker Thinks Your Sense of Imminent Doom Is Wrong,The New York Times,2021,9,7,94,1,0,0,-1
Oil Spill in the Gulf of Mexico: What We Know,The New York Times,2021,9,7,94,1,0,0,1
Lawsuits Over ‘Misleading’ Food Labels Surge as Groups Cite Lax U.S. Oversight,The New York Times,2021,9,7,94,1,0,0,-1
Searching for Bird Life in a Former ‘Ocean of Forest’,The New York Times,2021,9,7,94,1,0,0,0
"Jean-Paul Belmondo, Magnetic Star of the French New Wave, Dies at 88",The New York Times,2021,9,7,94,1,0,0,-1
"Delores Custer, 79, Dies; Gave Star Turns to Cornflakes and Noodles",The New York Times,2021,9,7,94,1,0,0,-1
"Stephen Vizinczey, ‘In Praise of Older Women’ Author, Dies at 88",The New York Times,2021,9,7,94,1,0,0,-1
F.D.A. Advisory Panel Recommends Pfizer Boosters for Older People and Others at High Risk,The New York Times,2021,9,18,95,1,0,0,0
Pentagon acknowledges Aug. 29 drone strike in Afghanistan was a tragic mistake that killed 10 civilians.,The New York Times,2021,9,18,95,1,0,0,-1
United Nations Warns of ‘Catastrophic Pathway’ With Current Climate Pledges,The New York Times,2021,9,18,95,1,0,0,-1
"Why the Empire State Building, and New York, May Never Be the Same",The New York Times,2021,9,18,95,1,0,0,1
"They Couldn’t Drink Their Water. And Still, They Stayed Quiet.",The New York Times,2021,9,18,95,1,0,0,-1
Inspiration4 Crew Peeks at Earth From Capsule,The New York Times,2021,9,18,95,1,0,0,1
Law Enforcement Heightens Security at the Capitol Ahead of Rally,The New York Times,2021,9,18,95,1,0,0,1
‘The Eyes of Tammy Faye’ | Anatomy of a Scene,The New York Times,2021,9,18,95,1,0,0,1
Secret Talks and a Hidden Agenda: Behind the U.S. Defense Deal That France Called a ‘Betrayal’,The New York Times,2021,9,18,95,1,0,0,1
"In Panjshir, Few Signs of an Active Resistance, or Any Fight at All",The New York Times,2021,9,18,95,1,0,0,-1
Taliban Seize Women’s Ministry Building for Use by Religious Police,The New York Times,2021,9,18,95,1,0,0,-1
Robert Durst Found Guilty of Murder After Decades of Suspicion,The New York Times,2021,9,18,95,1,0,0,0
Police Search Florida Wilderness for ‘Person of Interest’ in Van Mystery,The New York Times,2021,9,18,95,1,0,0,-1
Covid Hospitalizations Hit Crisis Levels in Southern I.C.U.s,The New York Times,2021,9,18,95,1,0,0,1
"Ohio House Republican, Calling Trump ‘a Cancer,’ Bows Out of 2022",The New York Times,2021,9,18,95,1,0,0,-1
And Then There Were 9: The Road Ahead for Pro-Impeachment House Republicans,The New York Times,2021,9,18,95,1,0,0,0
Debunking the Pro-Trump Right’s Claims About the Jan. 6 Riot,The New York Times,2021,9,18,95,1,0,0,-1
The Unconventional Weapon Against Future Wildfires: Goats,The New York Times,2021,9,18,95,1,0,0,1
"Climate Change Calls for Backup Power, and One Company Cashes In",The New York Times,2021,9,18,95,1,0,0,-1
Britain Signals Intent to Revert to the Imperial System,The New York Times,2021,9,18,95,1,0,0,-1
"Google and Apple, Under Pressure From Russia, Remove Voting App",The New York Times,2021,9,18,95,1,0,0,-1
Tim Cook Faces Surprising Employee Unrest at Apple,The New York Times,2021,9,18,95,1,0,0,-1
Why Washington Worries About Stablecoins,The New York Times,2021,9,18,95,1,0,0,-1
"A Flooded Stadium Went Viral, but the Home Team Didn’t Quit",The New York Times,2021,9,18,95,1,0,0,-1
Robert Gates Ran the Pentagon. Can He Help Save the N.C.A.A.?,The New York Times,2021,9,18,95,1,0,0,0
"For Basketball Refs, Agreeing to a Vaccine Mandate Was ‘Not That Difficult’",The New York Times,2021,9,18,95,1,0,0,-1
Bob Woodward Extends His Trump Chronicles With the Chaotic Transfer of Power,The New York Times,2021,9,18,95,1,0,0,1
Prosecutor in Geneva Drops Criminal Inquiry in $2 Billion Art Dispute,The New York Times,2021,9,18,95,1,0,0,-1
Fake Rock Nearly Crushes Opera Star: Accident or Sabotage?,The New York Times,2021,9,18,95,1,0,0,-1
Hochul Orders Release of 191 Detainees as Rikers Crisis Deepens,The New York Times,2021,9,18,95,1,0,0,0
"Tourists Attack N.Y.C. Restaurant Hostess Over Vaccine Proof, Police Say",The New York Times,2021,9,18,95,1,0,0,-1
He Was Swept Down a Sewer Pipe: ‘I Just Let the Water Take Me’,The New York Times,2021,9,18,95,1,0,0,-1
Bully Pulpit No More: Jen Psaki’s Turn at the Lectern,The New York Times,2021,9,18,95,1,0,0,-1
TikTok’s Latest Craze: Stealing Stuff From School,The New York Times,2021,9,18,95,1,0,0,1
National Book Awards Announces Its 2021 Nominees,The New York Times,2021,9,18,95,1,0,0,1
Is Carbonated Water Just as Healthy as Still Water?,The New York Times,2021,9,18,95,1,0,0,-1
Sequoias Are Being Wrapped in Special Foil to Protect Them From Fires,The New York Times,2021,9,18,95,1,0,0,0
A new study suggests that children’s eyesight may have worsened during lockdown.,The New York Times,2021,9,18,95,1,0,0,-1
"Antony Hewish, Astronomer Honored for the Discovery of Pulsars, Dies at 97",The New York Times,2021,9,18,95,1,0,0,-1
"Ralph Irizarry, Innovative Latin Percussionist, Dies at 67",The New York Times,2021,9,18,95,1,0,0,0
"Ruly Carpenter, 81, Dies; Owned the Phillies’ First Championship Team",The New York Times,2021,9,18,95,1,0,0,1
Don’t Let Trump Steal the Show With ‘Stop the Steal’,The New York Times,2021,9,18,95,1,0,0,-1
The U.S. Needs to Stop the Confusion Over Booster Shots,The New York Times,2021,9,18,95,1,0,0,-1
The Endless Facebook Apology,The New York Times,2021,9,18,95,1,0,0,-1
"Moderna, Racing for Profits, Keeps Covid Vaccine Out of Reach of Poor",The New York Times,2021,10,10,96,1,0,0,-1
‘Starting a Fire’: U.S. and China Enter Dangerous Territory Over Taiwan,The New York Times,2021,10,10,96,1,0,0,-1
"52 Years in 11 Days: A Son, Facing Death, Finds His Father",The New York Times,2021,10,10,96,1,0,0,1
"At Rwanda’s Favorite Bars, Forget the Beer: Milk Is What’s on Tap",The New York Times,2021,10,10,96,1,0,0,0
The Supreme Court v. Reality,The New York Times,2021,10,10,96,1,0,0,0
"Facing Criminal Inquiry, Austrian Chancellor Sebastian Kurz Resigns",The New York Times,2021,10,10,96,1,0,0,-1
Populist Leader of Czech Republic Narrowly Defeated in Election,The New York Times,2021,10,10,96,1,0,0,0
A Language Bill Deepens a Culture Clash in Quebec,The New York Times,2021,10,10,96,1,0,0,1
Candidate for ‘Mayah’ Proudly Leans Into Her Boston Sound,The New York Times,2021,10,10,96,1,0,0,1
"Months Before Oil Spill, Pipeline May Have Taken Quiet Damage",The New York Times,2021,10,10,96,1,0,0,-1
Most Abortions in Texas Are Banned Again After Court Ruling,The New York Times,2021,10,10,96,1,0,0,-1
When Child Care Costs Twice as Much as the Mortgage,The New York Times,2021,10,10,96,1,0,0,-1
"With Biden Agenda at Stake, Activists Target Sinema, Dividing Democrats",The New York Times,2021,10,10,96,1,0,0,0
"After Denying Care to Black Natives, Indian Health Service Reverses Policy",The New York Times,2021,10,10,96,1,0,0,-1
Lifestyles of the Rich and Gullible: Theranos and Ozy Edition,The New York Times,2021,10,10,96,1,0,0,1
"As Johnson Draws a Happy Face, Britons Confront a Run of Bad News",The New York Times,2021,10,10,96,1,0,0,1
The Zambian Economist at the Crossroads of Global Business,The New York Times,2021,10,10,96,1,0,0,1
"Lawmakers See Path to Rein In Tech, but It Isn’t Smooth",The New York Times,2021,10,10,96,1,0,0,-1
"Attack on Teacher May Have Been Inspired by Social Media Challenge, Police Say",The New York Times,2021,10,10,96,1,0,0,-1
Apple Appeals App Store Ruling in Fight With Epic Games,The New York Times,2021,10,10,96,1,0,0,-1
"For Seasoned Soccer Travelers, No Other Trip Qualifies",The New York Times,2021,10,10,96,1,0,0,1
Atlanta Beats the Brewers at Their Own Game,The New York Times,2021,10,10,96,1,0,0,1
Fernandez Moves On and Raducanu Returns to Tennis Reality at Indian Wells,The New York Times,2021,10,10,96,1,0,0,1
Bolshoi Performer Is Killed in Onstage Accident,The New York Times,2021,10,10,96,1,0,0,-1
Jenny Saville’s Nudes Bring Renaissance Masters Down to Earth,The New York Times,2021,10,10,96,1,0,0,1
"Louise Farrenc, 19th-Century Composer, Surges Back Into Sound",The New York Times,2021,10,10,96,1,0,0,1
Serial Killer Gets 160 Years After Victim’s Sister and Friends Help Solve Case,The New York Times,2021,10,10,96,1,0,0,1
‘A Safe Space’: Black Pastors Promote Vaccinations from the Pulpit,The New York Times,2021,10,10,96,1,0,0,1
Passenger’s ‘Erratic Behavior’ Draws Emergency Response at La Guardia,The New York Times,2021,10,10,96,1,0,0,1
The Real Trials of a ‘Real Housewife’,The New York Times,2021,10,10,96,1,0,0,1
Homer Simpson Was Made for Fashion,The New York Times,2021,10,10,96,1,0,0,1
"In Candid Photos, Shannen Doherty Shows the Ravages of Breast Cancer",The New York Times,2021,10,10,96,1,0,0,0
"First, Impressive Vaccines for Covid. Next Up: The Flu.",The New York Times,2021,10,10,96,1,0,0,-1
Did Death Cheat Stephen Hawking of a Nobel Prize?,The New York Times,2021,10,10,96,1,0,0,-1
"The World’s Deadliest Bird Was Raised by People 18,000 Years Ago",The New York Times,2021,10,10,96,1,0,0,-1
The Myth of Asian American Identity,The New York Times,2021,10,10,96,1,0,0,1
Laurie Anderson Has a Message for Us Humans,The New York Times,2021,10,10,96,1,0,0,1
"Thousands of Photographs of the Sea, in One Image",The New York Times,2021,10,10,96,1,0,0,1
In Search of Fall Colors: A Long Drive on New Hampshire Roads,The New York Times,2021,10,10,96,1,0,0,1
A Dispatch From an Endangered Bird’s ‘Garden of Eden’,The New York Times,2021,10,10,96,1,0,0,1
"As International Travel Returns, Confusion Over Vaccines Reigns",The New York Times,2021,10,10,96,1,0,0,-1
"An Island of Off-the-Grid Homes, Just 50 Miles From Times Square",The New York Times,2021,10,10,96,1,0,0,0
Pandemic Decluttering,The New York Times,2021,10,10,96,1,0,0,-1
"Can You Renovate a Rental? Sure, if You’re Careful.",The New York Times,2021,10,10,96,1,0,0,1
"Back in Lesbian Paradise, at Long Last",The New York Times,2021,10,10,96,1,0,0,1
A Day in the Studio With Salehe Bembury,The New York Times,2021,10,10,96,1,0,0,1
The One Thing We Couldn’t Talk About,The New York Times,2021,10,10,96,1,0,0,1
12 Talents Shaping the Design World,The New York Times,2021,10,10,96,1,0,0,1
How an Architect’s Descendants Brought His Crumbling House Back to Life,The New York Times,2021,10,10,96,1,0,0,1
What Does It Mean to Eat What You Fear?,The New York Times,2021,10,10,96,1,0,0,-1
Gen. Raymond T. Odierno Dies at 67; Oversaw Iraq Surge,The New York Times,2021,10,10,96,1,0,0,0
"Abolhassan Bani-Sadr, Former Iranian President, Dies at 88",The New York Times,2021,10,10,96,1,0,0,-1
"Budge Patty, Elegant Tennis Champion of the 1950s, Dies at 97",The New York Times,2021,10,10,96,1,0,0,-1
Stop the Debt Ceiling Nonsense,The New York Times,2021,10,10,96,1,0,0,0
Joe Manchin’s Choices on Family Policy,The New York Times,2021,10,10,96,1,0,0,1
The Team Heard Round the World,The New York Times,2021,10,10,96,1,0,0,1
U.S. Sets Jan. 4 Vaccination Deadline for Big Private Employers,The New York Times,2021,11,5,97,1,0,0,-1
House Democrats Hunt for Votes to Pass Biden’s Domestic Agenda,The New York Times,2021,11,5,97,1,0,0,-1
"Stephen Sweeney, N.J. Senate President, Loses to Republican Truck Driver",The New York Times,2021,11,5,97,1,0,0,-1
A Nuclear-Powered Shower? Russia Tests a Climate Innovation.,The New York Times,2021,11,5,97,1,0,0,-1
Ancient History Shows How We Can Create a More Equal World,The New York Times,2021,11,5,97,1,0,0,1
"Europe Faces ‘Real Threat’ of Virus Resurgence, W.H.O. Official Says",The New York Times,2021,11,5,97,1,0,0,-1
Hawaii Eases Covid Restrictions,The New York Times,2021,11,5,97,1,0,0,1
Israel Approves First State Budget in More Than 3 Years,The New York Times,2021,11,5,97,1,0,0,1
Center of Italy’s Anti-Vaccine Protests Is Now a Covid Hot Spot,The New York Times,2021,11,5,97,1,0,0,1
A.N.C. Suffers Worst Election Setback Since End of Apartheid,The New York Times,2021,11,5,97,1,0,0,-1
Man Charged in Abduction of 4-Year-Old Girl After 18-Day Search,The New York Times,2021,11,5,97,1,0,0,-1
"California Tries to Close the Gap in Math, but Sets Off a Backlash",The New York Times,2021,11,5,97,1,0,0,-1
"In Florida, a Firestorm Over Silenced University Professors Grows",The New York Times,2021,11,5,97,1,0,0,-1
Nearly All-White Jury in Arbery Killing Draws Scrutiny,The New York Times,2021,11,5,97,1,0,0,0
Authorities Arrest Analyst Who Contributed to Steele Dossier,The New York Times,2021,11,5,97,1,0,0,-1
Judge Questions Trump’s Grounds for Keeping Jan. 6 Documents Secret,The New York Times,2021,11,5,97,1,0,0,-1
Justice Dept. Sues Texas Over Voting Restrictions,The New York Times,2021,11,5,97,1,0,0,-1
"How Tyson Foods Got 60,500 Workers to Get the Coronavirus Vaccine Quickly",The New York Times,2021,11,5,97,1,0,0,-1
"In a ‘Workers Economy,’ Who Really Holds the Cards?",The New York Times,2021,11,5,97,1,0,0,-1
Japan Stays Tough on Cannabis as Other Nations Loosen Up,The New York Times,2021,11,5,97,1,0,0,1
What Red Flags? Elizabeth Holmes Trial Exposes Investors’ Carelessness,The New York Times,2021,11,5,97,1,0,0,-1
Blue Origin Loses Legal Fight Over SpaceX’s NASA Moon Contract,The New York Times,2021,11,5,97,1,0,0,-1
Facebook Faces New Antitrust Lawsuit,The New York Times,2021,11,5,97,1,0,0,-1
What to Know About the Robert Sarver Racism and Sexism Allegations,The New York Times,2021,11,5,97,1,0,0,0
"It’s Good to Be Golden State, Even Without Klay Thompson",The New York Times,2021,11,5,97,1,0,0,1
Modern Pentathlon Drops Equestrian Competition After Abuse Claims,The New York Times,2021,11,5,97,1,0,0,-1
‘Dexter’ and the Shows That Wouldn’t Die,The New York Times,2021,11,5,97,1,0,0,1
New Museum Triennial Explores the Hidden Strengths of Soft Power,The New York Times,2021,11,5,97,1,0,0,1
Review: ‘The Visitor’ Lags Behind the Times,The New York Times,2021,11,5,97,1,0,0,0
Benedict Cumberbatch and the Monsters Among Us,The New York Times,2021,11,5,97,1,0,0,1
‘Spencer’ Review: Prisoner of the House of Windsor,The New York Times,2021,11,5,97,1,0,0,0
‘Eternals’ Review: When Super Franchises Walk the Earth!,The New York Times,2021,11,5,97,1,0,0,1
Bones in the Backyard: How Police Cracked a Grisly Cold Case,The New York Times,2021,11,5,97,1,0,0,1
Will Murphy Move to the Center After His Narrow Victory in New Jersey?,The New York Times,2021,11,5,97,1,0,0,1
"N.Y. City Council Sees Historic Changes, and Republicans Gain Ground",The New York Times,2021,11,5,97,1,0,0,1
"After 14 Years, Robert Plant and Alison Krauss Finally Reunite",The New York Times,2021,11,5,97,1,0,0,1
"Annie Leibovitz, the Un-Fashion Photographer",The New York Times,2021,11,5,97,1,0,0,-1
Greta Thunberg Says Climate Talks Are Becoming a ‘Greenwash Campaign’,The New York Times,2021,11,5,97,1,0,0,-1
The Ketamine Cure,The New York Times,2021,11,5,97,1,0,0,1
He Can’t Cure His Dad. But a Scientist’s Research May Help Everyone Else.,The New York Times,2021,11,5,97,1,0,0,0
Over 40 Countries Pledge at U.N. Climate Summit to End Use of Coal Power,The New York Times,2021,11,5,97,1,0,0,1
"Nelson Freire, Piano Virtuoso of Warmth and Finesse, Dies at 77",The New York Times,2021,11,5,97,1,0,0,1
"Tony Downs, Economist Who Studied Why People Vote, Dies at 90",The New York Times,2021,11,5,97,1,0,0,-1
"Pamela McCorduck, Historian of Artificial Intelligence, Dies at 80",The New York Times,2021,11,5,97,1,0,0,-1
Democrats Deny Political Reality at Their Own Peril,The New York Times,2021,11,5,97,1,0,0,-1
Democrats Need to Confront Their Privilege,The New York Times,2021,11,5,97,1,0,0,0
"Democrats, It’s Time to Get Moving",The New York Times,2021,11,5,97,1,0,0,-1
"Biden signs infrastructure bill, promoting benefits for Americans.",The New York Times,2021,11,16,98,1,0,0,1
How a Dispute Over Groceries Led to Artillery Strikes in Ukraine,The New York Times,2021,11,16,98,1,0,0,-1
Alex Jones Loses by Default in Remaining Sandy Hook Defamation Suits,The New York Times,2021,11,16,98,1,0,0,-1
"Underdog No More, a Deaf Football Team Takes California by Storm",The New York Times,2021,11,16,98,1,0,0,-1
Pope Francis Sent Me a Letter. It Gives Me Hope as a Gay Catholic.,The New York Times,2021,11,16,98,1,0,0,0
Drive-By Shooting Injures 6 Teenagers in Colorado Town,The New York Times,2021,11,16,98,1,0,0,-1
Biden Announces Plan to Block New Drilling Around Chaco Canyon,The New York Times,2021,11,16,98,1,0,0,-1
British Police Declare Taxi Explosion Outside Hospital a Terrorist Act,The New York Times,2021,11,16,98,1,0,0,-1
Europe Toughens Rules for Unvaccinated as Fourth Covid Wave Swells,The New York Times,2021,11,16,98,1,0,0,-1
"A Young Syrian Is Buried, as E.U. Foreign Ministers Meet on Belarus",The New York Times,2021,11,16,98,1,0,0,-1
"Plagues Strike Egypt: Sudden Floods, Then 4-Inch Scorpions Called Deathstalkers",The New York Times,2021,11,16,98,1,0,0,-1
Four Lives Lost: Inside America’s Homicide Surge,The New York Times,2021,11,16,98,1,0,0,1
Why Kyle Rittenhouse No Longer Faces a Gun Possession Charge,The New York Times,2021,11,16,98,1,0,0,-1
College Student Charged in Arson at Texas Synagogue,The New York Times,2021,11,16,98,1,0,0,-1
Biden to Bar New Drilling Around a Major Native American Cultural Site,The New York Times,2021,11,16,98,1,0,0,1
"Beto O’Rourke Announces Run for Texas Governor, Testing Democrats’ Strength",The New York Times,2021,11,16,98,1,0,0,0
Steve Bannon turns himself in on contempt of Congress charges.,The New York Times,2021,11,16,98,1,0,0,-1
Blue-Chip Art From Bitter Macklowe Divorce Brings $676 Million at Sotheby’s,The New York Times,2021,11,16,98,1,0,0,-1
Biden’s reliance on I.R.S. enforcement to pay for $1.85 trillion bill hits a snag.,The New York Times,2021,11,16,98,1,0,0,-1
"Shell proposes a shift to Britain, dropping ‘Royal Dutch’ from its name.",The New York Times,2021,11,16,98,1,0,0,-1
Debris From Test of Russian Antisatellite Weapon Forces Astronauts to Shelter,The New York Times,2021,11,16,98,1,0,0,-1
"With Halo Infinite, Microsoft Hopes to Rekindle Its Flagship Game",The New York Times,2021,11,16,98,1,0,0,0
Can Hydrogen Save Aviation’s Fuel Challenges? It’s Got a Way to Go.,The New York Times,2021,11,16,98,1,0,0,1
Baseball Gets Another Chance to Honor a Legend,The New York Times,2021,11,16,98,1,0,0,1
The Whirlwind of a Rising Daniil Medvedev,The New York Times,2021,11,16,98,1,0,0,1
Islanders Finally See the End of the Road,The New York Times,2021,11,16,98,1,0,0,1
The Art of Botox,The New York Times,2021,11,16,98,1,0,0,-1
"If Remote Work Empties Downtowns, Can Theaters Fill Their Seats?",The New York Times,2021,11,16,98,1,0,0,-1
Taylor Swift’s ‘All Too Well’ and the Weaponization of Memory,The New York Times,2021,11,16,98,1,0,0,1
What’s the Future of Outdoor Dining in New York?,The New York Times,2021,11,16,98,1,0,0,1
Subway Fare Increase ‘Off the Table’ Thanks to Infrastructure Bill,The New York Times,2021,11,16,98,1,0,0,1
What New Yorkers Need to Know About Tornadoes,The New York Times,2021,11,16,98,1,0,0,1
U.S. Journalist Danny Fenster Is Freed From Myanmar Prison,The New York Times,2021,11,16,98,1,0,0,-1
Two Journalists Arrested as India Cracks Down on Media,The New York Times,2021,11,16,98,1,0,0,-1
Dr. Becky Doesn’t Think the Goal of Parenting Is to Make Your Kid Happy,The New York Times,2021,11,16,98,1,0,0,-1
Why Don’t We Have a Covid Vaccine for Pets?,The New York Times,2021,11,16,98,1,0,0,-1
"‘They See Us as the Enemy’: School Nurses Battle Covid-19, and Angry Parents",The New York Times,2021,11,16,98,1,0,0,0
I Have to Believe This Book Cured My Pain,The New York Times,2021,11,16,98,1,0,0,1
"Alan Paller, a Mover on Cybersecurity Threat, Is Dead at 76",The New York Times,2021,11,16,98,1,0,0,-1
"Quandra Prettyman, Champion of Black Women’s Literature, Dies at 88",The New York Times,2021,11,16,98,1,0,0,-1
What the Metaverse Sounds Like to Hans Zimmer,The New York Times,2021,11,16,98,1,0,0,1
When the Next Thing You Know Is That You Have Covid,The New York Times,2021,11,16,98,1,0,0,1
Forget Amazon. The Best Gifts Are Closer Than You Think.,The New York Times,2021,11,16,98,1,0,0,0
"Manchin Pulls Support From Biden’s Social Policy Bill, Imperiling Its Passage",The New York Times,2021,12,20,99,1,0,0,1
Most of the World’s Vaccines Likely Won’t Prevent Infection From Omicron,The New York Times,2021,12,20,99,1,0,0,-1
"He Made the ‘Worst Landlords’ List, but New York Relies on Him",The New York Times,2021,12,20,99,1,0,0,-1
Britney Spears Felt Trapped. Her Business Manager Benefited.,The New York Times,2021,12,20,99,1,0,0,-1
Most Covid Infections May Soon Be Breakthroughs. Here’s What That Means.,The New York Times,2021,12,20,99,1,0,0,1
"Gabriel Boric, a Former Student Activist, Is Elected Chile’s Youngest President",The New York Times,2021,12,20,99,1,0,0,1
U.K. Weighing Lockdown Amid an Omicron Wave and Political Turmoil,The New York Times,2021,12,20,99,1,0,0,-1
"She Broke Japan’s Comedic Barrier Playing Drunks and Fools (Yep, Men)",The New York Times,2021,12,20,99,1,0,0,1
‘A Lot of Uncertainty’: Covid Surge Puts Many Americans on Edge About Traveling,The New York Times,2021,12,20,99,1,0,0,1
"In Fight Against Violence, Asian and Black Activists Struggle to Agree",The New York Times,2021,12,20,99,1,0,0,1
Millions Sign Petition to Reduce 110-Year Sentence for Trucker in Deadly Crash,The New York Times,2021,12,20,99,1,0,0,-1
The Path Ahead for Biden: Overcome Manchin’s Inflation Fears,The New York Times,2021,12,20,99,1,0,0,1
"Manchin Rejects Landmark Legislation, Putting Biden’s Climate Goals at Risk",The New York Times,2021,12,20,99,1,0,0,-1
Protect Abortion Rights? Virginia Democrats’ Vacation Plans Get in the Way.,The New York Times,2021,12,20,99,1,0,0,-1
Whiplash on U.S. Vaccine Mandate Leaves Employers ‘Totally Confused’,The New York Times,2021,12,20,99,1,0,0,-1
Billions in Amtrak Funding Could Modernize Aging Rail System,The New York Times,2021,12,20,99,1,0,0,0
Zegna’s I.P.O. Path Raises Question: Is This the Next Big Fashion Trend?,The New York Times,2021,12,20,99,1,0,0,0
How to Scare an Invasive Fish? A Menacing Robot Predator.,The New York Times,2021,12,20,99,1,0,0,-1
"Seeking Space for Solar Farms, Cities Find Room at Their Airports",The New York Times,2021,12,20,99,1,0,0,-1
Apple delays its return to office until January.,The New York Times,2021,12,20,99,1,0,0,-1
"Chinese Tennis Player Denies Sexual Abuse Claim, Raising More Questions",The New York Times,2021,12,20,99,1,0,0,-1
"Charlie Woods Dazzles While Tiger, in Return, Grimaces and Grinds",The New York Times,2021,12,20,99,1,0,0,-1
Jake Paul Calls Out U.F.C. Fighters After Latest Boxing Win,The New York Times,2021,12,20,99,1,0,0,0
"Drakeo the Ruler, West Coast Rapper, Is Killed at a Los Angeles Concert",The New York Times,2021,12,20,99,1,0,0,-1
Alex Haley Taught America About Race — and a Young Man How to Write,The New York Times,2021,12,20,99,1,0,0,1
How Dasha Nekrasova Is Calling the Shots,The New York Times,2021,12,20,99,1,0,0,-1
Is That Sniffle a Cold? Or Is It Covid?,The New York Times,2021,12,20,99,1,0,0,-1
The No. 1 Skill Eric Adams Is Looking For (It’s Not on a Résumé),The New York Times,2021,12,20,99,1,0,0,1
He’s Prosecuted Pirates and Arms Dealers. Now He’ll Advise Eric Adams.,The New York Times,2021,12,20,99,1,0,0,1
Brandon Just Wants to Drive His Racecar,The New York Times,2021,12,20,99,1,0,0,1
How ‘Lord of the Rings’ Became ‘Star Wars’ for Millennial Women,The New York Times,2021,12,20,99,1,0,0,1
‘Spider-Man: No Way Home’ Ensnares Audiences and Refills Studio Coffers,The New York Times,2021,12,20,99,1,0,0,1
"Why the World’s Astronomers Are Very, Very Anxious Right Now",The New York Times,2021,12,20,99,1,0,0,0
NASA Mission Could Blast an Asteroid That Once Menaced Earth,The New York Times,2021,12,20,99,1,0,0,-1
Doctors Often Prescribe Placebos. But How Well Do They Work?,The New York Times,2021,12,20,99,1,0,0,1
"Richard Rogers, Architect Behind Landmark Pompidou Center, Dies at 88",The New York Times,2021,12,20,99,1,0,0,-1
"Johnny Isakson, 76, Longtime Senator From Georgia, Is Dead",The New York Times,2021,12,20,99,1,0,0,-1
"Lucía Hiriart, Powerful Wife of Chile’s Dictator, Dies at 98",The New York Times,2021,12,20,99,1,0,0,-1
Would You Sponsor an Afghan Refugee?,The New York Times,2021,12,20,99,1,0,0,-1
It’s Been a Hard Year. These 3 Charities Could Use Your Help.,The New York Times,2021,12,20,99,1,0,0,0
