Headline,Source,Year,Month,Day,Date_id,Pre-Covid,Bias,Cred
Wild Swings in Money-Market Rates Highlight Limits of Regulation,The Wall Street Journal,2018,01,02,0,0,1,1
More Than 20 Are Hurt in Bronx Apartment Fire,The Wall Street Journal,2018,01,02,0,0,1,1
Games Growth Not a Given in China,The Wall Street Journal,2018,01,02,0,0,1,1
Stricter Bank Supervision Didn’t Hurt Lending,The Wall Street Journal,2018,01,02,0,0,1,1
A Moment of Contempt,The Wall Street Journal,2018,01,02,0,0,1,1
‘White-Informed Civility’ Is the Latest Target in the Campus Wars,The Wall Street Journal,2018,01,02,0,0,1,1
Iran’s Spending on Foreign Conflicts Raises Protesters’ Ire,The Wall Street Journal,2018,01,02,0,0,1,1
Smart Lock Maker Otto Ceases Operations,The Wall Street Journal,2018,01,02,0,0,1,1
Is the ‘Pour-Over’ Over? Baristas Say Machines Have Their Perks,The Wall Street Journal,2018,01,02,0,0,1,1
Here’s the Cure for Hyperpartisanship,The Wall Street Journal,2018,01,02,0,0,1,1
Insurance Startup Indio Raises $6 Million Series A,The Wall Street Journal,2018,01,02,0,0,1,1
Firm Retention Summary: American Fuel Cell & Coated Fabrics Co.,The Wall Street Journal,2018,01,02,0,0,1,1
U.S. Apartment Market Softens as Supply Increases,The Wall Street Journal,2018,01,02,0,0,1,1
Notable & Quotable: Lindsey Graham on Donald Trump,The Wall Street Journal,2018,01,02,0,0,1,1
Dollar Weakens on Uncertainty Over Pace of Rate Rises,The Wall Street Journal,2018,01,02,0,0,1,1
A Floating Fortress Would Bolster America’s Naval Power,The Wall Street Journal,2018,01,02,0,0,1,1
Freed Canadian Hostage Is Charged With Assault,The Wall Street Journal,2018,01,02,0,0,1,1
Review: The Mayerling Incident and the ‘Twilight of Empire’,The Wall Street Journal,2018,01,02,0,0,1,1
Diageo Halts Snapchat Ads Over Age-Targeting Concerns,The Wall Street Journal,2018,01,02,0,0,1,1
Charitable Gifts Can Shrink Your Taxable IRA Income,The Wall Street Journal,2018,01,02,0,0,1,1
Islamic State Returns to Guerrilla Warfare in Iraq and Syria,The Wall Street Journal,2018,01,02,0,0,1,1
Goldman and GIC Lead Restructuring of Vector’s Old Funds,The Wall Street Journal,2018,01,02,0,0,1,1
Nasdaq Closes Above 7000 for First Time,The Wall Street Journal,2018,01,02,0,0,1,1
Looking for a Few Good Men,The Wall Street Journal,2018,01,02,0,0,1,1
Firm Retention Summary: Armstrong Energy Inc.,The Wall Street Journal,2018,01,02,0,0,1,1
Should Business Be ‘Grateful’?,The Wall Street Journal,2018,01,02,0,0,1,1
What If It’s True?,The Wall Street Journal,2018,01,02,0,0,1,1
Funding Snapshot: Aegea Medical Secures $40 Million to Treat Uterine Bleeding,The Wall Street Journal,2018,01,02,0,0,1,1
The Add-On Deal Roundup: Jan. 2,The Wall Street Journal,2018,01,02,0,0,1,1
Republicans Can’t Avoid ObamaCare in 2018,The Wall Street Journal,2018,01,02,0,0,1,1
Broadway Box Office Breaks Records in Most Recent Week,The Wall Street Journal,2018,01,02,0,0,1,1
Readers Take Alan Blinder to Task on Taxes,The Wall Street Journal,2018,01,02,0,0,1,1
Bitcoin and Its Kin Start New Year With a Bang,The Wall Street Journal,2018,01,02,0,0,1,1
"Venezuela Misses Another Debt Payment, Raising Stakes for Bondholders",The Wall Street Journal,2018,01,02,0,0,1,1
"South Korea Proposes Talks With North, Testing U.S. Bid to Isolate Regime",The Wall Street Journal,2018,01,02,0,0,1,1
SEC Joins Call for Bankruptcy Trustee to Run Woodbridge,The Wall Street Journal,2018,01,02,0,0,1,1
"Corrigan’s Take: Omar Amanat, No Stranger to Bankruptcy Court, Convicted of Fraud",The Wall Street Journal,2018,01,02,0,0,1,1
Busting Illusions About Iran,The Wall Street Journal,2018,01,02,0,0,1,1
Peter Thiel’s Founders Fund Makes Big Bet on Bitcoin,The Wall Street Journal,2018,01,02,0,0,1,1
Rule Change Allows Damaged Churches to Rebuild With Federal Aid,The Wall Street Journal,2018,01,02,0,0,1,1
Sen. Orrin Hatch to Retire at End of Term,The Wall Street Journal,2018,01,02,0,0,1,1
Alexion Agrees to Work With Hedge Fund Elliott on Filling Board Seat,The Wall Street Journal,2018,01,02,0,0,1,1
Gold Continues Rally as Dollar Falls,The Wall Street Journal,2018,01,02,0,0,1,1
Kim Jong Un Says He Has a Nuclear Launch Button on His Office Desk,The Wall Street Journal,2018,01,02,0,0,1,1
Democrat Taps Disgruntled Liberals to Challenge Andrew Cuomo in 2018,The Wall Street Journal,2018,01,02,0,0,1,1
Haley Calls on U.N. to Support Demonstrators in Iran,The Wall Street Journal,2018,01,02,0,0,1,1
Rubio’s Tax Lament,The Wall Street Journal,2018,01,02,0,0,1,1
Centrist Democrats Get a Boost as Doug Jones Joins the Senate,The Wall Street Journal,2018,01,02,0,0,1,1
"Let’s Keep the Gains Made, Nafta Isn’t the Boogeyman",The Wall Street Journal,2018,01,02,0,0,1,1
U.S. Should Consider Europe’s New Capital Market Rules,The Wall Street Journal,2018,01,02,0,0,1,1
Firm Retention Summary: Woodbridge Group of Companies LLC,The Wall Street Journal,2018,01,09,1,0,1,1
Trump Administration Says Drilling Won’t Be Allowed Off Florida Coast,The Wall Street Journal,2018,01,09,1,0,1,1
"Toyota, Mazda Choose Alabama for $1.6 Billion Plant",The Wall Street Journal,2018,01,09,1,0,1,1
Federal Judges Invalidate North Carolina Congressional Districts,The Wall Street Journal,2018,01,09,1,0,1,1
Jump in HIV Cases Among Drug Users Seen in Northern Kentucky,The Wall Street Journal,2018,01,09,1,0,1,1
Renault-Nissan Starts Up $1 Billion Venture Fund for Car Technology,The Wall Street Journal,2018,01,09,1,0,1,1
Westinghouse Accuses Investors of Trying to Drive Up Claim Value,The Wall Street Journal,2018,01,09,1,0,1,1
The IRS Evades Accountability—and Its Excuse Is Ridiculous,The Wall Street Journal,2018,01,09,1,0,1,1
The House Chairmen’s Plan for Immigration Reform,The Wall Street Journal,2018,01,09,1,0,1,1
Progress on Immigration,The Wall Street Journal,2018,01,09,1,0,1,1
Tillerson Orders Review of U.S. Response to Mysterious Illnesses in Cuba,The Wall Street Journal,2018,01,09,1,0,1,1
"Don’t End the Iran Deal, Fix It",The Wall Street Journal,2018,01,09,1,0,1,1
"Davos In, Bannon Out",The Wall Street Journal,2018,01,09,1,0,1,1
A Fresh Approach to North Korea,The Wall Street Journal,2018,01,09,1,0,1,1
"New York City Plans New, $400 Million Public-Health Lab",The Wall Street Journal,2018,01,09,1,0,1,1
Tales From the Cryptocurrency,The Wall Street Journal,2018,01,09,1,0,1,1
North Korea’s Peace Games,The Wall Street Journal,2018,01,09,1,0,1,1
Funding Snapshot: StackShare Raises $5.2 Million Series A to Help Developers Stay Up-to-Date,The Wall Street Journal,2018,01,09,1,0,1,1
New Jersey Gov. Christie Defends Tenure in Final Speech,The Wall Street Journal,2018,01,09,1,0,1,1
Mega Chip Deal Alarms Some Chinese Smartphone Makers,The Wall Street Journal,2018,01,09,1,0,1,1
Firm Retention Summary: Real Industry Inc.,The Wall Street Journal,2018,01,09,1,0,1,1
Raising Good Men in Our Enlightened Age,The Wall Street Journal,2018,01,09,1,0,1,1
Rubenstein Partners Bets on Indiana,The Wall Street Journal,2018,01,09,1,0,1,1
Supreme Court Questions Breadth of Police Car-Search Rights,The Wall Street Journal,2018,01,09,1,0,1,1
Review: Hacking the Clock,The Wall Street Journal,2018,01,09,1,0,1,1
Ira Rennert Blames Law Firm for $214 Million MagCorp Verdict,The Wall Street Journal,2018,01,09,1,0,1,1
California’s Affirmative Action for ‘Marijuana Entrepreneurs’,The Wall Street Journal,2018,01,09,1,0,1,1
Bannon to Leave Breitbart Post After Rift With Trump,The Wall Street Journal,2018,01,09,1,0,1,1
Firm Retention Summary: Shiekh Shoes LLC,The Wall Street Journal,2018,01,09,1,0,1,1
Asia Markets Lower; Australia Sees Modest Gains,The Wall Street Journal,2018,01,09,1,0,1,1
Coreligionists in Kleptocracy,The Wall Street Journal,2018,01,09,1,0,1,1
Details on the Making of Trump Dossier Are Disclosed,The Wall Street Journal,2018,01,09,1,0,1,1
Domino’s CEO J. Patrick Doyle to Step Down in June,The Wall Street Journal,2018,01,09,1,0,1,1
KKR Launches Aggressive New Real-Estate Fund,The Wall Street Journal,2018,01,09,1,0,1,1
Oil Continues to Rally as Data Remain Bullish,The Wall Street Journal,2018,01,09,1,0,1,1
Ecuador Seeks Arrangement for Assange to Leave Embassy,The Wall Street Journal,2018,01,09,1,0,1,1
Trump Signs Order Expanding Mental-Health Help for New Veterans,The Wall Street Journal,2018,01,09,1,0,1,1
AmTrust Financial Founding Family Proposes Taking Insurer Private,The Wall Street Journal,2018,01,09,1,0,1,1
"Canada Outlook Shifts, as Currency and Bond Yields Jump",The Wall Street Journal,2018,01,09,1,0,1,1
Photos of the Day: Jan. 9,The Wall Street Journal,2018,01,09,1,0,1,1
Photos: Procession of the Black Nazarene in Manila,The Wall Street Journal,2018,01,09,1,0,1,1
China Consumer Inflation Up Slightly in December,The Wall Street Journal,2018,01,09,1,0,1,1
Investors Prepare for Inflation,The Wall Street Journal,2018,01,09,1,0,1,1
Realtors Get Ready for Their Next Battle,The Wall Street Journal,2018,01,09,1,0,1,1
NGP Backs Pipeline Company Trilogy Midstream,The Wall Street Journal,2018,01,09,1,0,1,1
Republicans Want Bigger Increase for Military Spending in Budget Talks,The Wall Street Journal,2018,01,09,1,0,1,1
"U.S., French Officials Question Apple Over iPhone Battery Slowdowns",The Wall Street Journal,2018,01,09,1,0,1,1
CBRE to Offer App for Office Design and Amenities,The Wall Street Journal,2018,01,09,1,0,1,1
Transom Capital Raises Quick $300 Million for Fund III,The Wall Street Journal,2018,01,09,1,0,1,1
Mike Pence to Lead U.S. Delegation to Olympics in South Korea,The Wall Street Journal,2018,01,09,1,0,1,1
Photos of the Day: Feb. 8,The Wall Street Journal,2018,02,08,2,0,1,1
A Historical Tie Breaks but Trouble Still Lurks,The Wall Street Journal,2018,02,08,2,0,1,1
Funding Snapshot: Honest Buildings Adds $8 Million to Series B,The Wall Street Journal,2018,02,08,2,0,1,1
North Korean Orchestra Tunes In to Southern Nostalgia,The Wall Street Journal,2018,02,08,2,0,1,1
Review: Cleaning Out the Competition,The Wall Street Journal,2018,02,08,2,0,1,1
"Keith Ellison, Louis Farrakhan and Iran",The Wall Street Journal,2018,02,08,2,0,1,1
"GOAT and Flight Club Merge, Raise $60 Million",The Wall Street Journal,2018,02,08,2,0,1,1
Distorted Campus Assault Math,The Wall Street Journal,2018,02,08,2,0,1,1
Satellite Operators Pitch Plan to Share Airwaves,The Wall Street Journal,2018,02,08,2,0,1,1
"I Love a Parade, but Not This One",The Wall Street Journal,2018,02,08,2,0,1,1
SeaFort Capital Invests in Mecfor,The Wall Street Journal,2018,02,08,2,0,1,1
China Inflation Moderates in January,The Wall Street Journal,2018,02,08,2,0,1,1
Notable & Quotable: Gigs and the Pay Gap,The Wall Street Journal,2018,02,08,2,0,1,1
"Tax Changes, Wildfires Push AIG to $6.7 Billion Loss",The Wall Street Journal,2018,02,08,2,0,1,1
Credit-Report Errors Top Complaints to CFPB,The Wall Street Journal,2018,02,08,2,0,1,1
Invest-Tech Startup Artivest Merges With Altegris,The Wall Street Journal,2018,02,08,2,0,1,1
"Blades, Pot and Opiates: What a New York Undercover Agent Smuggled Into Jails",The Wall Street Journal,2018,02,08,2,0,1,1
Oil Down Another 1% in Asia as Iran Looks to Pump,The Wall Street Journal,2018,02,08,2,0,1,1
"Kim Jong Un’s Sister, South Korea’s President to Do Lunch",The Wall Street Journal,2018,02,08,2,0,1,1
Duration Risk Pushes Investors to Shorter Bonds,The Wall Street Journal,2018,02,08,2,0,1,1
RBA Warns Full Employment Still Some Way Off,The Wall Street Journal,2018,02,08,2,0,1,1
A War on the Rich Won’t Help the Poor,The Wall Street Journal,2018,02,08,2,0,1,1
SandRidge Energy Shakes Up Leadership Amid Investor Pressure,The Wall Street Journal,2018,02,08,2,0,1,1
Scott Walker’s Subsidy Blowback,The Wall Street Journal,2018,02,08,2,0,1,1
Expedia Shares Slide as Costs Weigh on Bottom Line,The Wall Street Journal,2018,02,08,2,0,1,1
Ascent Resources Marcellus Makes Bankruptcy Court Debut,The Wall Street Journal,2018,02,08,2,0,1,1
"FDNY Aims to Boost Women, Minorities in Its Ranks",The Wall Street Journal,2018,02,08,2,0,1,1
Who Made Xi Jinping Pope?,The Wall Street Journal,2018,02,08,2,0,1,1
News Corp Revenue Boosted by Digital Real Estate Unit,The Wall Street Journal,2018,02,08,2,0,1,1
The Cavs Go Crazy at the NBA’s Trade Deadline,The Wall Street Journal,2018,02,08,2,0,1,1
Testing Trump’s Chemical Red Line,The Wall Street Journal,2018,02,08,2,0,1,1
Emerging Markets Hang Tough During Global Selloff,The Wall Street Journal,2018,02,08,2,0,1,1
The Speech,The Wall Street Journal,2018,02,08,2,0,1,1
"Twitter Notches First Profit, and Shares Leap",The Wall Street Journal,2018,02,08,2,0,1,1
Star Witness in Bribery Trial May Have Violated Plea Deal,The Wall Street Journal,2018,02,08,2,0,1,1
Funding Snapshot: Everipedia Receives $30 Million for Blockchain Encyclopedia Project,The Wall Street Journal,2018,02,08,2,0,1,1
Shares of Victory Capital Down in IPO,The Wall Street Journal,2018,02,08,2,0,1,1
Canada Rolls Out Tougher Oversight of Energy Projects,The Wall Street Journal,2018,02,08,2,0,1,1
Fed’s George Says It’s Important to Press Forward With Rate Increases,The Wall Street Journal,2018,02,08,2,0,1,1
Who Is Christopher Steele?,The Wall Street Journal,2018,02,08,2,0,1,1
Muddy Waters Is Mystery Author of Report Exposing Chinese Billionaire’s Ties to Aluminum Stockpiles,The Wall Street Journal,2018,02,08,2,0,1,1
Stock Slides Likely Making Bank of Japan More Cautious About Rates,The Wall Street Journal,2018,02,08,2,0,1,1
Payment Systems Favor Richer Consumers,The Wall Street Journal,2018,02,08,2,0,1,1
Trump Is Urged to Preserve International Entrepreneur Rule,The Wall Street Journal,2018,02,08,2,0,1,1
White House Offers Regrets About Handling of Rob Porter Allegations,The Wall Street Journal,2018,02,08,2,0,1,1
A Country Doctor Can’t Forget His 40 Years of House Calls,The Wall Street Journal,2018,02,08,2,0,1,1
Will the Real Narendra Modi Please Stand Up?,The Wall Street Journal,2018,02,08,2,0,1,1
Boeing in Talks to Buy Aerospace-Parts Maker Woodward,The Wall Street Journal,2018,02,08,2,0,1,1
Transcript: Bloomberg TV Interview With New York Fed’s William Dudley,The Wall Street Journal,2018,02,08,2,0,1,1
GOP Latches Onto Corruption Trial to Take Aim at Cuomo in Election Year,The Wall Street Journal,2018,02,08,2,0,1,1
"Navy Jet Crashes Off Key West, Two Crew Members Killed",The Wall Street Journal,2018,03,14,3,0,1,1
"Another Republican Challenges New York Governor, Citing Aide’s Conviction",The Wall Street Journal,2018,03,14,3,0,1,1
Unilever Board Decides to Locate Headquarters in Rotterdam,The Wall Street Journal,2018,03,14,3,0,1,1
Use Blockchain to Hold Assad Accountable,The Wall Street Journal,2018,03,14,3,0,1,1
Sen. Rand Paul to Oppose Trump’s Nominations for State and CIA,The Wall Street Journal,2018,03,14,3,0,1,1
U.S. Dollar Edges Lower,The Wall Street Journal,2018,03,14,3,0,1,1
"Lyft, Magna in Deal to Develop Hardware, Software for Self-Driving Cars",The Wall Street Journal,2018,03,14,3,0,1,1
Parties Seek Lessons in Pennsylvania as Democrat Declares Victory,The Wall Street Journal,2018,03,14,3,0,1,1
Sears’s Sales Tumble as Financial Pressure Mounts,The Wall Street Journal,2018,03,14,3,0,1,1
"Dropbox Pitches Investors on Scale, Growth and Collaboration",The Wall Street Journal,2018,03,14,3,0,1,1
Kudlow Into the Breach,The Wall Street Journal,2018,03,14,3,0,1,1
Judge Ousts CEO of Bankrupt Legal Plan Provider,The Wall Street Journal,2018,03,14,3,0,1,1
What the GOP Can Learn From Losing,The Wall Street Journal,2018,03,14,3,0,1,1
Oil Futures Maintain Modest Overnight Gains,The Wall Street Journal,2018,03,14,3,0,1,1
"New York-Area Students Protest Gun Violence, Some Risking Punishment",The Wall Street Journal,2018,03,14,3,0,1,1
MoMA’s Human Focus,The Wall Street Journal,2018,03,14,3,0,1,1
Former Equifax Executive Charged With Insider Trading,The Wall Street Journal,2018,03,14,3,0,1,1
United Plans New Animal Tags After Dog Death,The Wall Street Journal,2018,03,14,3,0,1,1
Prosecutors Say Corruption Case Started With $3000 Chair,The Wall Street Journal,2018,03,14,3,0,1,1
Disney Sets Stage for Succession Race With Operational Overhaul,The Wall Street Journal,2018,03,14,3,0,1,1
Luminate Invests in Enterprise-Software Company,The Wall Street Journal,2018,03,14,3,0,1,1
"Tariff Exemptions? Not So Fast, Commerce Department Signals",The Wall Street Journal,2018,03,14,3,0,1,1
U.S. Stocks Fall on Renewed Trade Worries,The Wall Street Journal,2018,03,14,3,0,1,1
Tempers Flare in U.S.-EU Spat Over Clearinghouse Supervision,The Wall Street Journal,2018,03,14,3,0,1,1
Sessions Weighs Firing of Andrew McCabe,The Wall Street Journal,2018,03,14,3,0,1,1
This Is Exactly How Trade Wars Begin,The Wall Street Journal,2018,03,14,3,0,1,1
‘The Gender Gage Rap Is Real!’,The Wall Street Journal,2018,03,14,3,0,1,1
The Dark Underbelly of Europe’s Financial System,The Wall Street Journal,2018,03,14,3,0,1,1
Weak Consumer Spending Presents a Puzzle,The Wall Street Journal,2018,03,14,3,0,1,1
Theranos Founder Elizabeth Holmes Charged With Fraud,The Wall Street Journal,2018,03,14,3,0,1,1
A Cancer Scare Defeat in California,The Wall Street Journal,2018,03,14,3,0,1,1
"Guitar Center’s Proposed Debt Exchange Would Constitute a Default, Says Moody’s",The Wall Street Journal,2018,03,14,3,0,1,1
The Pyongyang-Tehran Axis,The Wall Street Journal,2018,03,14,3,0,1,1
Ex-Mexican Prosecutor Says He Was Fired to Stymie Corruption Probe,The Wall Street Journal,2018,03,14,3,0,1,1
"Since Parkland’s #NeverAgain, School Shootings Have Happened Again",The Wall Street Journal,2018,03,14,3,0,1,1
Senate Passes Bill Easing Banking Rules,The Wall Street Journal,2018,03,14,3,0,1,1
Palo Alto Networks to Buy Evident.io for $300 Million Cash,The Wall Street Journal,2018,03,14,3,0,1,1
Photos of the Day: March 14,The Wall Street Journal,2018,03,14,3,0,1,1
Mississippi Lawmaker Ends Bid for One Senate Seat to Run for Another,The Wall Street Journal,2018,03,14,3,0,1,1
Wells Fargo Paid CEO Timothy Sloan $17.4 Million Last Year,The Wall Street Journal,2018,03,14,3,0,1,1
Exchanges’ Fees and Rebates Could Get a Cut,The Wall Street Journal,2018,03,14,3,0,1,1
Trump Organization Tied to Deal to Keep Stormy Daniels Quiet,The Wall Street Journal,2018,03,14,3,0,1,1
Proposal Would Loosen Grip of FICO Score for Mortgages,The Wall Street Journal,2018,03,14,3,0,1,1
Toys ‘R’ Us Tells Workers It Will Likely Close All U.S. Stores,The Wall Street Journal,2018,03,14,3,0,1,1
‘Twentytwo in Blue’ Review: Sunflower Bean Still Blossoms,The Wall Street Journal,2018,03,14,3,0,1,1
U.K. Expels 23 Russian Diplomats Over Spy Poisoning,The Wall Street Journal,2018,03,14,3,0,1,1
Slovakian Prime Minister Offers to Resign,The Wall Street Journal,2018,03,14,3,0,1,1
How China Pushes the Limits on Military Technology Transfer,The Wall Street Journal,2018,03,14,3,0,1,1
‘A Foreign Policy for the Left’ Review: Can There Be a ‘Decent’ Left?,The Wall Street Journal,2018,03,14,3,0,1,1
March Madness in PA-18,The Wall Street Journal,2018,03,14,3,0,1,1
Saudi Crown Prince Makes Deals in France,The Wall Street Journal,2018,04,10,4,0,1,1
U.S. Dollar Edges Lower,The Wall Street Journal,2018,04,10,4,0,1,1
Container Security Firm StackRox Gets $25 Million,The Wall Street Journal,2018,04,10,4,0,1,1
The Michael Cohen Raid,The Wall Street Journal,2018,04,10,4,0,1,1
The Zuckerberg Effigy,The Wall Street Journal,2018,04,10,4,0,1,1
"America’s Parties, Divided Every Which Way",The Wall Street Journal,2018,04,10,4,0,1,1
Nutrition Data Startup Nutrino Gobbles Up $8 Million in Funding,The Wall Street Journal,2018,04,10,4,0,1,1
‘Who We Are and How We Got Here’ Review: Ghosts in the Genome,The Wall Street Journal,2018,04,10,4,0,1,1
Big Banks Find a Back Door to Finance Subprime Loans,The Wall Street Journal,2018,04,10,4,0,1,1
Math Scores Drop for New York City Fourth-Graders,The Wall Street Journal,2018,04,10,4,0,1,1
Health Agency Official Placed on Leave After ‘#PizzaGate’ Tweet,The Wall Street Journal,2018,04,10,4,0,1,1
Fleetsmith Scores Series A for Management of Apple Devices,The Wall Street Journal,2018,04,10,4,0,1,1
Private Equity-Backed Community Bank Origin Bancorp Files for IPO,The Wall Street Journal,2018,04,10,4,0,1,1
Private-Equity Firm Altaris to Acquire Analogic for $1.1 Billion,The Wall Street Journal,2018,04,10,4,0,1,1
Cybersecurity Company Expel Raises $20 Million in Series B,The Wall Street Journal,2018,04,10,4,0,1,1
What Trump’s Border Troops Can’t Do,The Wall Street Journal,2018,04,10,4,0,1,1
Trump and China Share a Bad Idea on Trade,The Wall Street Journal,2018,04,10,4,0,1,1
U.S. Accuses Chinese Firms of Rerouting Goods to Disguise Their Origin,The Wall Street Journal,2018,04,10,4,0,1,1
Navy Admiral Tapped to Head U.S. Forces in the Pacific,The Wall Street Journal,2018,04,10,4,0,1,1
"Barclays, Bpifrance Back Symphony Communication",The Wall Street Journal,2018,04,10,4,0,1,1
First Reserve Acquires CHA Consulting From Long Point Capital,The Wall Street Journal,2018,04,10,4,0,1,1
Theranos Lays Off Most of Its Remaining Workforce,The Wall Street Journal,2018,04,10,4,0,1,1
How Companies Can Manage Risks Tied to Open-Source Software,The Wall Street Journal,2018,04,10,4,0,1,1
Tax Cut Growth Dividend,The Wall Street Journal,2018,04,10,4,0,1,1
U.S. Presses Allies to Back a Military Strike on Syria,The Wall Street Journal,2018,04,10,4,0,1,1
A Mad Night for European Soccer—and a Pair of Boston Owners,The Wall Street Journal,2018,04,10,4,0,1,1
"At Cosby Retrial, Prosecutors, Defense Clash Over Accusations",The Wall Street Journal,2018,04,10,4,0,1,1
Notable & Quotable: Penn Law,The Wall Street Journal,2018,04,10,4,0,1,1
Mulvaney: CFPB Will Keep Policing Lending-Discrimination Rules,The Wall Street Journal,2018,04,10,4,0,1,1
White House Homeland Security Adviser Bossert Exits,The Wall Street Journal,2018,04,10,4,0,1,1
Senators Warn Zuckerberg of New Tech Regulations,The Wall Street Journal,2018,04,10,4,0,1,1
Feds Seek Stormy Daniels Documents From Trump Organization,The Wall Street Journal,2018,04,10,4,0,1,1
Zuora Boosts IPO Price Range,The Wall Street Journal,2018,04,10,4,0,1,1
Facebook’s Zuckerberg Hints at Possibility of Paid Service,The Wall Street Journal,2018,04,10,4,0,1,1
"Jan Medical, Army Team Up to Speed Concussion Diagnosis",The Wall Street Journal,2018,04,10,4,0,1,1
Beijing’s Trade Straddle,The Wall Street Journal,2018,04,10,4,0,1,1
Manhattan Federal Prosecutor Recuses Himself from Cohen Probe,The Wall Street Journal,2018,04,10,4,0,1,1
Council Speaker Pushes Half-Price MetroCards for Low-Income New Yorkers,The Wall Street Journal,2018,04,10,4,0,1,1
What If President Donald Trump Tries to Fire Robert Mueller?,The Wall Street Journal,2018,04,10,4,0,1,1
U.S. Stocks Surge as Trade Fears Ease,The Wall Street Journal,2018,04,10,4,0,1,1
Trump Signs Executive Order for Revamp of Federal Aid Programs,The Wall Street Journal,2018,04,10,4,0,1,1
Stormy Weather for Campaign-Finance Laws,The Wall Street Journal,2018,04,10,4,0,1,1
White House Says Trump Has Power to Fire Mueller,The Wall Street Journal,2018,04,10,4,0,1,1
"Zuckerberg Pleases Investors, for Now",The Wall Street Journal,2018,04,10,4,0,1,1
Randles’s Take: Gawker Bankruptcy Lawyer Says Peter Thiel Loomed Large in the Case,The Wall Street Journal,2018,04,10,4,0,1,1
Puerto Rico’s $18 Billion Sales Tax Dispute Nears Conclusion,The Wall Street Journal,2018,04,10,4,0,1,1
Photos of the Day: April 10,The Wall Street Journal,2018,04,10,4,0,1,1
Trump’s Big Gamble,The Wall Street Journal,2018,04,10,4,0,1,1
U.S. Is Reducing African Front-Line Presence,The Wall Street Journal,2018,04,10,4,0,1,1
Former CIA Officer Charged in China Espionage Case,The Wall Street Journal,2018,05,08,5,0,1,1
Why Ben Carson Is Raising Rents,The Wall Street Journal,2018,05,08,5,0,1,1
Mike Braun Wins Indiana’s Republican Senate Primary,The Wall Street Journal,2018,05,08,5,0,1,1
Special Prosecutor Named to Investigate Eric Schneiderman,The Wall Street Journal,2018,05,08,5,0,1,1
"Trump Lawyer Received $500,000 From Firm Linked to Russian Oligarch",The Wall Street Journal,2018,05,08,5,0,1,1
Health Data Platform Innovaccer Pockets $25 Million Expansion Round,The Wall Street Journal,2018,05,08,5,0,1,1
Another Venezuela Creditor Zeroes In on Citgo,The Wall Street Journal,2018,05,08,5,0,1,1
Digital-Health Startup Wellist Secures $10 Million Series A,The Wall Street Journal,2018,05,08,5,0,1,1
Energy Stocks Flip From Market Dud to Darling,The Wall Street Journal,2018,05,08,5,0,1,1
Trump Needs to Learn How to Trust,The Wall Street Journal,2018,05,08,5,0,1,1
Congress Leery of Cuts to Children’s Health Program,The Wall Street Journal,2018,05,08,5,0,1,1
How Iran Sanctions Affect   Countries and Businesses,The Wall Street Journal,2018,05,08,5,0,1,1
"Battles With Trump, Banks Marked N.Y. Attorney General’s Tenure",The Wall Street Journal,2018,05,08,5,0,1,1
James Murdoch Won’t Move to Disney if Fox Deal Closes,The Wall Street Journal,2018,05,08,5,0,1,1
Trial Begins on Orianna Restructuring Decried by Creditors,The Wall Street Journal,2018,05,08,5,0,1,1
Five More Nike Executives Exit Amid Probe,The Wall Street Journal,2018,05,08,5,0,1,1
"Comcast Crashes Disney’s Fox Hunt, But Victory Isn’t Assured",The Wall Street Journal,2018,05,08,5,0,1,1
Oil Futures Rebound on Bullish U.S. Inventory Data,The Wall Street Journal,2018,05,08,5,0,1,1
Linden Capital Closes Fund IV at $1.5 Billion,The Wall Street Journal,2018,05,08,5,0,1,1
Schneiderman’s Out and the Jockeying to Replace Him Has Begun,The Wall Street Journal,2018,05,08,5,0,1,1
Cruise-Booking Site Dreamlines Snags $55 Million Series E,The Wall Street Journal,2018,05,08,5,0,1,1
Start Cutting Spending—and Don’t Stop,The Wall Street Journal,2018,05,08,5,0,1,1
Companies Reassess Iran Ties as Sanctions Loom,The Wall Street Journal,2018,05,08,5,0,1,1
Why N.Y. Pols Aren’t World Class,The Wall Street Journal,2018,05,08,5,0,1,1
Haspel to Tell Senators CIA Won’t Revive Old Interrogation Methods,The Wall Street Journal,2018,05,08,5,0,1,1
U.S. Dollar Rises As Powell Endorses Fed Path,The Wall Street Journal,2018,05,08,5,0,1,1
New Policy of Separating Immigrant Families Draws Criticism,The Wall Street Journal,2018,05,08,5,0,1,1
"Town Hall Ventures to Fund Startups Targeting Medicare, Medicaid Market",The Wall Street Journal,2018,05,08,5,0,1,1
Richard Cordray Wins Ohio Democratic Gubernatorial Primary,The Wall Street Journal,2018,05,08,5,0,1,1
Disney CEO Is Upbeat About Deal With Fox,The Wall Street Journal,2018,05,08,5,0,1,1
Trump Withdraws U.S. From ‘Defective’ Iran Nuclear Deal,The Wall Street Journal,2018,05,08,5,0,1,1
U.S. Pullout From Iran Pact Widens Mideast Gulf,The Wall Street Journal,2018,05,08,5,0,1,1
Fifth Wall Aims to Raise $200 Million Retail Fund,The Wall Street Journal,2018,05,08,5,0,1,1
Pompeo Heads to North Korea as Trump-Kim Summit Approaches,The Wall Street Journal,2018,05,08,5,0,1,1
Facebook Shuffles Management Team,The Wall Street Journal,2018,05,08,5,0,1,1
‘Rooted Cosmopolitans’ Review: Of Persons and Peoples,The Wall Street Journal,2018,05,08,5,0,1,1
Firebrand Candidate Tests the Limits in West Virginia,The Wall Street Journal,2018,05,08,5,0,1,1
Google Wants You to Get Off Your Phone Every Once in a While,The Wall Street Journal,2018,05,08,5,0,1,1
J.C. Flowers Cashes Out of Cabot Credit in Stake Sale to Encore,The Wall Street Journal,2018,05,08,5,0,1,1
North Korean Leader Meets With China’s Xi,The Wall Street Journal,2018,05,08,5,0,1,1
Agtech Startup Resson Collects $14 Million Series C,The Wall Street Journal,2018,05,08,5,0,1,1
Opportunity Knocks,The Wall Street Journal,2018,05,08,5,0,1,1
Senate Banking Committee Sets Confirmation Hearing for Two Fed Nominations,The Wall Street Journal,2018,05,08,5,0,1,1
"MetLife to Take Over Pensions for 41,000 FedEx Retirees",The Wall Street Journal,2018,05,08,5,0,1,1
New York City Is Sporting Its Blooming Best,The Wall Street Journal,2018,05,08,5,0,1,1
Rockefeller Art Smashes Records at Christie’s,The Wall Street Journal,2018,05,08,5,0,1,1
Hedge Fund Visium to Pay $10 Million to Settle Insider-Trading Case,The Wall Street Journal,2018,05,08,5,0,1,1
Photos of the Day: May 8,The Wall Street Journal,2018,05,08,5,0,1,1
3NT Medical Holds First Close of $15 Million Round,The Wall Street Journal,2018,05,08,5,0,1,1
Ford Expected to Temporarily Lay Off Thousands of Workers At Michigan Plant,The Wall Street Journal,2018,05,08,5,0,1,1
Hurricane Scalise,The Wall Street Journal,2018,07,20,6,0,1,1
Deal Close Announcements: July 16-20,The Wall Street Journal,2018,07,20,6,0,1,1
U.S. Censures UBS Over Its Anti-Money Laundering Systems,The Wall Street Journal,2018,07,20,6,0,1,1
Facebook Suspends Analytics Firm on Concerns About Sharing of Public User-Data,The Wall Street Journal,2018,07,20,6,0,1,1
Pompeo Warns Against Easing Pressure on North Korea,The Wall Street Journal,2018,07,20,6,0,1,1
The Add-On Deal Roundup: July 20,The Wall Street Journal,2018,07,20,6,0,1,1
Bayer to Stop Selling Essure in U.S.,The Wall Street Journal,2018,07,20,6,0,1,1
Dispute With Landlord Sinks Orianna Health’s Restructuring Plan,The Wall Street Journal,2018,07,20,6,0,1,1
Share of U.S. Employees Offered Health Care Through Work Rises,The Wall Street Journal,2018,07,20,6,0,1,1
Disney Fires ‘Guardian of the Galaxy’ Director Over Offensive Tweets,The Wall Street Journal,2018,07,20,6,0,1,1
Dollar’s Plunge Lifts Gold,The Wall Street Journal,2018,07,20,6,0,1,1
Oaktree Makes Preliminary Offer for Bankrupt Claire’s,The Wall Street Journal,2018,07,20,6,0,1,1
Wesley Edens Is an Investor With an Affinity for the Underdog,The Wall Street Journal,2018,07,20,6,0,1,1
Stech’s Take: Long Wait for Ruling on Indiana Sports Complex’s Fate in Bankruptcy,The Wall Street Journal,2018,07,20,6,0,1,1
Retailer Brookstone Seeks Bankruptcy Financing,The Wall Street Journal,2018,07,20,6,0,1,1
"Trump Continues Fed Criticism, Renews Threat on China Imports",The Wall Street Journal,2018,07,20,6,0,1,1
Wide Open Election Season Kicks Off in Scandal-Plagued Brazil,The Wall Street Journal,2018,07,20,6,0,1,1
Hedge Fund Titan Paulson Takes on Tiny Toronto Gold Miner,The Wall Street Journal,2018,07,20,6,0,1,1
China’s Yuan Fluctuates as Trade Clash Creates Uncertainty,The Wall Street Journal,2018,07,20,6,0,1,1
Stocks Edge Lower as Dollar Slides,The Wall Street Journal,2018,07,20,6,0,1,1
Skechers Shares Fall Amid Higher Costs,The Wall Street Journal,2018,07,20,6,0,1,1
The ‘Everything Handmade’ Trend Will  Curb Job Losses,The Wall Street Journal,2018,07,20,6,0,1,1
The Score: The Business Week in 7 Stocks,The Wall Street Journal,2018,07,20,6,0,1,1
Cannabis Lifestyle Brand Hemper Seeded With $1 Million,The Wall Street Journal,2018,07,20,6,0,1,1
The Trade Casualties Mount,The Wall Street Journal,2018,07,20,6,0,1,1
Is New Jersey Finally Fed Up With Bob Menendez?,The Wall Street Journal,2018,07,20,6,0,1,1
Congress Ends Bid to Undo President’s Deal to Save China’s ZTE,The Wall Street Journal,2018,07,20,6,0,1,1
How Conservatives Won the Law,The Wall Street Journal,2018,07,20,6,0,1,1
Honeywell Increases Sales Guidance Despite Posting Lower Profit,The Wall Street Journal,2018,07,20,6,0,1,1
Fintech Startup Points Lands $8 Million Seed Round,The Wall Street Journal,2018,07,20,6,0,1,1
EU Pushes Back on May’s Brexit Plan,The Wall Street Journal,2018,07,20,6,0,1,1
U.S. Government Bonds Fall After Trump’s Comments,The Wall Street Journal,2018,07,20,6,0,1,1
State Street to Buy Charles River Systems for $2.6 Billion,The Wall Street Journal,2018,07,20,6,0,1,1
Smart Loan Tech Startup LoanSnap Nets $8 Million Series A,The Wall Street Journal,2018,07,20,6,0,1,1
Israel Launches Attack Against Hamas,The Wall Street Journal,2018,07,20,6,0,1,1
Cohen Taped Conversation With Trump About Rights to Model’s Story,The Wall Street Journal,2018,07,20,6,0,1,1
Ursa Space Systems Raises $5.7 Million,The Wall Street Journal,2018,07,20,6,0,1,1
Ortega’s Reign of Terror,The Wall Street Journal,2018,07,20,6,0,1,1
Photos of the Day: July 20,The Wall Street Journal,2018,07,20,6,0,1,1
Masculine Dads Raise Confident Daughters,The Wall Street Journal,2018,07,20,6,0,1,1
Justice Department Fights Washington Landlord’s Debt Plan Over Marijuana,The Wall Street Journal,2018,07,20,6,0,1,1
TCF Bank to Pay $30 Million for Handling of Overdraft Programs,The Wall Street Journal,2018,07,20,6,0,1,1
Is President Trump Illegitimate?,The Wall Street Journal,2018,07,20,6,0,1,1
Apollo-Backed Firm Spartan Energy Acquisition Files for IPO,The Wall Street Journal,2018,07,20,6,0,1,1
WhatsApp to Limit Forwarding After Rumor-Led Violence in India,The Wall Street Journal,2018,07,20,6,0,1,1
Oil Gains on Saudi Assurance It Won’t Flood Market,The Wall Street Journal,2018,07,20,6,0,1,1
An Epic of Human Scale,The Wall Street Journal,2018,07,20,6,0,1,1
SHS Closes €90 Million Toward Fifth Fund,The Wall Street Journal,2018,07,20,6,0,1,1
Transcript: Media Q&A With St. Louis Fed President James Bullard,The Wall Street Journal,2018,07,20,6,0,1,1
Global Oil Industry Prepares for a Revival,The Wall Street Journal,2018,07,20,6,0,1,1
NYPD Seeks 12 Arrests in Fight Involving Far-Right Group,The Wall Street Journal,2018,10,15,7,0,1,1
Judge Dismisses Stormy Daniels’ Defamation Suit Against Trump,The Wall Street Journal,2018,10,15,7,0,1,1
The American Arsenal Is Vulnerable to Cyberattacks,The Wall Street Journal,2018,10,15,7,0,1,1
Google’s CEO Defends Potential Return to China,The Wall Street Journal,2018,10,15,7,0,1,1
What Hillsdale Can Teach Harvard,The Wall Street Journal,2018,10,15,7,0,1,1
U.S. Deficit Swells in Fiscal 2018 as Tax Cuts Take Bite,The Wall Street Journal,2018,10,15,7,0,1,1
"Sears, a Onetime Retail Giant, Now Banks on Bankruptcy",The Wall Street Journal,2018,10,15,7,0,1,1
‘The Battle of Arnhem’ Review: The Dutch Dead End,The Wall Street Journal,2018,10,15,7,0,1,1
"Steelworkers, U.S. Steel Reach Tentative Contract Agreement",The Wall Street Journal,2018,10,15,7,0,1,1
‘The Art of Rube Goldberg’ Review: The Machinery of Humor,The Wall Street Journal,2018,10,15,7,0,1,1
Harvard Admissions Chief Defends Policies at Trial,The Wall Street Journal,2018,10,15,7,0,1,1
New York City Bus Shelters Face Emergency Inspections After Collapse,The Wall Street Journal,2018,10,15,7,0,1,1
The Add-On Deal Roundup: Oct. 15,The Wall Street Journal,2018,10,15,7,0,1,1
Homeless Advocates Get Sitdown With Housing Officials,The Wall Street Journal,2018,10,15,7,0,1,1
Twilio to Buy SendGrid,The Wall Street Journal,2018,10,15,7,0,1,1
Seritage Seeks to Reassure Shareholders After Sears Bankruptcy,The Wall Street Journal,2018,10,15,7,0,1,1
"Photos: Paul Allen, a PC Pioneer Turned Venture Capitalist",The Wall Street Journal,2018,10,15,7,0,1,1
‘King Kong’ Holding His Own in Broadway Debut,The Wall Street Journal,2018,10,15,7,0,1,1
Chernova’s Take: Risk and Benefits of Corporate Funding,The Wall Street Journal,2018,10,15,7,0,1,1
Bankruptcy Filing Shifts Spotlight to Sears’s Pension Plans,The Wall Street Journal,2018,10,15,7,0,1,1
Democrats for Big Money,The Wall Street Journal,2018,10,15,7,0,1,1
Private Equity-Backed Yeti Sets IPO Price Range,The Wall Street Journal,2018,10,15,7,0,1,1
"U.S. Dollar Down Amid Weaker Data, Uncertain Stock Markets",The Wall Street Journal,2018,10,15,7,0,1,1
"Trump Visits Hurricane-Torn Florida, Georgia",The Wall Street Journal,2018,10,15,7,0,1,1
Top Wall Street Executives Shun Saudi Conference,The Wall Street Journal,2018,10,15,7,0,1,1
Air Force Surveys Damage at Florida Base After Hurricane Michael,The Wall Street Journal,2018,10,15,7,0,1,1
Hollywood Talent Agency Seeks to Cancel Investment From Saudi Arabia,The Wall Street Journal,2018,10,15,7,0,1,1
Kang’s Take: The Dangers of Wagering on Entrepreneurs,The Wall Street Journal,2018,10,15,7,0,1,1
‘Origami Harvest’ by Ambrose Akinmusire and ‘3 Times Round’ by Jonathan Finlayson,The Wall Street Journal,2018,10,15,7,0,1,1
Democrats Abandon the Constitution,The Wall Street Journal,2018,10,15,7,0,1,1
Saudis Weigh Saying Journalist Was Killed by Mistake,The Wall Street Journal,2018,10,15,7,0,1,1
Fidelity Says It Will Trade Bitcoin for Hedge Funds,The Wall Street Journal,2018,10,15,7,0,1,1
EagleTree Capital Invests in Gaylord Chemical,The Wall Street Journal,2018,10,15,7,0,1,1
Currency Manipulation Isn’t Among China’s Trade Sins,The Wall Street Journal,2018,10,15,7,0,1,1
CFPB to Define ‘Abusive’ Acts by Financial Firms,The Wall Street Journal,2018,10,15,7,0,1,1
Icahn to Oppose Dell’s Purchase of DVMT Tracking Shares,The Wall Street Journal,2018,10,15,7,0,1,1
Notable & Quotable: The PC Class,The Wall Street Journal,2018,10,15,7,0,1,1
Former Senate Staffer Pleads Guilty to Making False Statement to FBI,The Wall Street Journal,2018,10,15,7,0,1,1
The U.N.’s Doomsday Climate Clock,The Wall Street Journal,2018,10,15,7,0,1,1
We’re All Native Americans Now,The Wall Street Journal,2018,10,15,7,0,1,1
Transom Buys Gene Juarez Salons From Evergreen Pacific,The Wall Street Journal,2018,10,15,7,0,1,1
Treasurys Weaken as Stocks Stabilize,The Wall Street Journal,2018,10,15,7,0,1,1
Don’t Ditch Riyadh in a Fit of Righteousness,The Wall Street Journal,2018,10,15,7,0,1,1
Italy’s Government Passes Draft Budget That Would Widen Deficit,The Wall Street Journal,2018,10,15,7,0,1,1
"Mission Coal Files for Bankruptcy, Blaming Costly Repairs",The Wall Street Journal,2018,10,15,7,0,1,1
Drug Industry Pushes Back Against Required Listing of Prices in TV Ads,The Wall Street Journal,2018,10,15,7,0,1,1
Harness the Market to Manage the Climate,The Wall Street Journal,2018,10,15,7,0,1,1
Warren Releases DNA Analysis Showing Evidence of Native American Heritage,The Wall Street Journal,2018,10,15,7,0,1,1
N.J. Ex-Attorney General Takes on Probe of Sex-Assault Case,The Wall Street Journal,2018,10,15,7,0,1,1
Great Range Sells Mountain Valley Spring for $78.5 Million,The Wall Street Journal,2018,10,15,7,0,1,1
U.S. Dollar Rises as Labor Data Signal Continued Growth,The Wall Street Journal,2018,10,31,8,0,1,1
Gen. Michael Hayden: Overclassification of Cyber Threats Puts Businesses at Risk,The Wall Street Journal,2018,10,31,8,0,1,1
Mack’s Take: Startups Seek to Get a Jump on Climate Change,The Wall Street Journal,2018,10,31,8,0,1,1
New Rules to Change Procedures for Campus Sexual-Assault Cases,The Wall Street Journal,2018,10,31,8,0,1,1
Not the King of the GOP’s Hill,The Wall Street Journal,2018,10,31,8,0,1,1
‘Saudi America’ Review: The Truth About Fracking?,The Wall Street Journal,2018,10,31,8,0,1,1
High-Flying Pet Insurer Faces New Risk,The Wall Street Journal,2018,10,31,8,0,1,1
Workers’ Pay Rises at Fastest Rate in a Decade,The Wall Street Journal,2018,10,31,8,0,1,1
"China’s Monster Money Fund Shrinks, and Rivals Reap Rewards",The Wall Street Journal,2018,10,31,8,0,1,1
A Referendum on Trump,The Wall Street Journal,2018,10,31,8,0,1,1
Boston Firms Move Tech Partners to California,The Wall Street Journal,2018,10,31,8,0,1,1
"AIG’s Loss Narrows, But Catastrophe Claims Still Sting",The Wall Street Journal,2018,10,31,8,0,1,1
EPA Allows Farmers to Keep Using Bayer’s Controversial Weedkiller,The Wall Street Journal,2018,10,31,8,0,1,1
U.S. Steps Up Bid to Halt War in Yemen,The Wall Street Journal,2018,10,31,8,0,1,1
Brickley’s Take: Cobalt Settles with Whitton and Shareholders,The Wall Street Journal,2018,10,31,8,0,1,1
"Purged Ohio Voters Can Cast Ballots, Court Rules",The Wall Street Journal,2018,10,31,8,0,1,1
The Case Against Birthright Citizenship,The Wall Street Journal,2018,10,31,8,0,1,1
Nine West Directors Caught in Bankruptcy Crossfire,The Wall Street Journal,2018,10,31,8,0,1,1
Bankrupt Kaiser Gypsum Clashes With Regulators Over Plant Cleanup,The Wall Street Journal,2018,10,31,8,0,1,1
Former Oil Company Director Pleads Guilty in Money-Laundering Probe,The Wall Street Journal,2018,10,31,8,0,1,1
Manhattan DA: Locked Phones Continue to Thwart Criminal Probes,The Wall Street Journal,2018,10,31,8,0,1,1
"Trump Calls for Up to 15,000 Troops
		
			
		
	at Border as Election Nears",The Wall Street Journal,2018,10,31,8,0,1,1
"Sex Abuse is Rampant in North Korea, Reports Say",The Wall Street Journal,2018,10,31,8,0,1,1
Republicans Show Strength in Early Voting,The Wall Street Journal,2018,10,31,8,0,1,1
Brazil’s Central Bank Leaves Benchmark Rate Unchanged,The Wall Street Journal,2018,10,31,8,0,1,1
"Accused Mail Bomber’s Laptop Contained Searches for Targets’ Addresses, Prosecutors Say",The Wall Street Journal,2018,10,31,8,0,1,1
NYC Student Suspensions Rise as Advocates Call for Change,The Wall Street Journal,2018,10,31,8,0,1,1
Neighbor of Slain Manhattan Copywriter Arrested in Killing,The Wall Street Journal,2018,10,31,8,0,1,1
A Red Sox Strategy to Conquer the Premier League,The Wall Street Journal,2018,10,31,8,0,1,1
The Big Tech Selloff,The Wall Street Journal,2018,10,31,8,0,1,1
The Czech Philharmonic’s Global Ambitions,The Wall Street Journal,2018,10,31,8,0,1,1
Seattle’s Fake Free Lunch,The Wall Street Journal,2018,10,31,8,0,1,1
XPO Logistics Adjusts Guidance Off Customer Bankruptcy,The Wall Street Journal,2018,10,31,8,0,1,1
Notable & Quotable: Jon Stewart Speaks,The Wall Street Journal,2018,10,31,8,0,1,1
Carlyle and Apollo See Cloudy Exit Environment,The Wall Street Journal,2018,10,31,8,0,1,1
Why Not ‘Trump Retirement Accounts’?,The Wall Street Journal,2018,10,31,8,0,1,1
Fitch Lowers Mexico’s Outlook to Negative,The Wall Street Journal,2018,10,31,8,0,1,1
University of Maryland Fires Embattled Football Coach,The Wall Street Journal,2018,10,31,8,0,1,1
Birthright Citizenship Is a Constitutional Mandate,The Wall Street Journal,2018,10,31,8,0,1,1
"Alta Growth, Nexxus Capital Back Mexican Retail Company",The Wall Street Journal,2018,10,31,8,0,1,1
Lawmaker Faults Tariff Waivers’ Fairness,The Wall Street Journal,2018,10,31,8,0,1,1
Treasury Department to Increase Size of Debt Auctions,The Wall Street Journal,2018,10,31,8,0,1,1
The Many Faces of Jew-Hatred,The Wall Street Journal,2018,10,31,8,0,1,1
BHP to Return $10.4 Billion to Shareholders,The Wall Street Journal,2018,10,31,8,0,1,1
PatientPop Boosts Funding to $75 Million With Leerink Transformation Investment,The Wall Street Journal,2018,10,31,8,0,1,1
Stocks Get a Lift After Bruising Month for Investors,The Wall Street Journal,2018,10,31,8,0,1,1
Oil Rebounds After Inventory Data,The Wall Street Journal,2018,10,31,8,0,1,1
White House Says Companies Pledge to Create More Job-Training Opportunities,The Wall Street Journal,2018,10,31,8,0,1,1
Official at Archdiocese of New York Accused of Sex Abuse,The Wall Street Journal,2018,10,31,8,0,1,1
October’s Market Rout Leaves Investors With No Place to Hide,The Wall Street Journal,2018,10,31,8,0,1,1
Florida Recounts Begin as Both Sides Dig In,The Wall Street Journal,2018,11,11,9,0,1,1
"With Retail Earnings on Tap, Investors Expect a Tale of Two Worlds",The Wall Street Journal,2018,11,11,9,0,1,1
Jane Jacobs’s Shadow of a Doubt for Philip Johnson,The Wall Street Journal,2018,11,11,9,0,1,1
"Global Economy Week Ahead: U.S. Sales, Foreign GDP Figures",The Wall Street Journal,2018,11,11,9,0,1,1
"Roof’s Take: Unicorns Stampede, in Breath-Taking Numbers",The Wall Street Journal,2018,11,11,9,0,1,1
The Anti-Manufacturing Tariff,The Wall Street Journal,2018,11,11,9,0,1,1
New York Republicans Plan Transition to Minority Party,The Wall Street Journal,2018,11,11,9,0,1,1
House Democrats to Probe Trump’s Role in Hush Payments,The Wall Street Journal,2018,11,11,9,0,1,1
The Coup That Wasn’t,The Wall Street Journal,2018,11,11,9,0,1,1
Fed’s 2% Inflation Target Prevents Deflation,The Wall Street Journal,2018,11,11,9,0,1,1
Constitutional Ways to Curb ‘Birth Tourism’,The Wall Street Journal,2018,11,11,9,0,1,1
The Quiet Efforts to Battle Silicon Valley’s Bro Culture,The Wall Street Journal,2018,11,11,9,0,1,1
Why Did Facebook Fire a Top Executive? Hint: It Had Something to Do With Trump,The Wall Street Journal,2018,11,11,9,0,1,1
Losses Pile Up at Fintech Firm SoFi as Rates Rise,The Wall Street Journal,2018,11,11,9,0,1,1
Gadgets Won’t Save Us From Our Gadgets,The Wall Street Journal,2018,11,11,9,0,1,1
More Venture-Capital Money Is Going Into Fewer Startup Deals,The Wall Street Journal,2018,11,11,9,0,1,1
Government Motors Is Back,The Wall Street Journal,2018,11,11,9,0,1,1
Hillary Will Run Again,The Wall Street Journal,2018,11,11,9,0,1,1
Parents Petition to Stop Small Tribeca School Move,The Wall Street Journal,2018,11,11,9,0,1,1
Technology’s Impact on Democracy—Both the Good and the Bad,The Wall Street Journal,2018,11,11,9,0,1,1
Taking the Law Into Your Own Handheld,The Wall Street Journal,2018,11,11,9,0,1,1
Mueller Probe Tops Democrats’ Oversight Priorities,The Wall Street Journal,2018,11,11,9,0,1,1
The Danger of Rushing Into Peace,The Wall Street Journal,2018,11,11,9,0,1,1
Local Officials Should Greet the President,The Wall Street Journal,2018,11,11,9,0,1,1
OPEC Moves Closer to Production Cut,The Wall Street Journal,2018,11,11,9,0,1,1
"Trump Administration to Drive Shift at Fannie, Freddie",The Wall Street Journal,2018,11,11,9,0,1,1
‘Grinch’ Gets Jump on Holiday Box Office,The Wall Street Journal,2018,11,11,9,0,1,1
Who Lost The House? John McCain,The Wall Street Journal,2018,11,11,9,0,1,1
Macron Sounds Warning on Nationalism as Leaders Mark Armistice Day,The Wall Street Journal,2018,11,11,9,0,1,1
Photos of the Day: Nov. 11,The Wall Street Journal,2018,11,11,9,0,1,1
Facebook and Google Are Right to End Forced Arbitration,The Wall Street Journal,2018,11,11,9,0,1,1
‘Peace at Last’ Review: Remembering Flanders Fields,The Wall Street Journal,2018,11,11,9,0,1,1
"In China’s New Space Odyssey, 80 Startups Race to Get Into Orbit",The Wall Street Journal,2018,11,11,9,0,1,1
New York City Raids Condo Building in Crackdown on Airbnb Rentals,The Wall Street Journal,2018,11,11,9,0,1,1
The Drug War and the Caravan,The Wall Street Journal,2018,11,11,9,0,1,1
Rocket Lab Launches Its First Commercial Payload Into Orbit,The Wall Street Journal,2018,11,11,9,0,1,1
"Florida Senate, Governor Races Set for Recounts",The Wall Street Journal,2018,11,11,9,0,1,1
Vista Reaches Deal to Buy Software Firm Apptio for $1.94 Billion,The Wall Street Journal,2018,11,11,9,0,1,1
SAP to Buy Analytics Startup Qualtrics for $8 Billion,The Wall Street Journal,2018,11,11,9,0,1,1
At Least 25 Dead as Wildfires Hit California in North and South,The Wall Street Journal,2018,11,11,9,0,1,1
Comparison Unfair to Wilhelm II and Trump,The Wall Street Journal,2018,11,11,9,0,1,1
Europe Marks 100th Anniversary of the End of World War I,The Wall Street Journal,2018,11,11,9,0,1,1
"Russia Demotes Dollar’s Role at Home, Taking a Swipe at U.S.",The Wall Street Journal,2018,11,11,9,0,1,1
Democrat Rouda Defeats Republican Rohrabacher in California House Race,The Wall Street Journal,2018,11,11,9,0,1,1
Far-Right Groups Join Massive March  Marking Polish Independence,The Wall Street Journal,2018,11,11,9,0,1,1
UPS Averts Freight Strike as Union Ratifies Contract,The Wall Street Journal,2018,11,11,9,0,1,1
Brain Tech Specialist MindMaze Acquires Startup to Expand VR Treatment,The Wall Street Journal,2018,11,11,9,0,1,1
Unions Will Improve When Workers Have a Real Choice,The Wall Street Journal,2018,11,11,9,0,1,1
"P&G, McDonald’s Power Dow Rebound as Investors Play Defense",The Wall Street Journal,2018,11,11,9,0,1,1
Alibaba Pulls In Record ‘Singles Day’ Sales,The Wall Street Journal,2018,11,11,9,0,1,1
France Detains Civil Servant Suspected of Spying for North Korea,The Wall Street Journal,2018,11,27,10,0,1,1
Genomics Medicine Hits on $400 Million Investment—and a Buyer,The Wall Street Journal,2018,11,27,10,0,1,1
Trump Threatens to Cut GM Subsidies,The Wall Street Journal,2018,11,27,10,0,1,1
SFW Capital Sells Spectro Scientific for Nine-Times Its Purchase Price,The Wall Street Journal,2018,11,27,10,0,1,1
Venezuelan Ex-Treasurer Receives 10 Years in Prison,The Wall Street Journal,2018,11,27,10,0,1,1
‘The New Mind Readers’ Review: Scanning for Thoughts,The Wall Street Journal,2018,11,27,10,0,1,1
Abrams Group Alleges Georgia Mismanaged Election,The Wall Street Journal,2018,11,27,10,0,1,1
Kudlow Voices Skepticism Over U.S.-China Trade Meeting,The Wall Street Journal,2018,11,27,10,0,1,1
Trump Misjudges America’s Courts,The Wall Street Journal,2018,11,27,10,0,1,1
Supreme Court Revisits Westward Expansion,The Wall Street Journal,2018,11,27,10,0,1,1
Europe’s Migrant Disaster Should Teach America a Lesson,The Wall Street Journal,2018,11,27,10,0,1,1
Ways to Make Putin Pay for Ukraine,The Wall Street Journal,2018,11,27,10,0,1,1
Climate Change Is Affordable,The Wall Street Journal,2018,11,27,10,0,1,1
Reserve Bank of New Zealand Eases Mortgage Restrictions,The Wall Street Journal,2018,11,27,10,0,1,1
Ex-Pennsylvania Attorney General Ordered to Begin Serving Perjury Sentence,The Wall Street Journal,2018,11,27,10,0,1,1
Trump’s GM Collision,The Wall Street Journal,2018,11,27,10,0,1,1
Garcia’s Take: Investor Concerns About Obrador Don’t Bode Well for Mexican Firms,The Wall Street Journal,2018,11,27,10,0,1,1
My Brother the Car Horn,The Wall Street Journal,2018,11,27,10,0,1,1
Big Tech Expands Footprint in Health,The Wall Street Journal,2018,11,27,10,0,1,1
Unilever Looks to Acquire GlaxoSmithKline’s Nutrition Business,The Wall Street Journal,2018,11,27,10,0,1,1
Trump-Xi Meeting Risks Roiling Markets,The Wall Street Journal,2018,11,27,10,0,1,1
Lawsuit Over Census-Citizenship Question Now in Judge’s Hands,The Wall Street Journal,2018,11,27,10,0,1,1
Republican Hyde-Smith Wins Mississippi Senate Runoff,The Wall Street Journal,2018,11,27,10,0,1,1
Salesforce Lifts the Cloud,The Wall Street Journal,2018,11,27,10,0,1,1
The Case for Pausing the Interest-Rate Climb,The Wall Street Journal,2018,11,27,10,0,1,1
"Ghosn’s Lawyer, a Former Prosecutor, Knows His Way Around a Courtroom",The Wall Street Journal,2018,11,27,10,0,1,1
Campbell Eyes Ex-Pinnacle Foods Chief for CEO Job,The Wall Street Journal,2018,11,27,10,0,1,1
Black Friday Loses Its Appeal for Some Shoppers,The Wall Street Journal,2018,11,27,10,0,1,1
Clairvest Partners Backs Right Time Heating and Air Conditioning Canada,The Wall Street Journal,2018,11,27,10,0,1,1
The Struggle to Retrieve American Missionary’s Body From a Remote Island,The Wall Street Journal,2018,11,27,10,0,1,1
Ailey Dance Ensemble Honors Its Founder’s Footwork,The Wall Street Journal,2018,11,27,10,0,1,1
U.S. Dollar Edges Higher as Fed Signals Are Scrutinized,The Wall Street Journal,2018,11,27,10,0,1,1
Clearlake Sells Software Company Mycom to Inflexion for $128 Million,The Wall Street Journal,2018,11,27,10,0,1,1
The Add-On Deal Roundup: Nov. 27,The Wall Street Journal,2018,11,27,10,0,1,1
Lawmakers Gridlocked Over Wall Funding,The Wall Street Journal,2018,11,27,10,0,1,1
Real-Estate Tech Startup to Set Up Online Office Marketplace,The Wall Street Journal,2018,11,27,10,0,1,1
Endangered Species Habitat Check,The Wall Street Journal,2018,11,27,10,0,1,1
The U.S.-Saudi Partnership Is Vital,The Wall Street Journal,2018,11,27,10,0,1,1
U.S. Charges Eight With Online-Ad Fraud,The Wall Street Journal,2018,11,27,10,0,1,1
Stocks Up After White House Official Leaves Open Possibility of Trade Breakthrough,The Wall Street Journal,2018,11,27,10,0,1,1
‘Relentless Optimism and Fundamental Sweetness’,The Wall Street Journal,2018,11,27,10,0,1,1
Supreme Court Orders Review of Agency’s Frog-Habitat Designation,The Wall Street Journal,2018,11,27,10,0,1,1
"U.S. Ramps Up Nicaragua Sanctions, Citing Corruption, Abuses",The Wall Street Journal,2018,11,27,10,0,1,1
Multibillion-Dollar Hedge Fund Ascend Capital to Return Money,The Wall Street Journal,2018,11,27,10,0,1,1
Backlog and Revenue Growth Power Salesforce Results,The Wall Street Journal,2018,11,27,10,0,1,1
‘Helter-Skelter’ Originally Meant a Long Slide Down,The Wall Street Journal,2018,11,27,10,0,1,1
Westchester County Loses Triple-A Rating From S&P,The Wall Street Journal,2018,11,27,10,0,1,1
Geron’s Take: Startups Prepare for Crypto Winter,The Wall Street Journal,2018,11,27,10,0,1,1
Sears Finds New Bankruptcy Loan Lender in Swap Seller,The Wall Street Journal,2018,11,27,10,0,1,1
Subway Riders Sound Off on Proposed Fare Increases,The Wall Street Journal,2018,11,27,10,0,1,1
Press Is the Enemy of Climate,The Wall Street Journal,2018,12,04,11,0,1,1
Dutch Bank ING Names New CFO,The Wall Street Journal,2018,12,04,11,0,1,1
Companies Want to Understand How AI Decisions Are Made,The Wall Street Journal,2018,12,04,11,0,1,1
Justice’s AT&T Vendetta,The Wall Street Journal,2018,12,04,11,0,1,1
Roll Back China’s Soft-Power Campaign,The Wall Street Journal,2018,12,04,11,0,1,1
Another High-Ranking FBI Official to Depart,The Wall Street Journal,2018,12,04,11,0,1,1
Postal Service Review Proposes Sweeping Changes Likely to Hit Amazon,The Wall Street Journal,2018,12,04,11,0,1,1
Macron’s Climate Plan B,The Wall Street Journal,2018,12,04,11,0,1,1
NPR Chief Jarl Mohn to Step Down,The Wall Street Journal,2018,12,04,11,0,1,1
Delta Caught by Falling Fuel,The Wall Street Journal,2018,12,04,11,0,1,1
Mayor Says Emergency Chief’s Firing Unrelated to Snowstorm,The Wall Street Journal,2018,12,04,11,0,1,1
Dollar Extends Losses Amid Economic Worries,The Wall Street Journal,2018,12,04,11,0,1,1
Bank of America Elevates Wealth Management Executives,The Wall Street Journal,2018,12,04,11,0,1,1
Saudi-Russia Ties Raise Concerns Among OPEC Members,The Wall Street Journal,2018,12,04,11,0,1,1
"Unsavory Allies, From Stalin to the Saudis",The Wall Street Journal,2018,12,04,11,0,1,1
‘I Am a Tariff Man’,The Wall Street Journal,2018,12,04,11,0,1,1
Karl Lagerfeld’s Secrets to Creativity and Productivity,The Wall Street Journal,2018,12,04,11,0,1,1
Will the Senate Surrender on Criminal Justice?,The Wall Street Journal,2018,12,04,11,0,1,1
Clear Channel Investors Agree to Settle Disputes With iHeart,The Wall Street Journal,2018,12,04,11,0,1,1
U.S. Government Bonds Gain as Stocks Sink,The Wall Street Journal,2018,12,04,11,0,1,1
Compilation of Stories from Elsewhere,The Wall Street Journal,2018,12,04,11,0,1,1
Flatter Yield Curves Aren’t Always Bad News—but This One Is,The Wall Street Journal,2018,12,04,11,0,1,1
Wisconsin’s GOP Legislators Prepare Votes Curbing Incoming Governor,The Wall Street Journal,2018,12,04,11,0,1,1
Will New York City Kill an Amazon Competitor?,The Wall Street Journal,2018,12,04,11,0,1,1
Detroit Sees Big Demand in Muni Market Return,The Wall Street Journal,2018,12,04,11,0,1,1
George Bush’s Leadership by Example,The Wall Street Journal,2018,12,04,11,0,1,1
Bush’s Proud Domestic Legacy,The Wall Street Journal,2018,12,04,11,0,1,1
Special Counsel Mueller Asks for No Jail Time for Mike Flynn,The Wall Street Journal,2018,12,04,11,0,1,1
German Auto CEOs Seek to Avert Tariffs at a White House Meeting,The Wall Street Journal,2018,12,04,11,0,1,1
Stocks Fall Sharply as Trade Jitters Return,The Wall Street Journal,2018,12,04,11,0,1,1
Early Corporate Adopters Put AI to Strategic Use,The Wall Street Journal,2018,12,04,11,0,1,1
Thompson Street Recapitalizing Palisade,The Wall Street Journal,2018,12,04,11,0,1,1
Power Outage Knocks Out Pipelines in Canada,The Wall Street Journal,2018,12,04,11,0,1,1
Biotech Startup Moderna Drops an Underwriter Ahead of IPO,The Wall Street Journal,2018,12,04,11,0,1,1
Slowing Cigarette Sales Push Altria to Explore Other Opportunities,The Wall Street Journal,2018,12,04,11,0,1,1
Canada’s Spy Chief Warns of Economic Espionage,The Wall Street Journal,2018,12,04,11,0,1,1
Geron’s Take: Why Lead Seed Rounds When You Can Follow?,The Wall Street Journal,2018,12,04,11,0,1,1
Solemn Rites as Bush’s Casket Arrives at Capitol,The Wall Street Journal,2018,12,04,11,0,1,1
Cash’s Star Shines in a Tumultuous Year for Global Markets,The Wall Street Journal,2018,12,04,11,0,1,1
"‘Ingmar Bergman’s Cinema’ Review: On Blu-ray, Scenes From a Master",The Wall Street Journal,2018,12,04,11,0,1,1
Trump Team Set to Take Tough Stand in Trade Talks With China,The Wall Street Journal,2018,12,04,11,0,1,1
Reading the Tea Leaves on Trade With China,The Wall Street Journal,2018,12,04,11,0,1,1
Sales for Homebuilder Toll Brothers Decline in Last Quarter,The Wall Street Journal,2018,12,04,11,0,1,1
Brazil’s JBS Names Gilberto Tomazoni as CEO,The Wall Street Journal,2018,12,04,11,0,1,1
SEC Settles With Business-Development Company KCAP,The Wall Street Journal,2018,12,04,11,0,1,1
‘Delayed Response’ Review: A Better Way to Wait,The Wall Street Journal,2018,12,04,11,0,1,1
The Add-On Deal Roundup: Dec. 4,The Wall Street Journal,2018,12,04,11,0,1,1
U.S. to Suspend Nuclear Treaty With Russia in 60 Days,The Wall Street Journal,2018,12,04,11,0,1,1
AIG Names New Finance Chief,The Wall Street Journal,2018,12,04,11,0,1,1
U.S. Prosecutors Charge Four People in Panama Papers Probe,The Wall Street Journal,2018,12,04,11,0,1,1
Headspace vs. Calm: The Meditation Battle That’s Anything but Zen,The Wall Street Journal,2018,12,15,12,0,1,1
‘Vanity Fair’ TV Series Gets a Pop Soundtrack,The Wall Street Journal,2018,12,15,12,0,1,1
A Stranger Comes to a New England Village’s Aid,The Wall Street Journal,2018,12,15,12,0,1,1
What ACA Ruling May Mean for Millions of Americans’ Health Coverage,The Wall Street Journal,2018,12,15,12,0,1,1
Climate Negotiators Agree on Rulebook to Help Curb Emissions,The Wall Street Journal,2018,12,15,12,0,1,1
Justice Department Chides McKinsey in Another Bankruptcy Case,The Wall Street Journal,2018,12,15,12,0,1,1
The Best Ways to Get Out of Debt,The Wall Street Journal,2018,12,15,12,0,1,1
"Bruce Springsteen, Taylor Swift Tours Head for Netflix Encore",The Wall Street Journal,2018,12,15,12,0,1,1
Trump Visits Arlington National Cemetery,The Wall Street Journal,2018,12,15,12,0,1,1
Deloitte Board Nominates New U.S. CEO to Replace Cathy Engelbert,The Wall Street Journal,2018,12,15,12,0,1,1
Nursing Shortage Leaves Some City Schools Uncovered,The Wall Street Journal,2018,12,15,12,0,1,1
Hospitals Borrow Hotel Touches,The Wall Street Journal,2018,12,15,12,0,1,1
The ‘Fortnite’ Dance Move That Spawned a Lawsuit,The Wall Street Journal,2018,12,15,12,0,1,1
Pepper...and Salt,The Wall Street Journal,2018,12,15,12,0,1,1
Family of Guatemalan Girl Who Died in U.S. Custody Calls for Fair Probe,The Wall Street Journal,2018,12,15,12,0,1,1
Fewer ‘Yellow Vest’ Protesters Turn Out Across France,The Wall Street Journal,2018,12,15,12,0,1,1
Mexico’s Budget Plan Proposes Moderate Spending Increase,The Wall Street Journal,2018,12,15,12,0,1,1
Ruling Against Health Law Puts Political Divide in Stark Relief,The Wall Street Journal,2018,12,15,12,0,1,1
"‘If He’s Hiding, I Will Find Him.’ One Man’s Hunt for the Militants Who Killed His Father",The Wall Street Journal,2018,12,15,12,0,1,1
Ukraine Creates ‘a Church Without Putin’,The Wall Street Journal,2018,12,15,12,0,1,1
Russian Lawyers Find Lucrative Niche Counseling Clients Hit by Sanctions,The Wall Street Journal,2018,12,15,12,0,1,1
Federal Judge Deals New Blow to Affordable Care Act,The Wall Street Journal,2018,12,15,12,0,1,1
Interior Secretary Ryan Zinke to Leave Post by End of Year,The Wall Street Journal,2018,12,15,12,0,1,1
State and Local Investment Gets Lift From Rising Revenues,The Wall Street Journal,2018,12,15,12,0,1,1
Box Lacrosse Set to Return to Long Island. Will It Stick This Time?,The Wall Street Journal,2018,12,15,12,0,1,1
New Jersey Democratic Leaders Pull Redistricting Bill After Criticism,The Wall Street Journal,2018,12,15,12,0,1,1
U.N. Monitoring Unit to Oversee Yemen Cease-Fire Implementation,The Wall Street Journal,2018,12,15,12,0,1,1
A Rare Disease Won’t Keep This Mountain Man Off the Trails,The Wall Street Journal,2018,12,15,12,0,1,1
Boeing Flies Close to Trade Tussle With New Facility in China,The Wall Street Journal,2018,12,15,12,0,1,1
Investors Turn Focus to Fed’s 2019 Rate Path,The Wall Street Journal,2018,12,15,12,0,1,1
Where You Should Move to Make the Most Money: America’s Superstar Cities,The Wall Street Journal,2018,12,15,12,0,1,1
How Many More Tears at Johnson & Johnson?,The Wall Street Journal,2018,12,15,12,0,1,1
Fight Over Voter Data Roils Democrats Ahead of Election,The Wall Street Journal,2018,12,15,12,0,1,1
How to Get Employees to Give More to Charity,The Wall Street Journal,2018,12,16,13,0,1,1
Reading From Left to Left at Barnes & Noble,The Wall Street Journal,2018,12,16,13,0,1,1
Tips on Deciding Which Tax-Filing Status Is Best for You,The Wall Street Journal,2018,12,16,13,0,1,1
How to Get Children to Donate to Charities,The Wall Street Journal,2018,12,16,13,0,1,1
Animated Spider-Man Breathes Life Into Holiday-Season Box Office,The Wall Street Journal,2018,12,16,13,0,1,1
Criminal Justice Advances,The Wall Street Journal,2018,12,16,13,0,1,1
Progressive Privilege Prejudice and the U.N.,The Wall Street Journal,2018,12,16,13,0,1,1
Why Does Your Coffee Taste Like Tires? A Battle Brews Between Beans,The Wall Street Journal,2018,12,16,13,0,1,1
"Expand the Playoff, College Football",The Wall Street Journal,2018,12,16,13,0,1,1
Glencore-Related Miner to Be Fined by Canada Over Congo Ops,The Wall Street Journal,2018,12,16,13,0,1,1
Leaders at Impasse on Border Wall as Shutdown Nears,The Wall Street Journal,2018,12,16,13,0,1,1
HQ Trivia Co-Founder Dies of Apparent Drug Overdose,The Wall Street Journal,2018,12,16,13,0,1,1
Lawmakers Want a Greater Say as U.S. Seeks a Saudi Nuclear Deal,The Wall Street Journal,2018,12,16,13,0,1,1
A Seattle Couple Looks to Grow Their Recreational Marijuana Business,The Wall Street Journal,2018,12,16,13,0,1,1
High Time for VCs to Try Their Hand at Pot Investing,The Wall Street Journal,2018,12,16,13,0,1,1
Texas ObamaCare Blunder,The Wall Street Journal,2018,12,16,13,0,1,1
All You Need to Know About Student-Loan Forgiveness,The Wall Street Journal,2018,12,16,13,0,1,1
Renault Urges Nissan to Call for Shareholder Meeting,The Wall Street Journal,2018,12,16,13,0,1,1
A Young Librarian Hopes to Become a Full-Time Writer. Can She Afford To?,The Wall Street Journal,2018,12,16,13,0,1,1
"When It Comes to Evaluating Nonprofits, It Isn’t All About the Overhead",The Wall Street Journal,2018,12,16,13,0,1,1
Four Simple Changes to Bring Social Security Into the 21st Century,The Wall Street Journal,2018,12,16,13,0,1,1
"Global Week Ahead: U.S. Trade Data, Home Sales, Federal Reserve Meeting",The Wall Street Journal,2018,12,16,13,0,1,1
Blue-Collar Voters Are Up for Grabs in 2020,The Wall Street Journal,2018,12,16,13,0,1,1
Higher Interest Rates Pinch Small Banks,The Wall Street Journal,2018,12,16,13,0,1,1
The Best Art of 2018: Diving Into the Beauty of the Past to Escape a Hectic Present,The Wall Street Journal,2018,12,16,13,0,1,1
"Amazon Targets Unprofitable Items, With a Sharper Focus on the Bottom Line",The Wall Street Journal,2018,12,16,13,0,1,1
The Heart of Texas?,The Wall Street Journal,2018,12,16,13,0,1,1
The Yellow Jackets Are Right About Green Policies,The Wall Street Journal,2018,12,16,13,0,1,1
Photos of the Day: Dec. 16,The Wall Street Journal,2018,12,16,13,0,1,1
Politicians Grapple With Response to Health Law Ruling,The Wall Street Journal,2018,12,16,13,0,1,1
Requiem for a Doorman,The Wall Street Journal,2018,12,16,13,0,1,1
Many Benefit-Eligibility Standards Poorly Enforced,The Wall Street Journal,2018,12,16,13,0,1,1
"Germans, Take a Stand Against Nord Stream 2",The Wall Street Journal,2018,12,16,13,0,1,1
New Ukrainian Church Marks a Victory for President,The Wall Street Journal,2018,12,16,13,0,1,1
Let the Good Times…Stay a Little Longer?,The Wall Street Journal,2018,12,16,13,0,1,1
When Couples Retire—and Then Start a Business,The Wall Street Journal,2018,12,16,13,0,1,1
Lull in French Protests Offers Macron a Brief Respite,The Wall Street Journal,2018,12,16,13,0,1,1
Let’s See How Ready for Retirement You Really Are,The Wall Street Journal,2018,12,16,13,0,1,1
On Good Investing vs. Investing for the Good,The Wall Street Journal,2018,12,16,13,0,1,1
‘The Class’ Review: Science-Fair Conﬁdential,The Wall Street Journal,2018,12,16,13,0,1,1
2018 Voting Threw Rifts Into Stark Relief,The Wall Street Journal,2018,12,16,13,0,1,1
Democrats Outline Plans for Trump Oversight,The Wall Street Journal,2018,12,16,13,0,1,1
The Rocky Stock Market Still Pays Dividends to Investors,The Wall Street Journal,2018,12,16,13,0,1,1
Budapest Hit by Protests Over ‘Slave Law’,The Wall Street Journal,2018,12,16,13,0,1,1
Argentina’s Monetary Rescue,The Wall Street Journal,2018,12,16,13,0,1,1
People In Some Jobs Last Longer Than You’d Think,The Wall Street Journal,2018,12,16,13,0,1,1
Fed Tightening? Not Now,The Wall Street Journal,2018,12,16,13,0,1,1
The Fall of the House of Ghosn,The Wall Street Journal,2018,12,16,13,0,1,1
Corrections & Amplifications,The Wall Street Journal,2018,12,16,13,0,1,1
Inner Peace Is a Booming Business,The Wall Street Journal,2018,12,16,13,0,1,1
"After Volatile Campaign, State Senator Takes Low-Key Approach in Albany",The Wall Street Journal,2018,12,27,14,0,1,1
"Tariffs Should Target Chinese Lawlessness, Not the Trade Deficit",The Wall Street Journal,2018,12,27,14,0,1,1
Notable & Quotable: A Living Constitution Suits Putin,The Wall Street Journal,2018,12,27,14,0,1,1
Dollar Falls as Market Tumult Continues,The Wall Street Journal,2018,12,27,14,0,1,1
Photos of the Day: Dec. 27,The Wall Street Journal,2018,12,27,14,0,1,1
Advent Selling Danish IT Company KMD to NEC for $1.2 Billion,The Wall Street Journal,2018,12,27,14,0,1,1
"‘Fabulation, or the Re-Education of Undine’ Review: A Nottage Revival",The Wall Street Journal,2018,12,27,14,0,1,1
"Oil Declines in Volatile, Thin Trading",The Wall Street Journal,2018,12,27,14,0,1,1
U.S. Government Bonds Rise as Investors Avoid Risk,The Wall Street Journal,2018,12,27,14,0,1,1
The Chief Justice and the President,The Wall Street Journal,2018,12,27,14,0,1,1
U.S. Jobless Claims Fell Last Week,The Wall Street Journal,2018,12,27,14,0,1,1
From Tardy to On Time: Spirit Airlines Tries to Shed Old Image,The Wall Street Journal,2018,12,27,14,0,1,1
Dow Industrials Storm Back in Record Rebound,The Wall Street Journal,2018,12,27,14,0,1,1
Saudi Shake-Up Seeks to Bolster Crown Prince,The Wall Street Journal,2018,12,27,14,0,1,1
The Marketplace of Faith,The Wall Street Journal,2018,12,27,14,0,1,1
John Stockman’s Medical Bills Topped $1 Million. What Happened?,The Wall Street Journal,2018,12,27,14,0,1,1
A Second Opinion Becomes a Guilty Verdict,The Wall Street Journal,2018,12,27,14,0,1,1
"From Digital Waste to Lead Paint, CMO Today’s Most-Read Stories of 2018 (and What Happened Next)",The Wall Street Journal,2018,12,27,14,0,1,1
The Syria Fallout,The Wall Street Journal,2018,12,27,14,0,1,1
Startup Equity Platform Carta Valued at $800 Million,The Wall Street Journal,2018,12,27,14,0,1,1
Markets Are Already Volatile. A Long Shutdown Could Make It Worse.,The Wall Street Journal,2018,12,27,14,0,1,1
"‘On the Basis of Sex’ Review: On RBG, Flawed Argument",The Wall Street Journal,2018,12,27,14,0,1,1
Musk Says Pedophile Accusation Was Protected Speech,The Wall Street Journal,2018,12,27,14,0,1,1
Sen. Johnny Isakson Called FBI on Behalf of MiMedx Group,The Wall Street Journal,2018,12,27,14,0,1,1
Partial Government Shutdown Likely to Stretch Into January,The Wall Street Journal,2018,12,27,14,0,1,1
A Philly Special. A 7-Hour World Series Game. A Memorable Tweet.,The Wall Street Journal,2018,12,27,14,0,1,1
"Former AmEx Boss Chenault Leaving IBM, P&G Boards",The Wall Street Journal,2018,12,27,14,0,1,1
Rediscover the Art of the Pop-In,The Wall Street Journal,2018,12,27,14,0,1,1
The Hidden Cost of a Government Shutdown,The Wall Street Journal,2018,12,27,14,0,1,1
Thaw Warms Ties Between Gulf States and Syria,The Wall Street Journal,2018,12,27,14,0,1,1
The Trump ‘Ethics’ Resistance,The Wall Street Journal,2018,12,27,14,0,1,1
The Investment That Cost Apple $9 Billion in 2018,The Wall Street Journal,2018,12,27,14,0,1,1
Ghosn Investigators Focus on Ties to Saudi Businessman,The Wall Street Journal,2018,12,27,14,0,1,1
U.K. Investigates Leaks in Insider Trading Probe,The Wall Street Journal,2018,12,27,14,0,1,1
‘Destroyer’ Review: Equal Opportunity Rage Machine,The Wall Street Journal,2018,12,27,14,0,1,1
‘The Real Doctor Zhivago’ Review: Triumph Under Dictatorship,The Wall Street Journal,2018,12,27,14,0,1,1
The Day* Without a Trump Tweet,The Wall Street Journal,2018,12,27,14,0,1,1
"Trump Insiders, Come Out of the Shadows",The Wall Street Journal,2018,12,27,14,0,1,1
‘We’ll Meet Again’ Review: Getting Off the Island,The Wall Street Journal,2018,12,27,14,0,1,1
ConEd Substation Fire Causes Flash of Blue Light Over New York,The Wall Street Journal,2018,12,27,14,0,1,1
Chinese Property Stocks Get a Shot of Adrenaline,The Wall Street Journal,2018,12,27,14,0,1,1
Providence Collects $4.43 Billion So Far for Eighth Fund,The Wall Street Journal,2018,12,27,14,0,1,1
What’s Wrong With ‘Green Book’?,The Wall Street Journal,2018,12,27,14,0,1,1
‘Hollywood Godfather’ Review: Shaking Down Tinseltown,The Wall Street Journal,2018,12,27,14,0,1,1
J.F. Lehman Acquires Inland Pipe Rehabilitation,The Wall Street Journal,2018,12,27,14,0,1,1
Evercore Says Proposed Fees in David’s Bridal Bankruptcy are Reasonable,The Wall Street Journal,2018,12,27,14,0,1,1
Prayers at School Board Meetings Test Church-State Divide,The Wall Street Journal,2018,12,27,14,0,1,1
Europe’s Missing Vote,The Wall Street Journal,2018,12,27,14,0,1,1
Gold Settles at Its Highest Level Since June 14,The Wall Street Journal,2018,12,27,14,0,1,1
Ohio Legislature Overrides Gov. Kasich’s Veto of Gun-Rights Bill,The Wall Street Journal,2018,12,27,14,0,1,1
Sempra Energy Selling $332 Million Worth of Natural Gas Assets to ArcLight,The Wall Street Journal,2019,01,02,15,0,1,1
Taking Stock of the World’s Debt,The Wall Street Journal,2019,01,02,15,0,1,1
Activist Investor Launches Fight for Board Seats at Ad Firm MDC Partners,The Wall Street Journal,2019,01,02,15,0,1,1
Kamala Harris’s Dark Knights,The Wall Street Journal,2019,01,02,15,0,1,1
Romney’s Reproach,The Wall Street Journal,2019,01,02,15,0,1,1
House Democrats’ Rules Could Make It Easier to Raise Debt Limit,The Wall Street Journal,2019,01,02,15,0,1,1
PG&E Is Sued Over 2013 California Wildfire,The Wall Street Journal,2019,01,02,15,0,1,1
"Like Obama, Trump Blames His Syria Backout on Politics",The Wall Street Journal,2019,01,02,15,0,1,1
The True-State Solution,The Wall Street Journal,2019,01,02,15,0,1,1
Who Is He Wearing? Male Stars Take Red-Carpet Fashion Risks,The Wall Street Journal,2019,01,02,15,0,1,1
‘Hamilton’ Proves It Has Many Acts to Go,The Wall Street Journal,2019,01,02,15,0,1,1
Beautician Arrested Over Death From Illegal Buttocks Injection,The Wall Street Journal,2019,01,02,15,0,1,1
New Front in College Admissions: Nudging Students to Decide Early,The Wall Street Journal,2019,01,02,15,0,1,1
Apple Drops Its iPhone Call,The Wall Street Journal,2019,01,02,15,0,1,1
"My Father’s Big, Beautiful Wall",The Wall Street Journal,2019,01,02,15,0,1,1
"Tesla Shares Sink on Model 3 Delivery Miss, Price Cuts",The Wall Street Journal,2019,01,02,15,0,1,1
Atlas Venture Rounds Up $250 Million for Later-Stage Biotech Fund,The Wall Street Journal,2019,01,02,15,0,1,1
Sears Swap Holders Make Peace With $82.5 Million Cyrus Deal,The Wall Street Journal,2019,01,02,15,0,1,1
Court Officials Blast Mayor de Blasio for Delays on Judges,The Wall Street Journal,2019,01,02,15,0,1,1
Stop Worrying and Learn to Love the Military-Industrial Complex,The Wall Street Journal,2019,01,02,15,0,1,1
Enter the House of Pelosi,The Wall Street Journal,2019,01,02,15,0,1,1
The Supreme Court Is Too Gun-Shy on the Second Amendment,The Wall Street Journal,2019,01,02,15,0,1,1
‘Judicial Fortitude’ Review: Time for Congress to Do Its Job,The Wall Street Journal,2019,01,02,15,0,1,1
The Fed’s Dot Plots Leave Market Watchers No Wiser,The Wall Street Journal,2019,01,02,15,0,1,1
Fish Oil: Hunting for Evidence to Tip the Scales,The Wall Street Journal,2019,01,02,15,0,1,1
Blackbaud Buys YourCause for $157 Million From Providence Strategic Growth,The Wall Street Journal,2019,01,02,15,0,1,1
Apple Warning: Seven Charts That Show the Pressure on China’s Consumers,The Wall Street Journal,2019,01,02,15,0,1,1
"Secondary Buyers Shrug Off Market
		
			
		
	Volatility—for Now",The Wall Street Journal,2019,01,02,15,0,1,1
Apple Makes Rare Cut to Sales Forecast,The Wall Street Journal,2019,01,02,15,0,1,1
"Give Me Your Tired, Your Poor and Overtaxed",The Wall Street Journal,2019,01,02,15,0,1,1
Tribune Media Pulls Stations From Charter’s Spectrum Service,The Wall Street Journal,2019,01,02,15,0,1,1
Trump Predicts Romney Will Fall in Line Behind Him,The Wall Street Journal,2019,01,02,15,0,1,1
Tech Sector Faces New Wariness in 2019,The Wall Street Journal,2019,01,02,15,0,1,1
Trump at the Turn,The Wall Street Journal,2019,01,02,15,0,1,1
U.S. Dollar Advances as Stocks Fall,The Wall Street Journal,2019,01,02,15,0,1,1
Running for New York City Public Advocate? Create Your Party Name,The Wall Street Journal,2019,01,02,15,0,1,1
Qatar’s National Airline Buys Stake in Chinese Carrier,The Wall Street Journal,2019,01,02,15,0,1,1
Investors Are Betting That the Fed Hits Pause on Rate Hikes,The Wall Street Journal,2019,01,02,15,0,1,1
Shutdown Over Border Wall Drags On,The Wall Street Journal,2019,01,02,15,0,1,1
Deaths Level Off—and Even Decline—in Some Opioid Hotspots,The Wall Street Journal,2019,01,02,15,0,1,1
Mack’s Take: Neuroscientist Enke Bashllari Turns to VC to Advance Medicine,The Wall Street Journal,2019,01,02,15,0,1,1
New Netflix CFO to Tackle Cash Flow Conundrum,The Wall Street Journal,2019,01,02,15,0,1,1
China’s Manufacturing Sector Contracts,The Wall Street Journal,2019,01,02,15,0,1,1
Mitsui Ship Is on Fire in Middle of Pacific Ocean,The Wall Street Journal,2019,01,02,15,0,1,1
New Faces of 2019: Acting Chiefs Fill Cabinet Meeting,The Wall Street Journal,2019,01,02,15,0,1,1
Canadian Court Slams Uber’s Arbitration Process,The Wall Street Journal,2019,01,02,15,0,1,1
"Popular Weather App From China Collects Too Much User Data, Security Experts Say",The Wall Street Journal,2019,01,02,15,0,1,1
"Blake Nordstrom, a Scion of Retail Dynasty, Has Died",The Wall Street Journal,2019,01,02,15,0,1,1
"My Predictions Are 2 for 3—Thanks, Oscar",The Wall Street Journal,2019,01,02,15,0,1,1
Brazil’s New Leader Moves to Revamp Economy,The Wall Street Journal,2019,01,02,15,0,1,1
Your Ice Cream Will Ride in a Self-Driving Car Before You Do,The Wall Street Journal,2019,01,05,16,0,1,1
Clashes Break Out as France’s ‘Yellow-Vest’ Protests Show Signs of Revival,The Wall Street Journal,2019,01,05,16,0,1,1
‘Goldbergs’ Spinoff ‘Schooled’ Is In Session,The Wall Street Journal,2019,01,05,16,0,1,1
Warren Jumps Into Primary Fray With Visit to Iowa,The Wall Street Journal,2019,01,05,16,0,1,1
The Two NFL Teams Nobody Wants to Play Are Playing Each Other,The Wall Street Journal,2019,01,05,16,0,1,1
Bolton Warns Syria Not to Use Chemical Weapons,The Wall Street Journal,2019,01,05,16,0,1,1
Blast at Cairo Church Kills Police Officer,The Wall Street Journal,2019,01,05,16,0,1,1
"Landlords Boosted Rents Last Year, but Tenants May Soon Have the Edge",The Wall Street Journal,2019,01,05,16,0,1,1
Pepper...and Salt,The Wall Street Journal,2019,01,05,16,0,1,1
Vatican Aims to Expedite Trial of U.S. Archbishop McCarrick,The Wall Street Journal,2019,01,05,16,0,1,1
Michael Che of ‘SNL’ Stands Up for NYCHA Residents,The Wall Street Journal,2019,01,05,16,0,1,1
E-commerce Expertise Comes to Health Startup Turnaround,The Wall Street Journal,2019,01,05,16,0,1,1
"Serial Pickpockets to Blame for Bump in New York City Subway Crime, Police Say",The Wall Street Journal,2019,01,05,16,0,1,1
Shooting in Los Angeles-Area Bowling Alley Leaves Three Dead,The Wall Street Journal,2019,01,05,16,0,1,1
Put Down That Spoon—This Soup Is For Drinking,The Wall Street Journal,2019,01,05,16,0,1,1
Apple and the Art of Guidance,The Wall Street Journal,2019,01,05,16,0,1,1
"When Some Broadway Curtains Close, the Show Goes On at Smaller Theaters",The Wall Street Journal,2019,01,05,16,0,1,1
Former Defense Secretary Harold Brown Dies at 91,The Wall Street Journal,2019,01,05,16,0,1,1
Stock Selloff Could Hit Berkshire Hathaway,The Wall Street Journal,2019,01,05,16,0,1,1
Jeff Bezos and Jamie Dimon: Best of Frenemies,The Wall Street Journal,2019,01,05,16,0,1,1
The Butterfly Effect That Powers a Masters Swimmer,The Wall Street Journal,2019,01,05,16,0,1,1
Mortgage Rates Hit Lowest Point in Nine Months,The Wall Street Journal,2019,01,10,17,0,1,1
Strong Economy Can’t Save Retailers From Holiday Blues,The Wall Street Journal,2019,01,10,17,0,1,1
"‘True Detective’ Review: Grim, Gripping Entertainment",The Wall Street Journal,2019,01,10,17,0,1,1
The Almost-Democratic Republic of Congo,The Wall Street Journal,2019,01,10,17,0,1,1
Politics May Trip Up Amazon and Walmart in India,The Wall Street Journal,2019,01,10,17,0,1,1
U.S. Government Bonds Hold Steady,The Wall Street Journal,2019,01,10,17,0,1,1
U.S. Stocks Regain Ground Despite Concerns About Global Growth,The Wall Street Journal,2019,01,10,17,0,1,1
A Bohemian Neighborhood in Peru Gets a Luxury Lift,The Wall Street Journal,2019,01,10,17,0,1,1
New York City Plans to Give More 3-Year-Olds Free Early Childhood Education,The Wall Street Journal,2019,01,10,17,0,1,1
Fed Sent Lower Remittances to U.S. Treasury in 2018,The Wall Street Journal,2019,01,10,17,0,1,1
New Target CFO Will Have to Sustain Retailer’s Turnaround Pace,The Wall Street Journal,2019,01,10,17,0,1,1
Mnuchin Defends Plan to Remove Russian Aluminum Giant From Sanctions Blacklist,The Wall Street Journal,2019,01,10,17,0,1,1
White House Aides Explore Alternative Ways to Pay for Wall,The Wall Street Journal,2019,01,10,17,0,1,1
Tragedy of the Starbucks Commons,The Wall Street Journal,2019,01,10,17,0,1,1
BlackRock Cutting Roughly 500 Jobs,The Wall Street Journal,2019,01,10,17,0,1,1
How the Fed Showed It Had the Market’s Back,The Wall Street Journal,2019,01,10,17,0,1,1
Temple University Settles Suit Over Fudged Data on M.B.A. Ranking,The Wall Street Journal,2019,01,10,17,0,1,1
Is Sisi Good for Egypt’s Christians?,The Wall Street Journal,2019,01,10,17,0,1,1
‘Why We Fight’ Review: Punch-Drunk Love,The Wall Street Journal,2019,01,10,17,0,1,1
Gov. Cuomo to Announce Budget Proposal Before Deadline,The Wall Street Journal,2019,01,10,17,0,1,1
‘The Road Ahead: Reimagining Mobility’ Review: Future Imperfect,The Wall Street Journal,2019,01,10,17,0,1,1
Cohen Will Testify Before House Oversight Committee,The Wall Street Journal,2019,01,10,17,0,1,1
"Xi’s Top Trade Aide to Visit U.S. for Talks, Shutdown Permitting",The Wall Street Journal,2019,01,10,17,0,1,1
"Ghosn’s Lawyer Said He Developed a Fever in Jail, Is Feeling Better",The Wall Street Journal,2019,01,10,17,0,1,1
Copper Edges Lower After More Weak China Data,The Wall Street Journal,2019,01,10,17,0,1,1
Fed’s Powell Affirms Flexible Rate Outlook,The Wall Street Journal,2019,01,10,17,0,1,1
‘The Dictator’s Playbook’ Review: Tyranny 101,The Wall Street Journal,2019,01,10,17,0,1,1
Pompeo Courts Arab Support Against Iran While Touting U.S.’s Mideast Role,The Wall Street Journal,2019,01,10,17,0,1,1
De Blasio’s Privacy Invasion,The Wall Street Journal,2019,01,10,17,0,1,1
The Silly Arguments Against a Border Wall,The Wall Street Journal,2019,01,10,17,0,1,1
New Florida GOP Governor Moves Quickly,The Wall Street Journal,2019,01,10,17,0,1,1
End This Stupid Shutdown,The Wall Street Journal,2019,01,10,17,0,1,1
U.K. Receives Record Number of Suspicious-Activity Reports,The Wall Street Journal,2019,01,10,17,0,1,1
Activision Blizzard Splits With ‘Destiny’ Studio,The Wall Street Journal,2019,01,10,17,0,1,1
Fed’s Clarida Says Monetary Policy Isn’t on a Preset Course,The Wall Street Journal,2019,01,10,17,0,1,1
Dollar Notches Gains as Stocks Slip,The Wall Street Journal,2019,01,10,17,0,1,1
Obama-Era War on Executive Power Foreshadowed Trump’s Wall Fight,The Wall Street Journal,2019,01,10,17,0,1,1
"Trump Cancels Davos Trip, Digs In on Border-Wall Funding",The Wall Street Journal,2019,01,10,17,0,1,1
Trump’s Presidential Emergency,The Wall Street Journal,2019,01,10,17,0,1,1
Protecting Tenants and Expanding Ferry Service on Mayor’s Plate This Year,The Wall Street Journal,2019,01,10,17,0,1,1
Trump’s New Shutdown World,The Wall Street Journal,2019,01,10,17,0,1,1
Andy Murray to Retire From Tennis This Season,The Wall Street Journal,2019,01,10,17,0,1,1
"New York City Workplace Deaths Soared in 2017, Labor Report Says",The Wall Street Journal,2019,01,10,17,0,1,1
The Fatalism of a True Football Fan,The Wall Street Journal,2019,01,10,17,0,1,1
Junk-Bond Sale Ends 40-Day Market Drought,The Wall Street Journal,2019,01,10,17,0,1,1
Warrant Issued for Soccer Superstar Ronaldo’s DNA in Rape Case,The Wall Street Journal,2019,01,10,17,0,1,1
Oil Extends Gains in Longest Winning Streak Since 2010,The Wall Street Journal,2019,01,10,17,0,1,1
No Foot Fetishes or Affairs: China Censors Crack Down on Short Videos,The Wall Street Journal,2019,01,10,17,0,1,1
Amazon’s IMDb Launches Free Streaming-Video Service,The Wall Street Journal,2019,01,10,17,0,1,1
Early Withdrawal Will Lead to More Terrorism,The Wall Street Journal,2019,01,10,17,0,1,1
Pence Asks U.S. Diplomats to Back Trump’s Push for a Border Wall,The Wall Street Journal,2019,01,16,18,0,1,1
Watchdog Finds Flaws in Review of Trump Hotel Lease,The Wall Street Journal,2019,01,16,18,0,1,1
At Least Four Americans Killed in ISIS-Claimed Attack in Syria,The Wall Street Journal,2019,01,16,18,0,1,1
Masculinity Isn’t a Sickness,The Wall Street Journal,2019,01,16,18,0,1,1
I’m on Strike for the Sake of My Students,The Wall Street Journal,2019,01,16,18,0,1,1
Greek Premier Narrowly Wins Confidence Vote,The Wall Street Journal,2019,01,16,18,0,1,1
The Real Cure for Economic Insecurity,The Wall Street Journal,2019,01,16,18,0,1,1
Schwab Says Clients Boosted Cash,The Wall Street Journal,2019,01,16,18,0,1,1
U.N. Security Council Votes to Send Monitors to Yemen,The Wall Street Journal,2019,01,16,18,0,1,1
"‘God in the Qur’an’ Review: Allah, a Biography",The Wall Street Journal,2019,01,16,18,0,1,1
"Supreme Court Hears Cases Involving Land Use, Alcohol Permits",The Wall Street Journal,2019,01,16,18,0,1,1
U.S.-Russia Nuclear Pact Moves Closer to Collapse,The Wall Street Journal,2019,01,16,18,0,1,1
What Betting Markets Say About Brexit’s Next Steps,The Wall Street Journal,2019,01,16,18,0,1,1
"NYC Funded 10,000 Newly Built Affordable Apartments in 2018",The Wall Street Journal,2019,01,16,18,0,1,1
"With Back Pay Promised, Job-Growth Streak Likely to Continue",The Wall Street Journal,2019,01,16,18,0,1,1
IRS Offers Penalty Reprieve to Taxpayers Adjusting to New Law,The Wall Street Journal,2019,01,16,18,0,1,1
Regional Banks Brush Off Yield-Curve Worries,The Wall Street Journal,2019,01,16,18,0,1,1
Engler Steps Down as Interim President at Michigan State,The Wall Street Journal,2019,01,16,18,0,1,1
Coast Guard Members Are Caught in Shutdown,The Wall Street Journal,2019,01,16,18,0,1,1
U.S. Dollar Little Changed as Investors Watch Brexit,The Wall Street Journal,2019,01,16,18,0,1,1
WeWork’s CEO Makes Millions as Landlord to WeWork,The Wall Street Journal,2019,01,16,18,0,1,1
Alcoa’s Fourth-Quarter Revenue In Line With Expectations,The Wall Street Journal,2019,01,16,18,0,1,1
Cold War Cloak and Dagger Comes to New York,The Wall Street Journal,2019,01,16,18,0,1,1
Bill Gates: The Best Investment I’ve Ever Made,The Wall Street Journal,2019,01,16,18,0,1,1
Cuomo’s Budget Proposal Cuts Aid to Municipalities,The Wall Street Journal,2019,01,16,18,0,1,1
New Jersey Gov. Murphy Unveils Plan for Revamped Tax Incentives,The Wall Street Journal,2019,01,16,18,0,1,1
PG&E Shares Stem Decline Even as California Rescue Chances Dim,The Wall Street Journal,2019,01,16,18,0,1,1
NYPD Officer Killed in Crash in the Bronx,The Wall Street Journal,2019,01,16,18,0,1,1
Nordstrom Has Rich-People Problems,The Wall Street Journal,2019,01,16,18,0,1,1
Huawei Targeted in Criminal Probe for Alleged Theft of Trade Secrets,The Wall Street Journal,2019,01,16,18,0,1,1
John Clifton Bogle,The Wall Street Journal,2019,01,16,18,0,1,1
Push to Block Easing of Sanctions Could Make U.S. Wary of High-Profile Targets,The Wall Street Journal,2019,01,16,18,0,1,1
Sears to Stay Open After Lampert Prevails in Bankruptcy Auction,The Wall Street Journal,2019,01,16,18,0,1,1
Microsoft’s Answer to Seattle’s Housing Issue: $500 Million,The Wall Street Journal,2019,01,16,18,0,1,1
"Bankers Shine, Traders Stumble as Goldman Profit Jumps",The Wall Street Journal,2019,01,16,18,0,1,1
The Shutdown and the Next Election,The Wall Street Journal,2019,01,16,18,0,1,1
Why We Have So Many Shutdowns,The Wall Street Journal,2019,01,16,18,0,1,1
Fed Says Student Debt Has Hurt the U.S. Housing Market,The Wall Street Journal,2019,01,16,18,0,1,1
"As Relations Thaw, North Korea Prepares for U.S. Talks",The Wall Street Journal,2019,01,16,18,0,1,1
Senate Fails to Block Administration From Easing Russia Sanctions,The Wall Street Journal,2019,01,16,18,0,1,1
"Bernie Sanders, Former Staffers Meet After Harassment Allegations",The Wall Street Journal,2019,01,16,18,0,1,1
France Asks Renault to Name Successor to Carlos Ghosn,The Wall Street Journal,2019,01,16,18,0,1,1
"‘Metaphysical Masterpieces 1916-1920: Morandi, Sironi, and Carrà’ Review: Every Object’s Mysteries",The Wall Street Journal,2019,01,16,18,0,1,1
"Former Fed Leaders, Economists Rally Around Carbon Tax",The Wall Street Journal,2019,01,16,18,0,1,1
The Theresa May Survival Guide,The Wall Street Journal,2019,01,16,18,0,1,1
Can Federal Workers Get Jobless Benefits in a Shutdown? It Depends,The Wall Street Journal,2019,01,16,18,0,1,1
Gridlock Is the New Normal,The Wall Street Journal,2019,01,16,18,0,1,1
"The Long, Sad Descent of ‘Staircase Wit’",The Wall Street Journal,2019,01,16,18,0,1,1
Economists’ Statement on Carbon Dividends,The Wall Street Journal,2019,01,16,18,0,1,1
Transparency Gets Fresh Look in Bankruptcy Court,The Wall Street Journal,2019,01,16,18,0,1,1
"Cohen Hired IT Firm to Rig Early CNBC, Drudge Polls to Favor Trump",The Wall Street Journal,2019,01,17,19,0,1,1
Broadway Actors’ Strike Could Play a Role in Hindering Shows,The Wall Street Journal,2019,01,17,19,0,1,1
‘Black Monday’ Review: What Cometh Before the Fall,The Wall Street Journal,2019,01,17,19,0,1,1
Bid to Create European Train Champion on Verge of Collapse,The Wall Street Journal,2019,01,17,19,0,1,1
Harvey Weinstein’s Criminal Lawyer Exits Case,The Wall Street Journal,2019,01,17,19,0,1,1
Skadden Arps Settles With DOJ Over Work With Manafort for Ukraine,The Wall Street Journal,2019,01,17,19,0,1,1
The Secrets of Jack Bogle’s Investment Success,The Wall Street Journal,2019,01,17,19,0,1,1
A Bloody Month of Jihad,The Wall Street Journal,2019,01,17,19,0,1,1
Gillibrand’s Me-Too Moment,The Wall Street Journal,2019,01,17,19,0,1,1
What Bruce Ohr Told the FBI,The Wall Street Journal,2019,01,17,19,0,1,1
These Apple Ciders Are Wild—Literally,The Wall Street Journal,2019,01,17,19,0,1,1
Carlos Ghosn to Stay in Jail After Tokyo Court Denies Bail Again,The Wall Street Journal,2019,01,17,19,0,1,1
Stocks Jump on Trade Hopes,The Wall Street Journal,2019,01,17,19,0,1,1
"Martin Luther King, Colorblind Radical",The Wall Street Journal,2019,01,17,19,0,1,1
‘Fyre’ and ‘Fyre Fraud’ Reviews: VIP—Very Impractical Party,The Wall Street Journal,2019,01,17,19,0,1,1
JPMorgan CEO Dimon’s Compensation Tops Pre-Crisis Record,The Wall Street Journal,2019,01,17,19,0,1,1
Army Releases a Critical History of the War in Iraq,The Wall Street Journal,2019,01,17,19,0,1,1
Chicago Officers Found Not Guilty of Conspiracy in Laquan McDonald Shooting,The Wall Street Journal,2019,01,17,19,0,1,1
Mads Mikkelsen Helps Build the Death Star (Again),The Wall Street Journal,2019,01,17,19,0,1,1
‘The Birth of Loud’ Review: Constructive Feedback,The Wall Street Journal,2019,01,17,19,0,1,1
Proposed ACA Rules Could Boost Costs for Millions of People,The Wall Street Journal,2019,01,17,19,0,1,1
New Jersey Leaders Reach Deal on $15 Minimum Wage,The Wall Street Journal,2019,01,17,19,0,1,1
PPG Says U.S. Attorney’s Office Investigating Paint Giant’s Accounting Practices,The Wall Street Journal,2019,01,17,19,0,1,1
‘Stomping Off From Greenwood’ by Greg Ward Review,The Wall Street Journal,2019,01,17,19,0,1,1
Trump Moves to Block Pelosi’s Overseas Trip Until After Shutdown,The Wall Street Journal,2019,01,17,19,0,1,1
"In Canada, Oil Output Cuts Pay Off as Prices Rally",The Wall Street Journal,2019,01,17,19,0,1,1
Midcap Stocks Try to Shed the ‘Orphaned Index’ Label,The Wall Street Journal,2019,01,17,19,0,1,1
Sears Creditors Oppose Sale to Edward Lampert,The Wall Street Journal,2019,01,17,19,0,1,1
Islamic State Returns to Guerrilla Tactics as It Loses Territory,The Wall Street Journal,2019,01,17,19,0,1,1
"Apple Supplier Issues Profit Warning, Blames Weak Chinese Demand",The Wall Street Journal,2019,01,17,19,0,1,1
"If Weed Is Medicine, So Is Budweiser",The Wall Street Journal,2019,01,17,19,0,1,1
Netflix Reports Paid Customers Rise on Strength Overseas,The Wall Street Journal,2019,01,17,19,0,1,1
The Odd Way We Announce for President Now,The Wall Street Journal,2019,01,17,19,0,1,1
"How Hinduism Has Persisted for 4,000 Years",The Wall Street Journal,2019,01,17,19,0,1,1
‘Unbearable’: European Firms Face Brexit Uncertainty,The Wall Street Journal,2019,01,17,19,0,1,1
Aide to New York Mayor Quit After Sexual-Harassment Accusations,The Wall Street Journal,2019,01,17,19,0,1,1
The U.S. and China Are Hatching a Plan to Reopen Chicken Trade,The Wall Street Journal,2019,01,17,19,0,1,1
A ‘No Deal’ Brexit Can Save the European Union,The Wall Street Journal,2019,01,17,19,0,1,1
Tribune Publishing Names New Chairman and CEO,The Wall Street Journal,2019,01,17,19,0,1,1
State Department Workers Called Back to Their Jobs,The Wall Street Journal,2019,01,17,19,0,1,1
"Shut Up, the SEC Explained",The Wall Street Journal,2019,01,17,19,0,1,1
Gillette’s Ad With a #MeToo Edge Gets Mixed Reactions,The Wall Street Journal,2019,01,17,19,0,1,1
Be Careful What You Wish For: Wall Street Hit by Fourth-Quarter Volatility,The Wall Street Journal,2019,01,17,19,0,1,1
MTA Considers Tying Fare Hike to Service,The Wall Street Journal,2019,01,17,19,0,1,1
NYPD Emails Show Officers Surveilled Black Lives Matter Protesters,The Wall Street Journal,2019,01,17,19,0,1,1
Trump Has Taken Many Steps to Undermine Health Law,The Wall Street Journal,2019,01,17,19,0,1,1
Netflix’s New Hit Is International,The Wall Street Journal,2019,01,17,19,0,1,1
State Places 84 City Schools on Low-Performing List,The Wall Street Journal,2019,01,17,19,0,1,1
Johnson & Johnson to Use Apple Watch App for Heart-Health Study,The Wall Street Journal,2019,01,17,19,0,1,1
New on Parents’ To-Do List: Checking Kids’ Credit History,The Wall Street Journal,2019,01,17,19,0,1,1
Oil Rises as Supply Concerns Outweigh Rising Stockpiles,The Wall Street Journal,2019,01,25,20,0,1,1
Former Tesco Subsidiary Executive Acquitted in Fraud Case,The Wall Street Journal,2019,01,25,20,0,1,1
U.S. Treasurys Pull Back as Stocks Advance,The Wall Street Journal,2019,01,25,20,0,1,1
Advertising Giant WPP Asked Ex-CEO Sorrell to Repay Expenses,The Wall Street Journal,2019,01,25,20,0,1,1
Major Carrier Halts Huawei Purchases Amid Security Fears,The Wall Street Journal,2019,01,25,20,0,1,1
Italy Sends Gucci Owner a Nearly $1.6 Billion Tax Bill,The Wall Street Journal,2019,01,25,20,0,1,1
From Covington Catholic to an Uneasy Davos,The Wall Street Journal,2019,01,25,20,0,1,1
Notable & Quotable: C.S. Lewis’s Test,The Wall Street Journal,2019,01,25,20,0,1,1
‘The Circuit’ Review: The Tour That Never Ends,The Wall Street Journal,2019,01,25,20,0,1,1
Fed Names Stacey Tevlin Research Director,The Wall Street Journal,2019,01,25,20,0,1,1
U.S. Stocks End the Week With Gains,The Wall Street Journal,2019,01,25,20,0,1,1
Elizabeth Warren’s Unconstitutional Wealth Tax,The Wall Street Journal,2019,01,25,20,0,1,1
Who’s Who in the Roger Stone Indictment,The Wall Street Journal,2019,01,25,20,0,1,1
"Those Who Can’t Do Teach, Wall Street Edition",The Wall Street Journal,2019,01,25,20,0,1,1
U.S. Backing of Venezuela Opposition Government Risks Putting State’s Oil Money in Limbo,The Wall Street Journal,2019,01,25,20,0,1,1
Mexico to Receive Some Migrants From the U.S.,The Wall Street Journal,2019,01,25,20,0,1,1
Dollar Declines to End Week,The Wall Street Journal,2019,01,25,20,0,1,1
Roger Stone Was Longtime Associate of Donald Trump,The Wall Street Journal,2019,01,25,20,0,1,1
The State of the Union Is Missing,The Wall Street Journal,2019,01,25,20,0,1,1
"Around 200 People Missing, Seven Dead, After Dam Bursts in Brazil",The Wall Street Journal,2019,01,25,20,0,1,1
"Trump Signs Spending Bill, Ending Longest Government Shutdown in U.S. History",The Wall Street Journal,2019,01,25,20,0,1,1
How the News Became Fake,The Wall Street Journal,2019,01,25,20,0,1,1
"House’s Russia Probe, Cited in Stone Charges, Nearly Derailed Itself",The Wall Street Journal,2019,01,25,20,0,1,1
Oregon’s Progressive Politicians Want Rent Control for All,The Wall Street Journal,2019,01,25,20,0,1,1
It’s Not Too Late to Quit Social Media,The Wall Street Journal,2019,01,25,20,0,1,1
Sherrod Brown Sends Regrets,The Wall Street Journal,2019,01,25,20,0,1,1
An Art Collector On a Mission to Share His Passion,The Wall Street Journal,2019,01,25,20,0,1,1
Keystone Kops Collusion,The Wall Street Journal,2019,01,25,20,0,1,1
NRA Faces a Challenge From Pro-Gun Groups,The Wall Street Journal,2019,01,25,20,0,1,1
After the Shutdown Fiasco,The Wall Street Journal,2019,01,25,20,0,1,1
Reopening Isn’t a Glitch-Free Process,The Wall Street Journal,2019,01,25,20,0,1,1
Book Review: The Whiggish View of History,The Wall Street Journal,2019,01,25,20,0,1,1
KPMG Gets Poor Marks From Audit Regulator,The Wall Street Journal,2019,01,25,20,0,1,1
Politics: Want to Be President? You Better Write a Book,The Wall Street Journal,2019,01,25,20,0,1,1
"Goodbye, Showy Chandeliers. Hello, Low-Key Lighting That Transforms Rooms",The Wall Street Journal,2019,01,25,20,0,1,1
What Fliers Should Keep in Mind as the Shutdown Pauses,The Wall Street Journal,2019,01,25,20,0,1,1
Stone Charged in Mueller Probe,The Wall Street Journal,2019,01,25,20,0,1,1
Beyond the Shutdown: The Trump-Pelosi Dynamic Defines Washington,The Wall Street Journal,2019,01,25,20,0,1,1
Weed vs. Greed on Wall Street,The Wall Street Journal,2019,01,25,20,0,1,1
"Venezuela’s Maduro, Rival Guaidó Face Off in Dueling Speeches",The Wall Street Journal,2019,01,25,20,0,1,1
Left-Wing Politics and the Decline of Sociology,The Wall Street Journal,2019,01,25,20,0,1,1
"YouTube to Curb Referrals to Conspiracy Theories, False Claims",The Wall Street Journal,2019,01,25,20,0,1,1
Administration Taps Elliott Abrams as Envoy for Venezuela,The Wall Street Journal,2019,01,25,20,0,1,1
Why the Odds of a Recession Are Rising,The Wall Street Journal,2019,01,25,20,0,1,1
U.S. Navy Veteran Detained in Iran on ‘Private Complaint’,The Wall Street Journal,2019,01,25,20,0,1,1
Exile of Brazil’s First Gay Activist Lawmaker Dismays Supporters,The Wall Street Journal,2019,01,25,20,0,1,1
Syrian Refugees Suffer as Winter Storms Devastate Lebanese Camps,The Wall Street Journal,2019,01,25,20,0,1,1
California Sues City Over Lack of Affordable Housing,The Wall Street Journal,2019,01,25,20,0,1,1
Time for Tesla to Study the Apple Playbook,The Wall Street Journal,2019,01,25,20,0,1,1
Elegy for the Floating City,The Wall Street Journal,2019,01,25,20,0,1,1
GE’s Asset Sales Bode Well for Balance Sheet,The Wall Street Journal,2019,02,25,21,0,1,1
House Probes Trump Contact With Matthew Whitaker,The Wall Street Journal,2019,02,25,21,0,1,1
High Nuclear Stakes in Hanoi,The Wall Street Journal,2019,02,25,21,0,1,1
Bernie Sanders Says He Plans to Release 10 Years of Tax Returns,The Wall Street Journal,2019,02,25,21,0,1,1
Patients Face Monthslong Waits for New York Specialists,The Wall Street Journal,2019,02,25,21,0,1,1
How Fast 5G Mobile Internet Feels,The Wall Street Journal,2019,02,25,21,0,1,1
"Iran’s Foreign Minister Resigns, Clouding 2015 Nuclear Deal",The Wall Street Journal,2019,02,25,21,0,1,1
A Nobel Prize for Trump,The Wall Street Journal,2019,02,25,21,0,1,1
"Syria’s Assad Visits Tehran, Looking to Cement Ties",The Wall Street Journal,2019,02,25,21,0,1,1
Cardinal George Pell Found Guilty of Sexually Assaulting Choirboys,The Wall Street Journal,2019,02,25,21,0,1,1
Fed’s Clarida Highlights Risks to Economic Growth From Abroad,The Wall Street Journal,2019,02,25,21,0,1,1
New Jersey Moves Toward State-Sponsored Savings Program for Private-Sector Workers,The Wall Street Journal,2019,02,25,21,0,1,1
Bad Science May Banish Paper Receipts,The Wall Street Journal,2019,02,25,21,0,1,1
Bernie Sanders Needs to Move Left,The Wall Street Journal,2019,02,25,21,0,1,1
Manafort’s Lawyers Ask Judge for Leniency,The Wall Street Journal,2019,02,25,21,0,1,1
Who’s Deplorable Now?,The Wall Street Journal,2019,02,25,21,0,1,1
Charitable Giving Shifts Toward Large Donations,The Wall Street Journal,2019,02,25,21,0,1,1
"Etsy Stock Rises, as Users and Sellers Grow",The Wall Street Journal,2019,02,25,21,0,1,1
Hudson Yards Developers See An Appetite for a Culinary Corridor,The Wall Street Journal,2019,02,25,21,0,1,1
Dollar Weakens Against Emerging-Market Currencies as Trade Fears Ease,The Wall Street Journal,2019,02,25,21,0,1,1
Former National Security Officials Challenge Trump’s Emergency Declaration,The Wall Street Journal,2019,02,25,21,0,1,1
Former PepsiCo CEO Indra Nooyi Joins Amazon’s Board,The Wall Street Journal,2019,02,25,21,0,1,1
Fed Officials Meet With Local Leaders to Support Low-Income Communities,The Wall Street Journal,2019,02,25,21,0,1,1
SEC Asks Manhattan Federal Court to Hold Musk in Contempt,The Wall Street Journal,2019,02,25,21,0,1,1
"It Is the Year of More for CIOs: Pay, Workload and Influence Are on the Rise",The Wall Street Journal,2019,02,25,21,0,1,1
‘The Enlightened Capitalists’ Review: Proﬁting From High Ideals,The Wall Street Journal,2019,02,25,21,0,1,1
Mercedes Enlists Quantum Computing to Build a Better Electric Vehicle Battery,The Wall Street Journal,2019,02,25,21,0,1,1
The Obama-Trump Economic Boom,The Wall Street Journal,2019,02,25,21,0,1,1
U.K. Labour Party Would Back Second Brexit Referendum,The Wall Street Journal,2019,02,25,21,0,1,1
GOP’s ‘Born Alive’ Abortion Bill Fails to Advance in Senate,The Wall Street Journal,2019,02,25,21,0,1,1
Vandalism of Brooklyn Church’s Statue Called a Hate Crime,The Wall Street Journal,2019,02,25,21,0,1,1
The Nuclear Option Is the Real Green Deal,The Wall Street Journal,2019,02,25,21,0,1,1
Investigators Search for Black Boxes in Amazon Plane Crash,The Wall Street Journal,2019,02,25,21,0,1,1
An #OscarsSoSafe Awards Ceremony,The Wall Street Journal,2019,02,25,21,0,1,1
Josh Hawley’s Bad Judgment,The Wall Street Journal,2019,02,25,21,0,1,1
Evolving Venezuela Sanctions Pose Problems for Banks,The Wall Street Journal,2019,02,25,21,0,1,1
Trump Budget Proposal Would Protect Military From Steep Spending Cuts,The Wall Street Journal,2019,02,25,21,0,1,1
MTA Rebukes Contractors Over Railroad Project Delays,The Wall Street Journal,2019,02,25,21,0,1,1
The Saudis Hedge Their American Bets,The Wall Street Journal,2019,02,25,21,0,1,1
Windstream Files for Bankruptcy After Legal Loss,The Wall Street Journal,2019,02,25,21,0,1,1
U.S. Imposes New Sanctions on Venezuelan Regime,The Wall Street Journal,2019,02,25,21,0,1,1
Cold Wash Espionage,The Wall Street Journal,2019,02,25,21,0,1,1
Buyer of AcuSport’s Bankrupt Operations Sued Over Sale,The Wall Street Journal,2019,02,25,21,0,1,1
"Shake Shack Revenue Rises, Helped by Higher Prices",The Wall Street Journal,2019,02,25,21,0,1,1
World Trade Slowed at End of 2018,The Wall Street Journal,2019,02,25,21,0,1,1
"Stick to Your Guns, Microsoft",The Wall Street Journal,2019,02,25,21,0,1,1
"Trump’s Retreat on Tariffs May Help Keep Inflation Pressure at Bay, Report Says",The Wall Street Journal,2019,02,25,21,0,1,1
"‘Bouguereau & America’ Review:
		
			
		
	Re-Examining a Reviled Master",The Wall Street Journal,2019,02,25,21,0,1,1
Buffett: I Overpaid for Kraft Heinz,The Wall Street Journal,2019,02,25,21,0,1,1
Mining Giant Barrick Makes Unsolicited Bid for Rival Newmont,The Wall Street Journal,2019,02,25,21,0,1,1
"‘Old’ the Phone, Another Scammer Is Calling",The Wall Street Journal,2019,03,04,22,0,1,1
‘Invention and Design: Early Italian Drawings at the Morgan’ Review: Sketching the History of an Art Form,The Wall Street Journal,2019,03,04,22,0,1,1
Judge Questions Decision to Revoke U.S.-Born Woman’s Citizenship,The Wall Street Journal,2019,03,04,22,0,1,1
Salesforce Raises Its Full-Year Sales Outlook as Profit Rises,The Wall Street Journal,2019,03,04,22,0,1,1
Salesforce: Gravity Still Applies,The Wall Street Journal,2019,03,04,22,0,1,1
Allies Worry Over U.S. Public Opinion,The Wall Street Journal,2019,03,04,22,0,1,1
Democrats Aim to Block Trump Administration Move on Abortion Providers,The Wall Street Journal,2019,03,04,22,0,1,1
What Your Doctor Isn’t Allowed to Tell You,The Wall Street Journal,2019,03,04,22,0,1,1
Keeping Talent America Trains,The Wall Street Journal,2019,03,04,22,0,1,1
Wells Fargo Hires Strategic Enterprise Risk Chief,The Wall Street Journal,2019,03,04,22,0,1,1
"After an Auditor Flunked Brazil Dam, Vale Found Another Who Passed It",The Wall Street Journal,2019,03,04,22,0,1,1
Second HIV Patient May Be Cured After Stem-Cell Transplant,The Wall Street Journal,2019,03,04,22,0,1,1
New Art Fair Is Designed to Draw Young Talent,The Wall Street Journal,2019,03,04,22,0,1,1
Hickenlooper Up the Middle,The Wall Street Journal,2019,03,04,22,0,1,1
Behind China’s Desire for a Trade Deal With Trump,The Wall Street Journal,2019,03,04,22,0,1,1
"AT&T Breaks Up Turner, Bulks Up Warner Bros. in Major Overhaul",The Wall Street Journal,2019,03,04,22,0,1,1
U.S. Government Bonds Rise,The Wall Street Journal,2019,03,04,22,0,1,1
The Lesson From Europe Is In What Policies to Avoid,The Wall Street Journal,2019,03,04,22,0,1,1
Cheniere Deal With China Signals Country’s Key Role in LNG Exports,The Wall Street Journal,2019,03,04,22,0,1,1
About Trump’s ‘Failure’ in Hanoi,The Wall Street Journal,2019,03,04,22,0,1,1
Libya’s Largest Oil Field Restarts Production,The Wall Street Journal,2019,03,04,22,0,1,1
Will Democratic Primary Voters Tolerate a Liberal?,The Wall Street Journal,2019,03,04,22,0,1,1
Reserve Bank of Australia on Hold as Outlook Clouds,The Wall Street Journal,2019,03,04,22,0,1,1
Stocks Fall as Investors Pause on Trade,The Wall Street Journal,2019,03,04,22,0,1,1
"Hillary Clinton Says, ‘I’m Not Running’ for President",The Wall Street Journal,2019,03,04,22,0,1,1
U.S. Probes Titanium Imports in Possible Tariff Case,The Wall Street Journal,2019,03,04,22,0,1,1
Panel Issues Last Permits for More Charter Schools in New York City,The Wall Street Journal,2019,03,04,22,0,1,1
Tax Reform Unleashed the U.S. Economy,The Wall Street Journal,2019,03,04,22,0,1,1
Regulators Target Energy-Efficient Home Improvements Loans,The Wall Street Journal,2019,03,04,22,0,1,1
China Cuts Growth Target Amid Challenging Economic Slowdown,The Wall Street Journal,2019,03,04,22,0,1,1
"Venezuela Opposition Leader Returns Home, Testing Maduro",The Wall Street Journal,2019,03,04,22,0,1,1
AI Efforts at Large Companies May Be Hindered by Poor Quality Data,The Wall Street Journal,2019,03,04,22,0,1,1
Vladimir Guerrero Jr. Looks Like a Can’t-Miss Prospect,The Wall Street Journal,2019,03,04,22,0,1,1
Judge Tosses Case Against Barclays Trader,The Wall Street Journal,2019,03,04,22,0,1,1
"Senate Will Block Trump’s Border-Wall Plan, McConnell Says",The Wall Street Journal,2019,03,04,22,0,1,1
Venezuelan Opposition Seeks U.S. Court’s Help Protecting Citgo,The Wall Street Journal,2019,03,04,22,0,1,1
Purdue Pharma Preparing Possible Bankruptcy Filing,The Wall Street Journal,2019,03,04,22,0,1,1
Tornado Scientists Focus on Mobile Homes,The Wall Street Journal,2019,03,04,22,0,1,1
Second Canadian Minister Resigns Over Judicial Interference Scandal,The Wall Street Journal,2019,03,04,22,0,1,1
Music to the Eyes,The Wall Street Journal,2019,03,04,22,0,1,1
De Blasio Defends Decision to Close Schools,The Wall Street Journal,2019,03,04,22,0,1,1
NYPD to Deploy Additional Officers to Reduce Rise in Murders and Rapes,The Wall Street Journal,2019,03,04,22,0,1,1
Kenneth Kiyul Lee’s White Privilege,The Wall Street Journal,2019,03,04,22,0,1,1
California Court Backs Retiree Cut but Keeps Broader Worker Protections,The Wall Street Journal,2019,03,04,22,0,1,1
AOC Has Her 15 Minutes of Socialist Fame,The Wall Street Journal,2019,03,04,22,0,1,1
A Better Grid Is Possible for Green New Deal,The Wall Street Journal,2019,03,04,22,0,1,1
‘Spies of No Country’ Review: The Dawn of Mossad,The Wall Street Journal,2019,03,04,22,0,1,1
David’s Bridal Names New Leadership After Emerging From Bankruptcy,The Wall Street Journal,2019,03,04,22,0,1,1
New Treasury Rules Shape Corporate Tax Break,The Wall Street Journal,2019,03,04,22,0,1,1
Document Requests Show House Panel’s Areas of Interest in Trump Probe,The Wall Street Journal,2019,03,04,22,0,1,1
Lawmakers Propose Bill to Help Disabled Veterans Who Seek Bankruptcy,The Wall Street Journal,2019,03,07,23,0,1,1
Indian Health Service Head to Face Questions on Failure to Stop Doctor Who Abused Patients,The Wall Street Journal,2019,03,07,23,0,1,1
New York Police Probe Swastikas at Sports Facility,The Wall Street Journal,2019,03,07,23,0,1,1
Trump Administration Proposes Expanding Overtime Coverage,The Wall Street Journal,2019,03,07,23,0,1,1
U.S. Gives European Allies Friday Target to Sign on to Syria Proposal,The Wall Street Journal,2019,03,07,23,0,1,1
The Democratic Crackup,The Wall Street Journal,2019,03,07,23,0,1,1
No-Deal Brexit Could Spur U.K. Goodwill Impairments,The Wall Street Journal,2019,03,07,23,0,1,1
Stock-Market Volatility Takes a Bite Out of U.S. Households’ Net Worth,The Wall Street Journal,2019,03,07,23,0,1,1
Federal Judge Rules to Enforce Special-Education Policy,The Wall Street Journal,2019,03,07,23,0,1,1
Kroger Gets Marked Down,The Wall Street Journal,2019,03,07,23,0,1,1
Cream of the Crop: Why New Zealand’s Stock Market Is Breaking Records,The Wall Street Journal,2019,03,07,23,0,1,1
Notable & Quotable: The Art of Climate Science,The Wall Street Journal,2019,03,07,23,0,1,1
Queens Night Market Begins a New Chapter,The Wall Street Journal,2019,03,07,23,0,1,1
Jerry Merryman Helped Design First Hand-held Calculator in Mid-1960s,The Wall Street Journal,2019,03,07,23,0,1,1
Connecticut Democrats Propose Public Health-Insurance Option,The Wall Street Journal,2019,03,07,23,0,1,1
Wisconsin’s School Monopolist,The Wall Street Journal,2019,03,07,23,0,1,1
House Democrats Say Shush,The Wall Street Journal,2019,03,07,23,0,1,1
Ohio Democratic Sen. Sherrod Brown Won’t Run for President,The Wall Street Journal,2019,03,07,23,0,1,1
‘Liquid Rules’ Review: Going With the Flow,The Wall Street Journal,2019,03,07,23,0,1,1
‘Simpsons’ Episode With Michael Jackson’s Voice to Be Pulled,The Wall Street Journal,2019,03,07,23,0,1,1
"Hackers Breach College-Applicant Databases, Seek Ransom",The Wall Street Journal,2019,03,07,23,0,1,1
India and Pakistan Are Flirting With Nuclear Disaster,The Wall Street Journal,2019,03,07,23,0,1,1
"Former Uzbek Official, Telecom Executive Charged in Bribery Scheme",The Wall Street Journal,2019,03,07,23,0,1,1
Edward Lampert’s New Sears Faces Legal Troubles,The Wall Street Journal,2019,03,07,23,0,1,1
The Unforced Error of Medicare for All,The Wall Street Journal,2019,03,07,23,0,1,1
‘The Case Against Adnan Syed’ Review: Justice for All?,The Wall Street Journal,2019,03,07,23,0,1,1
Why It’s So Hard to Buy the Market at the Bottom and Hang On,The Wall Street Journal,2019,03,07,23,0,1,1
Trump Administration Weighs Publicizing Rates Hospitals Negotiate With Insurers,The Wall Street Journal,2019,03,07,23,0,1,1
The African Future of ‘America’s Church’,The Wall Street Journal,2019,03,07,23,0,1,1
Manafort Sentenced to 47 Months,The Wall Street Journal,2019,03,07,23,0,1,1
‘It Failed’: Ghosn Lawyer Fesses Up to Dress-Up Drama,The Wall Street Journal,2019,03,07,23,0,1,1
"Judge Dismisses Daniels’s Suit Against Trump, Cohen",The Wall Street Journal,2019,03,07,23,0,1,1
Slow Growth Prods Central Banks,The Wall Street Journal,2019,03,07,23,0,1,1
"Wall Street Votes to Support Single Bond for Fannie, Freddie",The Wall Street Journal,2019,03,07,23,0,1,1
The History of the Jews in Poland Is Complex,The Wall Street Journal,2019,03,07,23,0,1,1
Oregon Will Learn Painful Housing Lessons,The Wall Street Journal,2019,03,07,23,0,1,1
‘Transit’: Exploring the State of Being a Stateless Man,The Wall Street Journal,2019,03,07,23,0,1,1
Why the Bull Has Room to Run,The Wall Street Journal,2019,03,07,23,0,1,1
Mario Draghi’s Last Try,The Wall Street Journal,2019,03,07,23,0,1,1
California’s Water Woes Are Self-Inflicted,The Wall Street Journal,2019,03,07,23,0,1,1
"Brazil Foreign Minister Calls on Russia, China to Oppose Maduro",The Wall Street Journal,2019,03,07,23,0,1,1
U.S. Seeks Access to North Korean Missile Base,The Wall Street Journal,2019,03,07,23,0,1,1
ECB Stimulus Sinks Euro,The Wall Street Journal,2019,03,07,23,0,1,1
Supreme Court Considers Implementing Code of Conduct,The Wall Street Journal,2019,03,07,23,0,1,1
On Irresponsible Twitter Use,The Wall Street Journal,2019,03,07,23,0,1,1
ECB to Launch New Stimulus in Major Policy Reversal,The Wall Street Journal,2019,03,07,23,0,1,1
‘Consigliere’ Has Gone from ‘The Godfather’ to the White House,The Wall Street Journal,2019,03,07,23,0,1,1
Get Ready for the Struggle Session,The Wall Street Journal,2019,03,07,23,0,1,1
U.S. Stocks End Lower After the ECB Launches Fresh Stimulus Measures,The Wall Street Journal,2019,03,07,23,0,1,1
Democrats Have Taken Over Education Reform,The Wall Street Journal,2019,03,07,23,0,1,1
Where Alzheimer’s Research Is Pushing Ahead,The Wall Street Journal,2019,03,24,24,0,1,1
Deutsche Bank’s Investment-Bank  Arm Looms Over Merger Talks,The Wall Street Journal,2019,03,24,24,0,1,1
Ship Operators Raise Alarms over String of Vessel Fires,The Wall Street Journal,2019,03,24,24,0,1,1
Insurance Regulators Move to Close Loopholes,The Wall Street Journal,2019,03,24,24,0,1,1
Selfie-Seeking Tourists Are Crushing California’s Superbloom,The Wall Street Journal,2019,03,24,24,0,1,1
Obama’s TPP Would’ve Helped Limit China,The Wall Street Journal,2019,03,24,24,0,1,1
Gavin Newsom’s Fire Alarm,The Wall Street Journal,2019,03,24,24,0,1,1
How Marriage Affects Student Loans,The Wall Street Journal,2019,03,24,24,0,1,1
"Amazon to Whole Foods Delivery Customers: We’re Out of Celery, How’s Kale?",The Wall Street Journal,2019,03,24,24,0,1,1
"Viking Cruise Ship Drifts Off Norway, Hundreds of Passengers Airlifted",The Wall Street Journal,2019,03,24,24,0,1,1
Stock Market Rally Trips on Global Growth Fears,The Wall Street Journal,2019,03,24,24,0,1,1
How to Get the Most Out of a Second Home,The Wall Street Journal,2019,03,24,24,0,1,1
Robert Mueller Has a Money Problem,The Wall Street Journal,2019,03,24,24,0,1,1
One Way to Get Employees to Donate More to Charities,The Wall Street Journal,2019,03,24,24,0,1,1
"U.S. Vessels Sail Through Taiwan Strait, Defying China",The Wall Street Journal,2019,03,24,24,0,1,1
Stop Arbitrarily Retiring Experienced Pilots,The Wall Street Journal,2019,03,24,24,0,1,1
Trump Team Sees Political Gold in Mueller Findings,The Wall Street Journal,2019,03,24,24,0,1,1
Lesson of the Caliphate,The Wall Street Journal,2019,03,24,24,0,1,1
"The Digital Art Market Heats Up. (And What Is Digital Art, Anyway?)",The Wall Street Journal,2019,03,24,24,0,1,1
Democrats Press On With Their Probes of Trump,The Wall Street Journal,2019,03,24,24,0,1,1
The Hidden Dangers of Automatic-Payment Apps,The Wall Street Journal,2019,03,24,24,0,1,1
Tax Law Is Full of Exceptions,The Wall Street Journal,2019,03,24,24,0,1,1
Mueller Is Done. Now Probe the Real Scandal,The Wall Street Journal,2019,03,24,24,0,1,1
New Anti-Abortion Measures Could Struggle for Traction in Courts,The Wall Street Journal,2019,03,24,24,0,1,1
Thermo Fisher to Buy Brammer Bio for $1.7 Billion,The Wall Street Journal,2019,03,24,24,0,1,1
"Macron, Cast as Smug, Tries to Show He Can Listen",The Wall Street Journal,2019,03,24,24,0,1,1
Thailand’s Junta Chief on Track to Return as Prime Minister,The Wall Street Journal,2019,03,24,24,0,1,1
Will Baltimore Make Off With the Races?,The Wall Street Journal,2019,03,24,24,0,1,1
Biden’s Guatemala Problem,The Wall Street Journal,2019,03,24,24,0,1,1
"She’s OK Being Called NYC’s First Mom, as Long as Her Corey Is Happy",The Wall Street Journal,2019,03,24,24,0,1,1
"Islamic State’s Caliphate Is Gone, but Not Its Violent Extremism",The Wall Street Journal,2019,03,24,24,0,1,1
Omani Ports Give U.S. Navy Greater Control Over Strategic Waterway,The Wall Street Journal,2019,03,24,24,0,1,1
Key Takeaways From the Attorney General’s Summary of Mueller Report,The Wall Street Journal,2019,03,24,24,0,1,1
Beto O’Rourke May Have a Winning Formula After All,The Wall Street Journal,2019,03,24,24,0,1,1
Second Student Who Attended Parkland High School Dies in Apparent Suicide,The Wall Street Journal,2019,03,24,24,0,1,1
Harvard Should Be Crimson With Chagrin,The Wall Street Journal,2019,03,24,24,0,1,1
Mueller Doesn’t Find Trump Campaign Conspired With Russia,The Wall Street Journal,2019,03,24,24,0,1,1
Patriots Tight End Rob Gronkowski Retires,The Wall Street Journal,2019,03,24,24,0,1,1
Viacom and AT&T Negotiate to Avert Major Programming Blackout,The Wall Street Journal,2019,03,24,24,0,1,1
"Democrats, Join Trump Against Russian Aggression",The Wall Street Journal,2019,03,24,24,0,1,1
N.Y. Lawmakers Have Incentive to Pass Budget on Time: a Pay Raise,The Wall Street Journal,2019,03,24,24,0,1,1
"‘Albert Gore, Sr.’ Review: From Hill Country to Capitol Hill",The Wall Street Journal,2019,03,24,24,0,1,1
Economy Week Ahead: New U.S. Housing and Trade Data,The Wall Street Journal,2019,03,24,24,0,1,1
The Mueller Conclusions,The Wall Street Journal,2019,03,24,24,0,1,1
Do Abolitionists Owe Reparations?,The Wall Street Journal,2019,03,24,24,0,1,1
‘Us’ Sets Opening-Weekend Record for Original Horror Movie,The Wall Street Journal,2019,03,24,24,0,1,1
A TV Chef Preps Plan to Retire in Five Years,The Wall Street Journal,2019,03,24,24,0,1,1
Rejection Is Like Rocket Fuel,The Wall Street Journal,2019,03,24,24,0,1,1
Rep. Ocasio-Cortez Brings Memories of Gilda Radner,The Wall Street Journal,2019,03,24,24,0,1,1
Pros and Cons of 529 Accounts for College,The Wall Street Journal,2019,03,24,24,0,1,1
"Avenatti Charged With Attempted Extortion From Nike, Bank Fraud",The Wall Street Journal,2019,03,25,25,0,1,1
Vista Equity Partners to Buy HR Software Firm PlanSource,The Wall Street Journal,2019,03,25,25,0,1,1
U.S. Chides Russia for Military Aid to Venezuela,The Wall Street Journal,2019,03,25,25,0,1,1
Lyft Leading Wave of Startups That Will Make Debuts With Giant Losses,The Wall Street Journal,2019,03,25,25,0,1,1
Notable & Quotable: Beto Spoke Too Soon,The Wall Street Journal,2019,03,25,25,0,1,1
A Timeline of Events That Provided Original Basis of Mueller Investigation,The Wall Street Journal,2019,03,25,25,0,1,1
Apple Pushes Beyond iPhone With New Services,The Wall Street Journal,2019,03,25,25,0,1,1
40 Years of Peace Between Israel and Egypt,The Wall Street Journal,2019,03,25,25,0,1,1
Gerrymandering Disputes Don’t Belong in Court,The Wall Street Journal,2019,03,25,25,0,1,1
Accountability for a Dossier,The Wall Street Journal,2019,03,25,25,0,1,1
Mueller Findings Set Off a Political Tussle,The Wall Street Journal,2019,03,25,25,0,1,1
Russia’s Venezuelan Power Play,The Wall Street Journal,2019,03,25,25,0,1,1
Patients Continue to Report Problems With Breast Implants,The Wall Street Journal,2019,03,25,25,0,1,1
"The Apple Card Is Here, With Cash Back and Privacy Promises",The Wall Street Journal,2019,03,25,25,0,1,1
OpenSecrets.org Says Its Website Is Correct,The Wall Street Journal,2019,03,25,25,0,1,1
Shell Boosts Bet on North American LNG Exports,The Wall Street Journal,2019,03,25,25,0,1,1
Father of Sandy Hook Shooting Victim Dies of Apparent Suicide,The Wall Street Journal,2019,03,25,25,0,1,1
Journal Shifts Strategy With Apple Deal,The Wall Street Journal,2019,03,25,25,0,1,1
LBI Media Says It Fears Liquidation if Chapter 11 Plan Fails,The Wall Street Journal,2019,03,25,25,0,1,1
Education Department Investigates Colleges in Admissions Cheating Scandal,The Wall Street Journal,2019,03,25,25,0,1,1
Former Trump Adviser Says He Didn’t Lie to FBI,The Wall Street Journal,2019,03,25,25,0,1,1
WeWork’s Annual Loss Doubles to Nearly $2 Billion,The Wall Street Journal,2019,03,25,25,0,1,1
Israel Strikes Hamas Targets in Gaza After Rocket Attack Near Tel Aviv,The Wall Street Journal,2019,03,25,25,0,1,1
NYPD Officers to Patrol Buses in Effort to Avert Fare Evasion,The Wall Street Journal,2019,03,25,25,0,1,1
Steel Company Says Steel Tariffs Are Working,The Wall Street Journal,2019,03,25,25,0,1,1
‘Silence’ Review: The Rest Is Noise,The Wall Street Journal,2019,03,25,25,0,1,1
Brazil Ex-President Michel Temer Released After 4 Days in Jail,The Wall Street Journal,2019,03,25,25,0,1,1
Stocks Stabilize After Selloff,The Wall Street Journal,2019,03,25,25,0,1,1
‘Tintoretto: Artist of Renaissance Venice’ Review: A Master’s Arrival,The Wall Street Journal,2019,03,25,25,0,1,1
Moore Says Fed’s Pivot Validates Criticism of Rate Increases,The Wall Street Journal,2019,03,25,25,0,1,1
France’s CMA CGM to Buy Chinese-Made Container Ships,The Wall Street Journal,2019,03,25,25,0,1,1
Emerging-Market Currencies Rebound,The Wall Street Journal,2019,03,25,25,0,1,1
Part of Long Island’s Sag Harbor Gains Historic Designation,The Wall Street Journal,2019,03,25,25,0,1,1
Canada Links Trade-Deal Approval to Steel Tariffs,The Wall Street Journal,2019,03,25,25,0,1,1
Banks Get Break on Hedging,The Wall Street Journal,2019,03,25,25,0,1,1
Newmont Tries to End Revolt Over Goldcorp Deal With Special Dividend,The Wall Street Journal,2019,03,25,25,0,1,1
Mueller Told Barr Weeks Ago He Wouldn’t Reach Conclusion on Obstruction Charge,The Wall Street Journal,2019,03,25,25,0,1,1
"NATO Is Dying, but Don’t Blame Trump",The Wall Street Journal,2019,03,25,25,0,1,1
Does the Electoral College Still Pass the Test?,The Wall Street Journal,2019,03,25,25,0,1,1
McDonald’s Buys Israeli Digital Startup Dynamic Yield,The Wall Street Journal,2019,03,25,25,0,1,1
Court Appearances Begin in College Admissions Scheme,The Wall Street Journal,2019,03,25,25,0,1,1
Trump’s Golan Decision Is Moral and Strategic,The Wall Street Journal,2019,03,25,25,0,1,1
New Jersey Push for Pot Bill Fails,The Wall Street Journal,2019,03,25,25,0,1,1
Mueller Exposes Spy Chiefs,The Wall Street Journal,2019,03,25,25,0,1,1
New York’s State Assembly Joins Cuomo in Supporting Congestion Pricing,The Wall Street Journal,2019,03,25,25,0,1,1
ACA Sign-Ups Total 11.4 Million for This Year,The Wall Street Journal,2019,03,25,25,0,1,1
"Cousins Properties, Tier Reit to Merge in Office-Landlord Deal",The Wall Street Journal,2019,03,25,25,0,1,1
Fed’s Rosengren: Fed Balance Sheet Cuts Didn’t Cause Late 2018 Market Woes,The Wall Street Journal,2019,03,25,25,0,1,1
A Catastrophic Media Failure,The Wall Street Journal,2019,03,25,25,0,1,1
Apple’s Hardest Upsell Yet,The Wall Street Journal,2019,03,25,25,0,1,1
‘Big Business’ Review: What Socialism Gets Wrong,The Wall Street Journal,2019,04,08,26,0,1,1
"Spread of Measles Accelerates, With  465 U.S. Cases So Far This Year",The Wall Street Journal,2019,04,08,26,0,1,1
Versum Gets ‘Superior’ $53/Share Bid From Germany’s Merck,The Wall Street Journal,2019,04,08,26,0,1,1
‘Diary of One Who Disappeared’ Review: Age Before Beauty,The Wall Street Journal,2019,04,08,26,0,1,1
SEC Backs Nontransparent Exchange-Traded Fund,The Wall Street Journal,2019,04,08,26,0,1,1
"Oil Hits Five-Month High on Iran Designation, Libya",The Wall Street Journal,2019,04,08,26,0,1,1
India Police Seek Charges Against Bishop for Alleged Rape,The Wall Street Journal,2019,04,08,26,0,1,1
Lampert Offers to Buy Remaining Shares of Sears Hometown and Outlet Stores,The Wall Street Journal,2019,04,08,26,0,1,1
Aramco Bond Sale Flies as Investor Orders Near $60 Billion,The Wall Street Journal,2019,04,08,26,0,1,1
The Comedian vs. the Hero of Ukraine,The Wall Street Journal,2019,04,08,26,0,1,1
California Rep. Eric Swalwell Announces 2020 Democratic Presidential Campaign,The Wall Street Journal,2019,04,08,26,0,1,1
At Least Three Americans Killed in Afghanistan Blast,The Wall Street Journal,2019,04,08,26,0,1,1
GE Shares Slump as Top Analyst Downgrades to ‘Sell’ Again,The Wall Street Journal,2019,04,08,26,0,1,1
Cheating on the SATs,The Wall Street Journal,2019,04,08,26,0,1,1
Man Arrested for Allegedly Plotting Truck Terror Attack in Washington Area,The Wall Street Journal,2019,04,08,26,0,1,1
"Conservatives, Resist the Tribal Temptation",The Wall Street Journal,2019,04,08,26,0,1,1
An Overdue Apology to Italian-Americans,The Wall Street Journal,2019,04,08,26,0,1,1
U.S. Needs a Better Approach to China’s Rise,The Wall Street Journal,2019,04,08,26,0,1,1
U.S. Secret Service Director Leaving Post,The Wall Street Journal,2019,04,08,26,0,1,1
"‘Equal Death Day’: May 3, 2030",The Wall Street Journal,2019,04,08,26,0,1,1
‘Costuming THE CROWN’ Review: Dressing the Royal Reproductions,The Wall Street Journal,2019,04,08,26,0,1,1
Make-Believe Meat and the Future,The Wall Street Journal,2019,04,08,26,0,1,1
Judge Blocks Trump Administration Policy of Returning Asylum Seekers to Mexico,The Wall Street Journal,2019,04,08,26,0,1,1
Chinese Woman Arrested at Mar-a-Lago Had Cache of Electronics,The Wall Street Journal,2019,04,08,26,0,1,1
Baltimore City Council Calls for Mayor Catherine Pugh to Resign,The Wall Street Journal,2019,04,08,26,0,1,1
"Klobuchar, Booker Each Raised $5 Million for Presidential Campaigns",The Wall Street Journal,2019,04,08,26,0,1,1
Women’s Clothier L.K. Bennett Plans Store-Closing Sales,The Wall Street Journal,2019,04,08,26,0,1,1
Iran Labels U.S. Central Command a Terrorist Organization,The Wall Street Journal,2019,04,08,26,0,1,1
How Will Democrats Explain South Bend?,The Wall Street Journal,2019,04,08,26,0,1,1
Fiat Chrysler Gets Tesla’s Help on Emissions,The Wall Street Journal,2019,04,08,26,0,1,1
More Reality Recognition on Iran,The Wall Street Journal,2019,04,08,26,0,1,1
Bank Chiefs to Tell Congress: Financial System Is Much Safer,The Wall Street Journal,2019,04,08,26,0,1,1
"If You Drive, You Should Pay",The Wall Street Journal,2019,04,08,26,0,1,1
U.S. Labels Iran’s Guard Corps as a Terror Organization,The Wall Street Journal,2019,04,08,26,0,1,1
Many Unhappy Trump Returns,The Wall Street Journal,2019,04,08,26,0,1,1
"Roundup, the World’s Best-Selling Weedkiller, Faces a Legal Reckoning",The Wall Street Journal,2019,04,08,26,0,1,1
The Temptations Are Hitting Record High Notes on Broadway,The Wall Street Journal,2019,04,08,26,0,1,1
Pilots’ Steps in Ethiopian Crash Prompt Questions,The Wall Street Journal,2019,04,08,26,0,1,1
S&P 500 Ekes Out Narrow Gain to Prolong Winning Streak,The Wall Street Journal,2019,04,08,26,0,1,1
Pinterest’s Dull Picture Is Uninspired,The Wall Street Journal,2019,04,08,26,0,1,1
All Bernie’s Socialists,The Wall Street Journal,2019,04,08,26,0,1,1
‘Smallville’ Actress Pleads Guilty in Case Involving Cult-Like Group,The Wall Street Journal,2019,04,08,26,0,1,1
Tech Hiring Cools in March,The Wall Street Journal,2019,04,08,26,0,1,1
"Libyan Warlord’s Aircraft Attack Tripoli Airport, Defying U.S. Pressure",The Wall Street Journal,2019,04,08,26,0,1,1
Wynn Resorts Bids $7.1 Billion for Australia’s Crown Resorts,The Wall Street Journal,2019,04,08,26,0,1,1
U.S. Government Bonds Waver as Inflation Data Looms,The Wall Street Journal,2019,04,08,26,0,1,1
Erdogan Vows to Buy Russian Missiles Despite U.S. Warnings,The Wall Street Journal,2019,04,08,26,0,1,1
Prosecutors Net 14 Guilty Plea Agreements in College-Cheat Probe,The Wall Street Journal,2019,04,08,26,0,1,1
Trump Administration Blocks Baseball Players From Cuba,The Wall Street Journal,2019,04,08,26,0,1,1
Fed Moves to Ease ‘Living Wills’ for Large Banks,The Wall Street Journal,2019,04,08,26,0,1,1
PepsiCo Sales Get Lift From Rebound in Soda,The Wall Street Journal,2019,04,17,27,0,1,1
Getaway Driver in 1981 Brinks Heist Is Granted Parole,The Wall Street Journal,2019,04,17,27,0,1,1
U.S. Dollar Weakens on Chinese Economic Growth,The Wall Street Journal,2019,04,17,27,0,1,1
Changing Role of Corporate Compliance Calls for Communication,The Wall Street Journal,2019,04,17,27,0,1,1
House Democrats Subpoenaed Nine Banks in Trump Finance Probe,The Wall Street Journal,2019,04,17,27,0,1,1
Trump’s Yemen Principles,The Wall Street Journal,2019,04,17,27,0,1,1
"E*Trade Profit Jumps, New Users Added",The Wall Street Journal,2019,04,17,27,0,1,1
BNY Mellon Shares Fall as Interest Rates Dent Profits,The Wall Street Journal,2019,04,17,27,0,1,1
Health-Care Stock Rout Deepens Amid Political Pressure,The Wall Street Journal,2019,04,17,27,0,1,1
New York City Extends Order for Mandatory Measles Vaccinations,The Wall Street Journal,2019,04,17,27,0,1,1
U.S. Stocks Pulled Down by Health-Care Shares,The Wall Street Journal,2019,04,17,27,0,1,1
Aramco Pursues Stake in Indian Oil Refiner,The Wall Street Journal,2019,04,17,27,0,1,1
Pier 1 Imports Fills CFO Seat With Restructuring Expert,The Wall Street Journal,2019,04,17,27,0,1,1
Former Virginia Gov. McAuliffe to Stay Out of Crowded Democratic Field,The Wall Street Journal,2019,04,17,27,0,1,1
Argentina Seeks to Restrain Raging Inflation With Price Controls,The Wall Street Journal,2019,04,17,27,0,1,1
Manufacturers Sue U.S. to Stop Tax Regulation,The Wall Street Journal,2019,04,17,27,0,1,1
When’s the Next Housing Crisis?,The Wall Street Journal,2019,04,17,27,0,1,1
"Woman ‘Infatuated’ With Columbine Is Dead, FBI Says",The Wall Street Journal,2019,04,17,27,0,1,1
"U.S., China Set Tentative Timeline for Next Round of Trade Talks",The Wall Street Journal,2019,04,17,27,0,1,1
‘Hadestown’ Review: A Musical Heats Up Broadway,The Wall Street Journal,2019,04,17,27,0,1,1
Qualcomm’s Bet on 5G Pays Off,The Wall Street Journal,2019,04,17,27,0,1,1
Measles Outbreak Upends Passover Traditions,The Wall Street Journal,2019,04,17,27,0,1,1
Medical Professionals Charged in Opioids Sting,The Wall Street Journal,2019,04,17,27,0,1,1
Former Peruvian President Dies After Shooting Himself,The Wall Street Journal,2019,04,17,27,0,1,1
Scientists Restore Some Brain Function After Death in Animal Experiments,The Wall Street Journal,2019,04,17,27,0,1,1
Alliance of American Football Files for Bankruptcy,The Wall Street Journal,2019,04,17,27,0,1,1
Top Silicon Valley VCs Bid Up Email Startup Superhuman,The Wall Street Journal,2019,04,17,27,0,1,1
"Yuma, Ariz., Declares State of Emergency Over Migrant Crisis",The Wall Street Journal,2019,04,17,27,0,1,1
The Russia Probe Started With the Spies Who Marked Me,The Wall Street Journal,2019,04,17,27,0,1,1
Notable & Quotable: Fact Check for AOC,The Wall Street Journal,2019,04,17,27,0,1,1
Bernie Sanders Could Win This Time,The Wall Street Journal,2019,04,17,27,0,1,1
The Fed and the Professor Standard,The Wall Street Journal,2019,04,17,27,0,1,1
Escape From Collusion Hell,The Wall Street Journal,2019,04,17,27,0,1,1
Two Female Executives Top Short List For Next JPMorgan Chief,The Wall Street Journal,2019,04,17,27,0,1,1
North Korea Says It Test-Fired New Tactical Guided Weapon,The Wall Street Journal,2019,04,17,27,0,1,1
Publishers Prepare Print Editions of Mueller Report,The Wall Street Journal,2019,04,17,27,0,1,1
"This Passover Feast Involves Three Kitchens, 12 Ovens and Lots of Elbow Grease",The Wall Street Journal,2019,04,17,27,0,1,1
How Paris Firefighters Helped Preserve Notre Dame Towers,The Wall Street Journal,2019,04,17,27,0,1,1
Chicago Prosecutor Raised Questions About Smollett Case After She Stepped Aside,The Wall Street Journal,2019,04,17,27,0,1,1
Peace in the Tech Patent Wars,The Wall Street Journal,2019,04,17,27,0,1,1
Goldman Sachs Bets Again on VC With Stake in Industry Ventures Management Company,The Wall Street Journal,2019,04,17,27,0,1,1
Rideshare Giants’ E-bikes Brake With Unstoppable Force,The Wall Street Journal,2019,04,17,27,0,1,1
"Trade Wars, Stronger Dollar Crimp IT Spending",The Wall Street Journal,2019,04,17,27,0,1,1
Another Carbon Tax Defeat,The Wall Street Journal,2019,04,17,27,0,1,1
Netanyahu Scores Another Victory for Likud’s Populism,The Wall Street Journal,2019,04,17,27,0,1,1
Copper Rallies on Strong China Data,The Wall Street Journal,2019,04,17,27,0,1,1
"‘The Panic of 1819’ Review: Easy Money, Bad Decisions",The Wall Street Journal,2019,04,17,27,0,1,1
Barr to Hold Briefing on Mueller Report Thursday Morning,The Wall Street Journal,2019,04,17,27,0,1,1
The Longest War Needs Fresh Thinking,The Wall Street Journal,2019,04,17,27,0,1,1
Screenwriters Union Sues Talent Agencies,The Wall Street Journal,2019,04,17,27,0,1,1
Wynn Resorts Cleared to Open Casino as Regulators Levy $35 Million Fine,The Wall Street Journal,2019,04,30,28,0,1,1
UNC Charlotte Campus Shooting Leaves at Least Two Dead,The Wall Street Journal,2019,04,30,28,0,1,1
Trumps and Businesses Sue Deutsche Bank and Capital One,The Wall Street Journal,2019,04,30,28,0,1,1
Britain’s Shale Resignation,The Wall Street Journal,2019,04,30,28,0,1,1
Apartment Empire Shrinking in Wake of Guilty Pleas,The Wall Street Journal,2019,04,30,28,0,1,1
FDA Clears Philip Morris International Heat-Not-Burn IQOS Device for Sale in U.S.,The Wall Street Journal,2019,04,30,28,0,1,1
Suspect in California Synagogue Shooting Pleads Not Guilty,The Wall Street Journal,2019,04,30,28,0,1,1
A Charter-School Principal Won’t Go to Prison,The Wall Street Journal,2019,04,30,28,0,1,1
Union Square Ventures Rides Returns to New Set of Funds,The Wall Street Journal,2019,04,30,28,0,1,1
Actor Jussie Smollett Not Expected to Return to ‘Empire’ Next Season,The Wall Street Journal,2019,04,30,28,0,1,1
"Biden, Death and Taxes",The Wall Street Journal,2019,04,30,28,0,1,1
GOP Senators Voice Concern Over Stephen Moore at the Fed,The Wall Street Journal,2019,04,30,28,0,1,1
Whistleblower Challenges SEC Over Delay on Award Decision,The Wall Street Journal,2019,04,30,28,0,1,1
This Lousy T-Shirt Sparks Joy,The Wall Street Journal,2019,04,30,28,0,1,1
Ex-Apollo Employees Ordered to Pay Fines in Arbitration Case,The Wall Street Journal,2019,04,30,28,0,1,1
Supply of Analytics Workers Set to Double,The Wall Street Journal,2019,04,30,28,0,1,1
‘IBM’ Review: Building Big Blue,The Wall Street Journal,2019,04,30,28,0,1,1
Home Depot CFO to Retire After 18-Year Tenure,The Wall Street Journal,2019,04,30,28,0,1,1
"Apple Posts Declines in Profit, Revenue as iPhone Sales Fall 17%",The Wall Street Journal,2019,04,30,28,0,1,1
Mondelez Results Boosted by International Sales,The Wall Street Journal,2019,04,30,28,0,1,1
$2 Trillion From Whom?,The Wall Street Journal,2019,04,30,28,0,1,1
Impeachment Now Would Be Irresponsible,The Wall Street Journal,2019,04,30,28,0,1,1
Apple Results Bring New Kind of Sticker Shock,The Wall Street Journal,2019,04,30,28,0,1,1
Threats and Blocked Speeches: The Life of Venezuela’s Opposition Leader,The Wall Street Journal,2019,04,30,28,0,1,1
Judge Approves Deal Spelling Out Oversight of Elon Musk’s Tweets,The Wall Street Journal,2019,04,30,28,0,1,1
New York State Tax Return Bill Gets Mixed Democratic Reception,The Wall Street Journal,2019,04,30,28,0,1,1
Gilead Sciences CFO Robin Washington to Retire,The Wall Street Journal,2019,04,30,28,0,1,1
How to Avoid a 5G Boondoggle,The Wall Street Journal,2019,04,30,28,0,1,1
Government to File Complaint Over Alleged Bribery by Mallinckrodt Unit to Drive Drug Sales,The Wall Street Journal,2019,04,30,28,0,1,1
Judge Throws Out a Conviction Against Ex-Penn State President,The Wall Street Journal,2019,04,30,28,0,1,1
Trump Aide Criticizes Medicare for All Plan,The Wall Street Journal,2019,04,30,28,0,1,1
Wisconsin High Court Restores 82 Appointees Confirmed in Lame-Duck Session,The Wall Street Journal,2019,04,30,28,0,1,1
Stocks Are Off to Their Best Start in Decades,The Wall Street Journal,2019,04,30,28,0,1,1
FDA Orders Tougher Warnings for Sleep Aids,The Wall Street Journal,2019,04,30,28,0,1,1
Notable & Quotable: Joe Biden and Anita Hill,The Wall Street Journal,2019,04,30,28,0,1,1
Prosecutors Sought Chinese Bank Records in North Korea Probe,The Wall Street Journal,2019,04,30,28,0,1,1
Japan’s New Emperor Ascends to Throne,The Wall Street Journal,2019,04,30,28,0,1,1
Trump-House Legal Fight Could Last Beyond President’s Current Term,The Wall Street Journal,2019,04,30,28,0,1,1
Canceling Student-Loan Debt Is a Bad Idea,The Wall Street Journal,2019,04,30,28,0,1,1
"Using Encouragement and Threats, Trump Heightens a Gamble on Venezuela",The Wall Street Journal,2019,04,30,28,0,1,1
Eric Schmidt to Leave Alphabet Board,The Wall Street Journal,2019,04,30,28,0,1,1
Dollar Slips as Eurozone’s Economy Shows Improvement,The Wall Street Journal,2019,04,30,28,0,1,1
Tariffs Take You to the Cleaners,The Wall Street Journal,2019,04,30,28,0,1,1
SoftBank Invests $1 Billion in Colombian Delivery Startup Rappi,The Wall Street Journal,2019,04,30,28,0,1,1
High Stakes in Caracas,The Wall Street Journal,2019,04,30,28,0,1,1
Warren Buffett’s Occidental Play Looks Familiar,The Wall Street Journal,2019,04,30,28,0,1,1
U.S. Seeks to Designate Muslim Brotherhood as Terrorist Group,The Wall Street Journal,2019,04,30,28,0,1,1
"New York City Homeless Shelter Population Could Rise by 5,000, Report Says",The Wall Street Journal,2019,04,30,28,0,1,1
It’s Time to Create an American Space Force,The Wall Street Journal,2019,04,30,28,0,1,1
Collusion or Russian Disinformation?,The Wall Street Journal,2019,04,30,28,0,1,1
Barr Says Review of Russia Probe Could Spark Rule Changes,The Wall Street Journal,2019,05,17,29,0,1,1
U.S. Trade Salvo at Huawei Threatens Its 5G Ambitions,The Wall Street Journal,2019,05,17,29,0,1,1
"Stocks Lose Steam, Close Lower for the Week",The Wall Street Journal,2019,05,17,29,0,1,1
The Airline CEO Who Canceled His Salary,The Wall Street Journal,2019,05,17,29,0,1,1
Brooks Koepka Holds Blowout Lead at PGA Championship,The Wall Street Journal,2019,05,17,29,0,1,1
Wynn Resorts Confirms Talks to Sell Boston-Area Casino to MGM,The Wall Street Journal,2019,05,17,29,0,1,1
Government Bonds Rise on Trade Tensions,The Wall Street Journal,2019,05,17,29,0,1,1
Luckin Coffee Shares Jump in Market Debut,The Wall Street Journal,2019,05,17,29,0,1,1
Stressed-Out American Parents Could Learn a Lesson From India,The Wall Street Journal,2019,05,17,29,0,1,1
"U.S. Blacklists Mexican Judge, Former Governor Over Alleged Ties to Drug Cartels",The Wall Street Journal,2019,05,17,29,0,1,1
Uber’s Capitalist Innovation Battles Union Obstruction,The Wall Street Journal,2019,05,17,29,0,1,1
There’s Nothing to ‘Nationalize’ in 5G Radio,The Wall Street Journal,2019,05,17,29,0,1,1
Cuomo vs. New York,The Wall Street Journal,2019,05,17,29,0,1,1
States’ Abortion Curbs Put Supreme Court to the Test,The Wall Street Journal,2019,05,17,29,0,1,1
The Myth of ‘Wage Stagnation’,The Wall Street Journal,2019,05,17,29,0,1,1
‘How Shostakovich Changed My Mind’ Review: Music and Madness,The Wall Street Journal,2019,05,17,29,0,1,1
Trump’s Immigration Progress,The Wall Street Journal,2019,05,17,29,0,1,1
Dear Graduates: Risk and Responsibility Get You Far,The Wall Street Journal,2019,05,17,29,0,1,1
Mnuchin Defies Subpoena for Trump Tax Returns,The Wall Street Journal,2019,05,17,29,0,1,1
E-Cigarette Maker NJOY Falls Short of Funding Goal,The Wall Street Journal,2019,05,17,29,0,1,1
U.S.-China Talks Ignore Global Trade Rules,The Wall Street Journal,2019,05,17,29,0,1,1
Notable & Quotable: ‘Unreliable’ News Sites,The Wall Street Journal,2019,05,17,29,0,1,1
Incoming Chicago Mayor to Strip Key Powers of City Aldermen,The Wall Street Journal,2019,05,17,29,0,1,1
Trump Administration Considers Flying Migrants Across U.S. to Relieve Border Crowding,The Wall Street Journal,2019,05,17,29,0,1,1
Dollar Rises to Two-Year High on Consumer Sentiment,The Wall Street Journal,2019,05,17,29,0,1,1
U.S. Seeks to Resolve Other Trade Disputes Amid China Impasse,The Wall Street Journal,2019,05,17,29,0,1,1
CBS Floated Offer of About $5 Billion for Pay-TV Channel Starz,The Wall Street Journal,2019,05,17,29,0,1,1
Reclaiming History From Howard Zinn,The Wall Street Journal,2019,05,17,29,0,1,1
A Metals Tariff Reprieve,The Wall Street Journal,2019,05,17,29,0,1,1
Rotten Regimes Don’t Crack Until the Cash Is Cut Off,The Wall Street Journal,2019,05,17,29,0,1,1
"House Passes Bill Extending Civil Rights to Gay, Transgender People",The Wall Street Journal,2019,05,17,29,0,1,1
Trump’s Trade War With China Is Taxing Missouri Farmers,The Wall Street Journal,2019,05,17,29,0,1,1
"Trian Nears Settlement With Legg Mason, Could Get Up to Four Board Seats",The Wall Street Journal,2019,05,17,29,0,1,1
Trump Administration Says It Is Waiting ‘by the Phone’ for Iran to Call,The Wall Street Journal,2019,05,17,29,0,1,1
Big Companies Pay CEOs for Good Performance—and Bad,The Wall Street Journal,2019,05,17,29,0,1,1
Hewlett Packard Enterprise to Buy Supercomputer Builder Cray,The Wall Street Journal,2019,05,17,29,0,1,1
‘Endeavour’ Review: The Floating Laboratory,The Wall Street Journal,2019,05,17,29,0,1,1
Trump’s Border Wall Faces First Court Challenge,The Wall Street Journal,2019,05,17,29,0,1,1
"If U.S.-China Marriage Can Be Saved, Huawei Is the Key",The Wall Street Journal,2019,05,17,29,0,1,1
Missouri House Passes Bill Banning Abortion at 8 Weeks,The Wall Street Journal,2019,05,17,29,0,1,1
Fed’s Harker Says He’s Not in a Rush to Raise Rates,The Wall Street Journal,2019,05,17,29,0,1,1
Science Fiction: The New Off-World Economy,The Wall Street Journal,2019,05,17,29,0,1,1
Trump Says He Should Have Been Told Earlier About Flynn Probe,The Wall Street Journal,2019,05,17,29,0,1,1
Google to Refund Advertisers After Suit Over Fraud Scheme,The Wall Street Journal,2019,05,17,29,0,1,1
Report Says Ohio State Doctor Sexually Abused 177 Male Students,The Wall Street Journal,2019,05,17,29,0,1,1
Amazon Invests in U.K. Food-Delivery Startup Deliveroo,The Wall Street Journal,2019,05,17,29,0,1,1
"U.S. Reaches Deal With Canada, Mexico to End Steel and Aluminum Tariffs",The Wall Street Journal,2019,05,17,29,0,1,1
Pinterest Shares Fall Following Earnings Report,The Wall Street Journal,2019,05,17,29,0,1,1
Sanders to Propose Halt to New Charter Schools,The Wall Street Journal,2019,05,17,29,0,1,1
Singapore’s GIC Takes Stake in WaterBridge at $2.8 Billion Valuation,The Wall Street Journal,2019,05,17,29,0,1,1
"Trump, GOP Work to Dissuade Moore From New Senate Bid",The Wall Street Journal,2019,05,29,30,0,1,1
The Growing Menace of the Moscow-Beijing-Tehran Axis,The Wall Street Journal,2019,05,29,30,0,1,1
Sign of the Sexist Apocalypse,The Wall Street Journal,2019,05,29,30,0,1,1
Connecticut’s Public Health Bill Stalls on Industry Concerns,The Wall Street Journal,2019,05,29,30,0,1,1
Naspers Listing Looks to Unlock Value in $122 Billion Tencent Stake,The Wall Street Journal,2019,05,29,30,0,1,1
Canada Introduces Legislation to Ratify North American Trade Pact,The Wall Street Journal,2019,05,29,30,0,1,1
U.S. Government Bonds Gain as Growth Concerns Deepen,The Wall Street Journal,2019,05,29,30,0,1,1
"Stocks, Bond Yields Fall Further Amid Trade Jitters",The Wall Street Journal,2019,05,29,30,0,1,1
Louisiana Legislature Approves Ban on Abortions After Six Weeks of Pregnancy,The Wall Street Journal,2019,05,29,30,0,1,1
School Where Teacher Held Alleged Mock Slave Auction Agrees to Diversity Plan,The Wall Street Journal,2019,05,29,30,0,1,1
"Behavioral Ad Targeting Not Paying Off for Publishers, Study Suggests",The Wall Street Journal,2019,05,29,30,0,1,1
New Science Explains Why Tornadoes Are So Hard to Forecast,The Wall Street Journal,2019,05,29,30,0,1,1
MacKenzie Bezos Pledges to Donate Half of Her Wealth,The Wall Street Journal,2019,05,29,30,0,1,1
Mueller Shifts Questions About Trump to Congress,The Wall Street Journal,2019,05,29,30,0,1,1
Salesforce Rolls Out Blockchain Builder for Noncoders,The Wall Street Journal,2019,05,29,30,0,1,1
Bank Stocks Hurt by More Than Falling Rates,The Wall Street Journal,2019,05,29,30,0,1,1
"Banks Report Growth in Sour Loans, Led by Credit-Card Debt",The Wall Street Journal,2019,05,29,30,0,1,1
Britain’s Labour Party Leader Warms to Referendum on Brexit Deal,The Wall Street Journal,2019,05,29,30,0,1,1
Navistar to Pay $159 Million to Settle Engine Complaints,The Wall Street Journal,2019,05,29,30,0,1,1
Democratic Party Raises Bar for Second Round of Debates in Fall,The Wall Street Journal,2019,05,29,30,0,1,1
Pelosi Slams Facebook Over Altered Video,The Wall Street Journal,2019,05,29,30,0,1,1
UAW Takes Another Shot at Organizing Volkswagen’s U.S. Factory,The Wall Street Journal,2019,05,29,30,0,1,1
At Least 21 Die as Bus and Truck Collide in Mexico,The Wall Street Journal,2019,05,29,30,0,1,1
Abercrombie Blames Mall Woes for Slow Sales,The Wall Street Journal,2019,05,29,30,0,1,1
South Africa Cabinet Excludes Several Embroiled in Scandals,The Wall Street Journal,2019,05,29,30,0,1,1
The FDIC’s Mini Mea Culpa,The Wall Street Journal,2019,05,29,30,0,1,1
Blackstone Starts Selling Out of Home-Rental Empire,The Wall Street Journal,2019,05,29,30,0,1,1
"Turkey Freed Imprisoned NASA Scientist, State Department Says",The Wall Street Journal,2019,05,29,30,0,1,1
NXP to Buy Marvell Technology’s Wi-Fi Products Business,The Wall Street Journal,2019,05,29,30,0,1,1
Golden Gate Capital to Buy Stake in Billing-Services Firm,The Wall Street Journal,2019,05,29,30,0,1,1
Judge Bars New Jersey From Leaving Waterfront Watchdog,The Wall Street Journal,2019,05,29,30,0,1,1
U.S. Dollar Rises as Investors Seek Safety,The Wall Street Journal,2019,05,29,30,0,1,1
Oil Prices Slide on Demand Fears,The Wall Street Journal,2019,05,29,30,0,1,1
NRA Ad Firm Seeks to End Contract With Gun Group,The Wall Street Journal,2019,05,29,30,0,1,1
U.S. Says Russia Is Likely Defying Treaty Banning Nuclear Tests,The Wall Street Journal,2019,05,29,30,0,1,1
‘The Shadow King’ Review: Why Henry VI Was the Wrong Man for the Job,The Wall Street Journal,2019,05,29,30,0,1,1
Israel to Hold New Elections After Netanyahu Fails to Form Government,The Wall Street Journal,2019,05,29,30,0,1,1
Robert Mueller’s Parting Shot,The Wall Street Journal,2019,05,29,30,0,1,1
Stacey Abrams Won’t Go Away,The Wall Street Journal,2019,05,29,30,0,1,1
U.S. Fans Should Root for Toronto,The Wall Street Journal,2019,05,29,30,0,1,1
Socialists Don’t Know History,The Wall Street Journal,2019,05,29,30,0,1,1
More Tornadoes Feared for Midwest After Storm Hits Kansas,The Wall Street Journal,2019,05,29,30,0,1,1
Morningstar Looks to Expand Ratings Business With DBRS Deal,The Wall Street Journal,2019,05,29,30,0,1,1
CryptoKitties and Dice Games Fail to Lure Users to Dapps,The Wall Street Journal,2019,05,29,30,0,1,1
Boeing Faces Difficult Recovery From MAX Grounding,The Wall Street Journal,2019,05,29,30,0,1,1
The GOP’s Duty: Explain the Cost of ‘Free’,The Wall Street Journal,2019,05,29,30,0,1,1
Notable & Quotable: Balance in Hollywood,The Wall Street Journal,2019,05,29,30,0,1,1
Miami Executive Pleads Guilty in Venezuela Bribery Case,The Wall Street Journal,2019,05,29,30,0,1,1
Bolton Accuses Iran in Ship Attacks,The Wall Street Journal,2019,05,29,30,0,1,1
High Interest Rates Are Hobbling Growth,The Wall Street Journal,2019,05,29,30,0,1,1
Lyrics Site Accuses Google of Lifting Its Content,The Wall Street Journal,2019,06,16,31,0,1,1
Israel Unveils New Settlement in Disputed Golan Heights Named  ‘Trump Heights’,The Wall Street Journal,2019,06,16,31,0,1,1
Case for Cutting Rates Can Be Found in Close Calls of the 1990s,The Wall Street Journal,2019,06,16,31,0,1,1
"Economy Week Ahead: Housing Starts, Existing Home Sales",The Wall Street Journal,2019,06,16,31,0,1,1
"In “Euphoria,” HBO Offers a Gritty, Dark Take on the Teen Drama",The Wall Street Journal,2019,06,16,31,0,1,1
Too Much Salt Really Is Bad for Your Health,The Wall Street Journal,2019,06,16,31,0,1,1
China’s Economy Shows Fresh Signs of Weakness,The Wall Street Journal,2019,06,16,31,0,1,1
Investors Shun Banks Buying Other Banks,The Wall Street Journal,2019,06,16,31,0,1,1
ArisGlobal Sells Majority Stake to Europe’s Nordic Capital,The Wall Street Journal,2019,06,16,31,0,1,1
"Freed From the Bench, Carli Lloyd Leads U.S. Women Past Chile",The Wall Street Journal,2019,06,16,31,0,1,1
A Hawaii Democrat’s Surprising Views,The Wall Street Journal,2019,06,16,31,0,1,1
Massachusetts Lawmakers to Consider Cutting Abortion Restrictions,The Wall Street Journal,2019,06,16,31,0,1,1
Flight Trials Are Near for Boeing’s MAX Safety Fix,The Wall Street Journal,2019,06,16,31,0,1,1
‘When the Irish Invaded Canada’ Review: The Irish Are Coming!,The Wall Street Journal,2019,06,16,31,0,1,1
What You Need to Know About Capital-Gains Taxes (but Probably Don’t),The Wall Street Journal,2019,06,16,31,0,1,1
Puerto Rico Board Unveils $35 Billion Bankruptcy-Exit Framework,The Wall Street Journal,2019,06,16,31,0,1,1
Game Plan: A Single Mother Seeks to Shore Up Her Finances,The Wall Street Journal,2019,06,16,31,0,1,1
Iran’s Elite Defense Force Finds New Funding Sources as Tension Rises With U.S.,The Wall Street Journal,2019,06,16,31,0,1,1
China Biotechs Lure Industry Talent in the U.S.,The Wall Street Journal,2019,06,16,31,0,1,1
Europe’s Italian Stranglehold,The Wall Street Journal,2019,06,16,31,0,1,1
About Trump’s Migrant Problem,The Wall Street Journal,2019,06,16,31,0,1,1
Trump to Launch Campaign That Never Really Ended,The Wall Street Journal,2019,06,16,31,0,1,1
Why Unions Keep Losing,The Wall Street Journal,2019,06,16,31,0,1,1
How Charities Can Use ‘Tipping Points’ to Get You to Donate More,The Wall Street Journal,2019,06,16,31,0,1,1
Looking for a Road Map for Retirement? Good Luck With That,The Wall Street Journal,2019,06,16,31,0,1,1
How I Became an Asparagus Farmer,The Wall Street Journal,2019,06,16,31,0,1,1
What’s a Lemon From George Washington’s Tree Really Worth?,The Wall Street Journal,2019,06,16,31,0,1,1
Goldman Sachs to Combine Private-Investing Arms,The Wall Street Journal,2019,06,16,31,0,1,1
New York Legislative Leaders Score Rent Without Cuomo,The Wall Street Journal,2019,06,16,31,0,1,1
Disney Overshadows Rival Studios as Reboots and Sequels Sputter,The Wall Street Journal,2019,06,16,31,0,1,1
How the U.S. Can Help Hong Kong,The Wall Street Journal,2019,06,16,31,0,1,1
Target Stores Hit by Technical Snafus Over Weekend,The Wall Street Journal,2019,06,16,31,0,1,1
Calpers’ Dilemma: Save the World or Make Money?,The Wall Street Journal,2019,06,16,31,0,1,1
"Argentina, Uruguay Blacked Out by Massive Power Failure",The Wall Street Journal,2019,06,16,31,0,1,1
The New and Improved Picture for Targeted TV Advertising,The Wall Street Journal,2019,06,16,31,0,1,1
Congressional Leaders Seek to Bridge Partisan Divide Over Funding,The Wall Street Journal,2019,06,16,31,0,1,1
California’s Backseat Drivers,The Wall Street Journal,2019,06,16,31,0,1,1
Hong Kong Marchers Flood Streets Over Extradition Bill,The Wall Street Journal,2019,06,16,31,0,1,1
Two Ways to Simplify Your Student-Loan Debt,The Wall Street Journal,2019,06,16,31,0,1,1
The Best Financial Advice I Ever Got,The Wall Street Journal,2019,06,16,31,0,1,1
Hong Kong Throngs as Beijing Retreats,The Wall Street Journal,2019,06,16,31,0,1,1
Self-Evident Truths Not Always So Evident,The Wall Street Journal,2019,06,16,31,0,1,1
The Fed Must Consider the Long-Term Economy,The Wall Street Journal,2019,06,16,31,0,1,1
"Buying American Isn’t an Option, Some U.S. Companies Say",The Wall Street Journal,2019,06,16,31,0,1,1
The Future Isn’t What It Used to Be,The Wall Street Journal,2019,06,16,31,0,1,1
Gary Woodland Wins U.S. Open,The Wall Street Journal,2019,06,16,31,0,1,1
New York Bill Would Grant Undocumented Immigrants Driver’s Licenses,The Wall Street Journal,2019,06,16,31,0,1,1
Hong Kong Upheaval Puts Beijing in a Bind,The Wall Street Journal,2019,06,16,31,0,1,1
America Can Face Down a Fragile Iran,The Wall Street Journal,2019,06,16,31,0,1,1
The Case for Giving Money Away Now,The Wall Street Journal,2019,06,16,31,0,1,1
Oregon Republicans to Come Out of Hiding,The Wall Street Journal,2019,06,28,32,0,1,1
Bigger is Better For This Tech Stock,The Wall Street Journal,2019,06,28,32,0,1,1
"EU, South American Countries Reach Agreement on Trade",The Wall Street Journal,2019,06,28,32,0,1,1
Judge Says Conditions for Migrant Children Require Immediate Action,The Wall Street Journal,2019,06,28,32,0,1,1
Treasury Yields Decline for Third Quarter in a Row,The Wall Street Journal,2019,06,28,32,0,1,1
Trump Administration Revokes Obama-Era Rule on For-Profit Universities,The Wall Street Journal,2019,06,28,32,0,1,1
"Political Books: My Country—Right, Left and Center",The Wall Street Journal,2019,06,28,32,0,1,1
Biden Mounts Defense of Civil-Rights Record,The Wall Street Journal,2019,06,28,32,0,1,1
Charlottesville Attack Driver Sentenced to Life in Prison,The Wall Street Journal,2019,06,28,32,0,1,1
The Troubles Beneath the Surface of California’s Comeback,The Wall Street Journal,2019,06,28,32,0,1,1
"Trump, the Fed, and Interest Rates",The Wall Street Journal,2019,06,28,32,0,1,1
Falling Debris From New York City Elevated Subway Sparks Probe,The Wall Street Journal,2019,06,28,32,0,1,1
‘Marius Petipa’ Review: The Imperial Ballet Master,The Wall Street Journal,2019,06,28,32,0,1,1
"Supreme Court Term Wrap-Up: Conservative, If Less Predictable",The Wall Street Journal,2019,06,28,32,0,1,1
RealReal Shares Leap 45% in Trading Debut,The Wall Street Journal,2019,06,28,32,0,1,1
Kenney Led Merrill’s Push Into Investment Banking,The Wall Street Journal,2019,06,28,32,0,1,1
U.S. Presidents Visit the DMZ Through the Years,The Wall Street Journal,2019,06,28,32,0,1,1
Proxy Advisers Split on EQT’s Fight With Rice Brothers,The Wall Street Journal,2019,06,28,32,0,1,1
Photos of the Week,The Wall Street Journal,2019,06,28,32,0,1,1
Judge Reduces Jury Awards in Dispute with Oberlin College,The Wall Street Journal,2019,06,28,32,0,1,1
S&P 500 Posts Best First Half in 22 Years,The Wall Street Journal,2019,06,28,32,0,1,1
Senate Fails to Restrain President’s War Power,The Wall Street Journal,2019,06,28,32,0,1,1
Elizabeth Holmes to Face Trial Next Year on Fraud Charges,The Wall Street Journal,2019,06,28,32,0,1,1
‘Songs of America’ and ‘A Fiery Gospel’ Review: Of Thee We Sing,The Wall Street Journal,2019,06,28,32,0,1,1
U.S. Imposes Sanctions on Venezuelan President’s Son,The Wall Street Journal,2019,06,28,32,0,1,1
Thursday’s Democratic Debate Draws TV Audience of 18.1 Million,The Wall Street Journal,2019,06,28,32,0,1,1
"Democratic Candidates’ Proposals, in Their Own Words",The Wall Street Journal,2019,06,28,32,0,1,1
How Supreme Got Pulled Into a Fight for Its Billion-Dollar Brand,The Wall Street Journal,2019,06,28,32,0,1,1
Supreme Court Decisions for This Term,The Wall Street Journal,2019,06,28,32,0,1,1
Heat Wave Powers Natural Gas to Best Week Since January,The Wall Street Journal,2019,06,28,32,0,1,1
17 Rules for Your Fourth of July Cookout,The Wall Street Journal,2019,06,28,32,0,1,1
‘Life Finds a Way’ and ‘Good Enough’ Review: The Drive to Thrive,The Wall Street Journal,2019,06,28,32,0,1,1
Bernie Sanders Won the Debate,The Wall Street Journal,2019,06,28,32,0,1,1
"Conservatives Pin Brexit Hopes on Boris Johnson, Blunders and All",The Wall Street Journal,2019,06,28,32,0,1,1
Free College Is Already Here,The Wall Street Journal,2019,06,28,32,0,1,1
Federal Prosecutors Subpoena Records Related to Boeing 787 Dreamliner,The Wall Street Journal,2019,06,28,32,0,1,1
The Rush Is on to Spend Border Aid Funds,The Wall Street Journal,2019,06,28,32,0,1,1
Idaho Quits Worrying About Snails,The Wall Street Journal,2019,06,28,32,0,1,1
White House Predicts Deregulation Will Boost Household Incomes,The Wall Street Journal,2019,06,28,32,0,1,1
Florida Governor Signs Bill That Adds Restrictions to Felon Voting,The Wall Street Journal,2019,06,28,32,0,1,1
U.S. Says Saudi Pipeline Attacks Originated From Iraq,The Wall Street Journal,2019,06,28,32,0,1,1
Iran Leaves Door Open to Pause in Its Nuclear Escalation as Europe Gears up Trade Mechanism,The Wall Street Journal,2019,06,28,32,0,1,1
"Trump’s Supreme Court Picks, While Aligned, Haven’t Moved in Lockstep",The Wall Street Journal,2019,06,28,32,0,1,1
Digital Health Startup Livongo Files for $200 Million Public Offering,The Wall Street Journal,2019,06,28,32,0,1,1
A Short History of Census Taking,The Wall Street Journal,2019,06,28,32,0,1,1
Morningstar Overhauls Influential Ratings System,The Wall Street Journal,2019,06,28,32,0,1,1
Pedophile Doctor Faces Board That Could Take Away His Pension,The Wall Street Journal,2019,06,28,32,0,1,1
"U.S. Defeats France, 2-1, to Advance to Semifinals",The Wall Street Journal,2019,06,28,32,0,1,1
"Money for the Border, at Last",The Wall Street Journal,2019,06,28,32,0,1,1
Knitwits and Joe Biden’s Busing History,The Wall Street Journal,2019,06,28,32,0,1,1
"Farmers Welcome Trade Truce, Hope for More",The Wall Street Journal,2019,06,29,33,0,1,1
Trump Seeks Resolution With Turkey Over Russian Missile Dispute,The Wall Street Journal,2019,06,29,33,0,1,1
"Fresh Off Albany Wins, Progressives Set Goals on Future Legislation",The Wall Street Journal,2019,06,29,33,0,1,1
The U.S. Women’s Soccer Team Wins With Its Back to the Wall,The Wall Street Journal,2019,06,29,33,0,1,1
"The Downside of 5G: Overwhelmed Cities, Torn-Up Streets, a Decade Until Completion",The Wall Street Journal,2019,06,29,33,0,1,1
TikTok’s Videos Are Goofy. Its Strategy to Dominate Social Media Is Serious.,The Wall Street Journal,2019,06,29,33,0,1,1
"Pursuing Motherhood, Alone",The Wall Street Journal,2019,06,29,33,0,1,1
Chinese Stocks Are at the Mercy of Trade Talks but Cushioned by Beijing,The Wall Street Journal,2019,06,29,33,0,1,1
"Trump Throws Huawei a Lifeline, but It Hasn’t Reached Safe Harbor Yet",The Wall Street Journal,2019,06,29,33,0,1,1
Market High from Trump-Xi Trade Truce May Not Last,The Wall Street Journal,2019,06,29,33,0,1,1
Trump Allows U.S. Sales to Huawei as Trade Talks Resume,The Wall Street Journal,2019,06,29,33,0,1,1
Pepper...and Salt,The Wall Street Journal,2019,06,29,33,0,1,1
Europe Plans No Immediate Sanctions if Iran Breaches Nuclear Deal,The Wall Street Journal,2019,06,29,33,0,1,1
The Invention of the Summer Road Trip,The Wall Street Journal,2019,06,29,33,0,1,1
"Russia, Saudi Arabia Reach Oil Output Agreement Ahead of OPEC Talks",The Wall Street Journal,2019,06,29,33,0,1,1
Trump Praises Saudi Crown Prince for Doing ‘a Spectacular Job’,The Wall Street Journal,2019,06,29,33,0,1,1
Bullet Sales Surge in California Ahead of Background-Check Requirement,The Wall Street Journal,2019,06,29,33,0,1,1
Tesla’s Big Quarter Won’t Be Cause for Celebration,The Wall Street Journal,2019,06,29,33,0,1,1
"For New York Mets Fans Tired of Losing, There’s a Winning Solution: The London Mets",The Wall Street Journal,2019,06,29,33,0,1,1
"After Tech’s Wild Quarter, Investors Brace For Turbulence Ahead",The Wall Street Journal,2019,06,29,33,0,1,1
‘Letters From Gettysburg’ by Avner Dorman Review: Singing a Soldier’s Story,The Wall Street Journal,2019,06,29,33,0,1,1
‘Civil War and Reconstruction: The Battle for Freedom and Equality’ Review: A Nation’s Arc Toward Justice,The Wall Street Journal,2019,06,29,33,0,1,1
Trump Offers to Meet North Korea’s Kim,The Wall Street Journal,2019,06,29,33,0,1,1
Sony Positions Next PlayStation for Hard-Core Gamers,The Wall Street Journal,2019,06,29,33,0,1,1
Interns’ Job Prospects Constrained by Noncompete Agreements,The Wall Street Journal,2019,06,29,33,0,1,1
David Crosby Is Making Songs as He Faces the End,The Wall Street Journal,2019,07,06,34,0,1,1
Instagram Turns Obscure U.S. Sights Into Social-Media Destinations,The Wall Street Journal,2019,07,06,34,0,1,1
Strongest Quake in Years Rocks Southern California,The Wall Street Journal,2019,07,06,34,0,1,1
Archbishop Fulton Sheen to Be Beatified,The Wall Street Journal,2019,07,06,34,0,1,1
Vibrant Orchestrations of Nature,The Wall Street Journal,2019,07,06,34,0,1,1
Everyone Wants to be the Next ‘Game of Thrones’,The Wall Street Journal,2019,07,06,34,0,1,1
‘I Kind of Redeemed Myself’—College Programs Aim to Shift the Odds for Prison Inmates,The Wall Street Journal,2019,07,06,34,0,1,1
Pepper...and Salt,The Wall Street Journal,2019,07,06,34,0,1,1
How Much Do Coaches Matter?,The Wall Street Journal,2019,07,06,34,0,1,1
This Classic Italian Cocktail Keeps Inspiring New York Spinoffs,The Wall Street Journal,2019,07,06,34,0,1,1
Second Quake in Two Days Shocks California,The Wall Street Journal,2019,07,06,34,0,1,1
Democrats in Queens District Attorney Race Headed for Legal Showdown,The Wall Street Journal,2019,07,06,34,0,1,1
Lady Liberty Sparks Battle of the Boat Tours,The Wall Street Journal,2019,07,06,34,0,1,1
Plan on More Pharma Megamergers,The Wall Street Journal,2019,07,06,34,0,1,1
Kawhi Leonard and Paul George Pick Their Los Angeles Team: The Clippers,The Wall Street Journal,2019,07,06,34,0,1,1
Cuccinelli Takes Reins of Immigration Agency With Focus on Migrant Vetting,The Wall Street Journal,2019,07,06,34,0,1,1
Lawmakers Push for New Bitcoin Rules,The Wall Street Journal,2019,07,06,34,0,1,1
Explosion at South Florida Shopping Plaza Injures 20,The Wall Street Journal,2019,07,06,34,0,1,1
Alaska Faces Budget Fight Over State University Cuts,The Wall Street Journal,2019,07,06,34,0,1,1
"Greece’s Prospects Remain Bleak, Whoever Governs",The Wall Street Journal,2019,07,06,34,0,1,1
Amtrak Has Lost Money for Decades. A Former Airline CEO Thinks He Can Fix It.,The Wall Street Journal,2019,07,06,34,0,1,1
Surging Air Traffic Prompts Rethink of Airport Gate Rights,The Wall Street Journal,2019,07,06,34,0,1,1
Catholics Grapple With Transgender Issues,The Wall Street Journal,2019,07,06,34,0,1,1
Erdogan Dismisses Governor of Turkey’s Central Bank,The Wall Street Journal,2019,07,06,34,0,1,1
Indians Hunt Through the Night for Water as a Megacity Runs Dry,The Wall Street Journal,2019,07,06,34,0,1,1
Democrats Will Stop Raising their Hands,The Wall Street Journal,2019,07,10,35,0,1,1
New York Celebrates World Cup-Winning U.S. Women’s Team,The Wall Street Journal,2019,07,10,35,0,1,1
‘The Truffle Underground’ Review: Malice and Mushrooms,The Wall Street Journal,2019,07,10,35,0,1,1
"Iron-Ore Prices Have Surged Almost 70%, Hitting Steelmakers",The Wall Street Journal,2019,07,10,35,0,1,1
SEC Clears Blockstack to Hold First Regulated Token Offering,The Wall Street Journal,2019,07,10,35,0,1,1
Videogames and Two-Day Delivery Powered the S&P’s Rise to 3000,The Wall Street Journal,2019,07,10,35,0,1,1
Harvard Sanctions Star Economist Fryer for Sex-Harassment Violations,The Wall Street Journal,2019,07,10,35,0,1,1
Mnuchin Urges Suppliers to Seek Huawei Exemptions,The Wall Street Journal,2019,07,10,35,0,1,1
AT&T Cuts Ad Sales Staff at WarnerMedia Unit,The Wall Street Journal,2019,07,10,35,0,1,1
Stocks Leap to Records Following Powell’s Comments,The Wall Street Journal,2019,07,10,35,0,1,1
"Trump Comments on Immigrants Could Factor in Census Case, Judge Says",The Wall Street Journal,2019,07,10,35,0,1,1
Wahooing Betsy Ross,The Wall Street Journal,2019,07,10,35,0,1,1
Macron’s Staying Power Tested by French Mayoral Races,The Wall Street Journal,2019,07,10,35,0,1,1
Former Puerto Rico Officials Are Accused of Corruption,The Wall Street Journal,2019,07,10,35,0,1,1
"Jim Bouton, Ex-Yankee Who Wrote ‘Ball Four,’ Dies",The Wall Street Journal,2019,07,10,35,0,1,1
New Generation of Theater Troupes to Get a Boost,The Wall Street Journal,2019,07,10,35,0,1,1
"Levi Strauss Shares Fall on Smaller Profit, Second-Half Sales Outlook",The Wall Street Journal,2019,07,10,35,0,1,1
Serena and Andy’s Excellent Wimbledon Adventure,The Wall Street Journal,2019,07,10,35,0,1,1
The Democrats Go to Extremes,The Wall Street Journal,2019,07,10,35,0,1,1
Judge Orders PG&E to Respond to Journal Article,The Wall Street Journal,2019,07,10,35,0,1,1
Home-Improvement Stocks Hammered Amid Powell Comments,The Wall Street Journal,2019,07,10,35,0,1,1
White House Picks Adm. Mike Gilday to Be Next Chief of Naval Operations,The Wall Street Journal,2019,07,10,35,0,1,1
State Department Analyst Resigns After White House Blocked Climate Change Testimony,The Wall Street Journal,2019,07,10,35,0,1,1
U.S. to Probe France’s Digital Tax,The Wall Street Journal,2019,07,10,35,0,1,1
Ross Perot’s Educational Legacy,The Wall Street Journal,2019,07,10,35,0,1,1
Parents Sue Over Ban on Religious Exemptions for Vaccinations,The Wall Street Journal,2019,07,10,35,0,1,1
Why Vietnam Loves Donald Trump,The Wall Street Journal,2019,07,10,35,0,1,1
Brazil’s Congress Votes in Favor of Pension Overhaul Bill in First-Round Vote,The Wall Street Journal,2019,07,10,35,0,1,1
Pelosi’s Sharp Words Applauded by House Democrats,The Wall Street Journal,2019,07,10,35,0,1,1
Make Central America Great Again,The Wall Street Journal,2019,07,10,35,0,1,1
Berkshire Hathaway’s Benjamin Moore to Become Main Paint Supplier for Ace Hardware,The Wall Street Journal,2019,07,10,35,0,1,1
P&G CIO Says He Wants to Hire More Women Coders,The Wall Street Journal,2019,07,10,35,0,1,1
"New Lease Accounting Standard May Mislead Investors, Credit Suisse Says",The Wall Street Journal,2019,07,10,35,0,1,1
Venture Funds See 9% Surge in First-Half Fundraising,The Wall Street Journal,2019,07,10,35,0,1,1
New York City Officials Propose Designs for ‘Modern Jails’,The Wall Street Journal,2019,07,10,35,0,1,1
Queens District Attorney Primary Could Take Weeks to Call,The Wall Street Journal,2019,07,10,35,0,1,1
Kamala Harris’s Debate Victory Proves Pyrrhic,The Wall Street Journal,2019,07,10,35,0,1,1
Columbia’s Jeffrey Sachs Proposes Coffee Fund to Help Poor Farmers,The Wall Street Journal,2019,07,10,35,0,1,1
"Trump, Brexit and the Former Ambassador",The Wall Street Journal,2019,07,10,35,0,1,1
"After Biting Report, Providence Looks to Lift Failing School District",The Wall Street Journal,2019,07,10,35,0,1,1
Trump Makes Fresh Threats Against Iran Over Its Nuclear Program,The Wall Street Journal,2019,07,10,35,0,1,1
"Trump Administration Hasn’t Briefed Congress on New Cyberattack Rules, Lawmakers Say",The Wall Street Journal,2019,07,10,35,0,1,1
Joint Chiefs Nominee Hyten Cleared of Sex Allegations,The Wall Street Journal,2019,07,10,35,0,1,1
"Powell Says Outlook Hasn’t Improved, Setting Stage for Rate Cut",The Wall Street Journal,2019,07,10,35,0,1,1
A Not So Special Relationship,The Wall Street Journal,2019,07,10,35,0,1,1
Congress Presses for More Details About Acosta’s Role in Epstein Plea Deal,The Wall Street Journal,2019,07,10,35,0,1,1
"Joe Biden, S-Corp Millionaire",The Wall Street Journal,2019,07,10,35,0,1,1
U.K. Ambassador to U.S. Quits Over Leak Furor,The Wall Street Journal,2019,07,10,35,0,1,1
Gulf States Brace for Potential Hurricane,The Wall Street Journal,2019,07,10,35,0,1,1
Rice Brothers Win Control of EQT,The Wall Street Journal,2019,07,10,35,0,1,1
Eyes on the Sky,The Wall Street Journal,2019,07,13,36,0,1,1
Floor Traders Clash With NYSE,The Wall Street Journal,2019,07,13,36,0,1,1
Feud Among House Democrats Remains on Public Display,The Wall Street Journal,2019,07,13,36,0,1,1
"At Wimbledon, Simona Halep Denies Serena Williams—and History",The Wall Street Journal,2019,07,13,36,0,1,1
FTC Fine Alone Won’t Get Facebook Out of Crosshairs,The Wall Street Journal,2019,07,13,36,0,1,1
Justice Department Chiefs Can’t Get Enough of the Patron Saint of the Rule of Law,The Wall Street Journal,2019,07,13,36,0,1,1
"40 Years Later, Lessons From the First ‘Killer App’",The Wall Street Journal,2019,07,13,36,0,1,1
Pepper...and Salt,The Wall Street Journal,2019,07,13,36,0,1,1
Tutors Tag Along on Family Vacations,The Wall Street Journal,2019,07,13,36,0,1,1
SEC Weighs Whether to Regulate Facebook’s Libra,The Wall Street Journal,2019,07,13,36,0,1,1
Next Big Thing in ETFs: Less Transparency,The Wall Street Journal,2019,07,13,36,0,1,1
U.S. Service Member Killed in Action in Afghanistan,The Wall Street Journal,2019,07,13,36,0,1,1
Summer Love Isn’t Forever at Netflix,The Wall Street Journal,2019,07,13,36,0,1,1
Investors Balked at Pricing for Canceled Budweiser Listing,The Wall Street Journal,2019,07,13,36,0,1,1
OxyContin Made the Sacklers Rich. Now It’s Tearing Them Apart.,The Wall Street Journal,2019,07,13,36,0,1,1
Schools Relax Dress Codes in Bid to End Body Shaming,The Wall Street Journal,2019,07,13,36,0,1,1
It’s No Longer a ‘Mad’ World,The Wall Street Journal,2019,07,13,36,0,1,1
Power Returns After Widespread Outage in Manhattan Darkens Times Square,The Wall Street Journal,2019,07,13,36,0,1,1
A Major Blackout Hits Manhattan,The Wall Street Journal,2019,07,13,36,0,1,1
Crew of Detained Iranian Oil Tanker Is Released in Gibraltar,The Wall Street Journal,2019,07,13,36,0,1,1
Trump’s Favorite Ambassador Makes a Very Trumpian Splash in Berlin,The Wall Street Journal,2019,07,13,36,0,1,1
Oil Giant Shell’s Pivot to Electricity Could Bring Investors Less Sizzle,The Wall Street Journal,2019,07,13,36,0,1,1
Syrian Government Intensifies Strikes on Opposition Stronghold,The Wall Street Journal,2019,07,13,36,0,1,1
Rebuild or Remain? Columbine Revisits a Question It Thought It Had Answered,The Wall Street Journal,2019,07,13,36,0,1,1
New York Harbor’s Latest Draw? A Tugboat Tour,The Wall Street Journal,2019,07,13,36,0,1,1
DNA Testing Creates Wrenching Dilemmas for the Family Historian,The Wall Street Journal,2019,07,20,37,0,1,1
"My Compliments to the Chef, Er, Robot",The Wall Street Journal,2019,07,20,37,0,1,1
Pepper...and Salt,The Wall Street Journal,2019,07,20,37,0,1,1
"Yes, You Actually Should Be Using Emojis at Work",The Wall Street Journal,2019,07,20,37,0,1,1
On This Day of the Moon Mission: ‘One Small Step’,The Wall Street Journal,2019,07,20,37,0,1,1
A Quick Guide to Emojis in the Office,The Wall Street Journal,2019,07,20,37,0,1,1
A Bike Race From the Back of a Motorcycle,The Wall Street Journal,2019,07,20,37,0,1,1
What Do You Do When the Golf Course Shuts Down?,The Wall Street Journal,2019,07,20,37,0,1,1
The Mysteries of Kate Atkinson,The Wall Street Journal,2019,07,20,37,0,1,1
‘N.C. Wyeth: New Perspectives’ Review: Between Power and Platitude,The Wall Street Journal,2019,07,20,37,0,1,1
"Shane Lowry Sets British Open Scoring Record, Widens Lead",The Wall Street Journal,2019,07,20,37,0,1,1
"Drug Makers, Distributors Failed to Stop Suspect Opioid Shipments, Filing Alleges",The Wall Street Journal,2019,07,20,37,0,1,1
Netanyahu Becomes Israel’s Longest-Serving Premier Amid Political Storm,The Wall Street Journal,2019,07,20,37,0,1,1
Hollywood Writers Struggle to Get on Same Page in Fight Against Agents,The Wall Street Journal,2019,07,20,37,0,1,1
Gene Scalia’s Winning Record,The Wall Street Journal,2019,07,20,37,0,1,1
Dangerous Heat Wave Covers Much of U.S.,The Wall Street Journal,2019,07,20,37,0,1,1
Why Weak Corporate Earnings Don’t Signal a Weak Economy,The Wall Street Journal,2019,07,20,37,0,1,1
USS Boxer Crew Describes Tense Moments in Strait of Hormuz,The Wall Street Journal,2019,07,20,37,0,1,1
Even Passive Giants Aren’t Immune From Investors’ Changing Tastes,The Wall Street Journal,2019,07,20,37,0,1,1
"Candidate Sleepovers Mean Tight Quarters, Wet Towels and ‘Surreal’ Family-Room Chats",The Wall Street Journal,2019,07,20,37,0,1,1
CBS Goes Dark on AT&T Amid a Dispute,The Wall Street Journal,2019,07,20,37,0,1,1
Iran’s Tanker Seizure Presents U.K. With Policy Dilemma,The Wall Street Journal,2019,07,20,37,0,1,1
Israel’s Benjamin Netanyahu: The Life of ‘The Magician’,The Wall Street Journal,2019,07,20,37,0,1,1
Pound Falls After Boris Johnson Ramps Up No-Deal Brexit Rhetoric,The Wall Street Journal,2019,07,29,38,0,1,1
The Confusing Federal Reserve,The Wall Street Journal,2019,07,29,38,0,1,1
Smaller Money Managers Drowning in Rules,The Wall Street Journal,2019,07,29,38,0,1,1
American Tech Shudders as China Cyber Rules Are Expected to Get Tougher,The Wall Street Journal,2019,07,29,38,0,1,1
The Ultimate Luxury Vacation: Doing Nothing in the Middle of Nowhere,The Wall Street Journal,2019,07,29,38,0,1,1
Hospitals May Be Forced to Disclose Discount Rates Negotiated With Insurers,The Wall Street Journal,2019,07,29,38,0,1,1
"Bank of America, First Data End Payments Partnership",The Wall Street Journal,2019,07,29,38,0,1,1
‘The Big Day’ by Chance the Rapper Review: A Hip-Hop Missive From Married Life,The Wall Street Journal,2019,07,29,38,0,1,1
A Public Option Is No Winner for Democrats,The Wall Street Journal,2019,07,29,38,0,1,1
Cloud Computing Is Here. Cloud Recycling Is Next.,The Wall Street Journal,2019,07,29,38,0,1,1
Welsh Carson Closes Its Biggest Fund at $4.3 Billion,The Wall Street Journal,2019,07,29,38,0,1,1
Alleged 9/11 Mastermind Open to Helping Victims’ Lawsuit if U.S. Drops Death Penalty,The Wall Street Journal,2019,07,29,38,0,1,1
Mayor Pete Has a Race Problem,The Wall Street Journal,2019,07,29,38,0,1,1
Big Pharma vs. Big Pharma,The Wall Street Journal,2019,07,29,38,0,1,1
Why Russia and China Are Joining Forces,The Wall Street Journal,2019,07,29,38,0,1,1
Refinancing Boom Boosts Mortgage Lending,The Wall Street Journal,2019,07,29,38,0,1,1
New York City Is Hunting for School Space,The Wall Street Journal,2019,07,29,38,0,1,1
Netflix Splurges on Big-Budget Movies,The Wall Street Journal,2019,07,29,38,0,1,1
"Senate Fails to Block Arms Sales to Saudi Arabia, U.A.E.",The Wall Street Journal,2019,07,29,38,0,1,1
"U.S. Sanctions North Korean Over Illicit Trade, Missile Program",The Wall Street Journal,2019,07,29,38,0,1,1
‘The College Dropout Scandal’ Review: A Matter of Degree,The Wall Street Journal,2019,07,29,38,0,1,1
Pfizer Is Buying Low and Smart in Generics Gambit,The Wall Street Journal,2019,07,29,38,0,1,1
Melinda Katz Is Certified Winner of Queens District Attorney Primary,The Wall Street Journal,2019,07,29,38,0,1,1
Environmental Extremists Favor Mosquitoes Over Mankind,The Wall Street Journal,2019,07,29,38,0,1,1
Ryanair Warns of Possible Job and Flight Cuts,The Wall Street Journal,2019,07,29,38,0,1,1
Remixes Propel Lil Nas X’s ‘Old Town Road’ to Billboard Chart Record,The Wall Street Journal,2019,07,29,38,0,1,1
California Wants to Teach Your Kids That Capitalism Is Racist,The Wall Street Journal,2019,07,29,38,0,1,1
Mylan CFO Set to Leave as Part of Pfizer Deal,The Wall Street Journal,2019,07,29,38,0,1,1
Strong Earnings Allay Fears Over Trade and Growth—for Now,The Wall Street Journal,2019,07,29,38,0,1,1
Federal Borrowing Soars as Deficit Fear Fades,The Wall Street Journal,2019,07,29,38,0,1,1
Shooter at Gilroy Garlic Festival in California Used Semiautomatic Rifle,The Wall Street Journal,2019,07,29,38,0,1,1
London Stock Exchange’s Big Bet Is Profitable but Risky,The Wall Street Journal,2019,07,29,38,0,1,1
Wealthy Parents Transfer Guardianship of Teens to Get Aid,The Wall Street Journal,2019,07,29,38,0,1,1
S&P 500 Ticks Lower as Expected Fed Rate Cut Looms,The Wall Street Journal,2019,07,29,38,0,1,1
Rig Owners Forecast Further Drilling Decline,The Wall Street Journal,2019,07,29,38,0,1,1
SoftBank’s New Fund Stands to Shake Up Enterprise Tech,The Wall Street Journal,2019,07,29,38,0,1,1
"Trump, Cummings, Pelosi and Baltimore",The Wall Street Journal,2019,07,29,38,0,1,1
Beyond Meat On Track to Deliver Profit This Year,The Wall Street Journal,2019,07,29,38,0,1,1
U.S. Soccer Says Women’s Team Has Been Paid More Than Men’s Team,The Wall Street Journal,2019,07,29,38,0,1,1
Justice Department Fills Fraud Section Post Long in Limbo,The Wall Street Journal,2019,07,29,38,0,1,1
"Gang Fight Kills 57 in Brazil, 16 Beheaded",The Wall Street Journal,2019,07,29,38,0,1,1
Mylan Deal Furthers Pfizer CEO’s Bet on Patent-Protected Drugs,The Wall Street Journal,2019,07,29,38,0,1,1
Dealing With the High Price of Some Insulin,The Wall Street Journal,2019,07,29,38,0,1,1
Smearing Mitch McConnell,The Wall Street Journal,2019,07,29,38,0,1,1
The Battle of the Microwave,The Wall Street Journal,2019,07,29,38,0,1,1
Notable & Quotable: Blame Taxes for Baltimore’s Rot,The Wall Street Journal,2019,07,29,38,0,1,1
Higher Costs Hold Down Profit at Heineken,The Wall Street Journal,2019,07,29,38,0,1,1
"Led by Trump and Johnson, Disrupters Rise Globally",The Wall Street Journal,2019,07,29,38,0,1,1
"Blame Obama, not Kerry For the Terrible Iran Deal",The Wall Street Journal,2019,07,29,38,0,1,1
A Fed Reversal Will Store Up Trouble,The Wall Street Journal,2019,07,29,38,0,1,1
Safety in the Stock Market Is Getting Expensive,The Wall Street Journal,2019,08,14,39,0,1,1
Italy’s Rival Parties Look to Block Salvini’s Bid for Power,The Wall Street Journal,2019,08,14,39,0,1,1
Three Political Truths the Democrats Can’t Handle,The Wall Street Journal,2019,08,14,39,0,1,1
Embattled Bank Stocks Lose Billions,The Wall Street Journal,2019,08,14,39,0,1,1
ObamaCare’s Medicaid Deception,The Wall Street Journal,2019,08,14,39,0,1,1
Warning Signs Point to a Global Slowdown,The Wall Street Journal,2019,08,14,39,0,1,1
The Kansas-Missouri Subsidy Armistice,The Wall Street Journal,2019,08,14,39,0,1,1
"Cisco’s Outlook Dampened by China Slowdown, Trade Dispute",The Wall Street Journal,2019,08,14,39,0,1,1
U.S. Women’s Soccer Team Ends Mediation Talks Without Agreement,The Wall Street Journal,2019,08,14,39,0,1,1
"The Navarro Recession, II",The Wall Street Journal,2019,08,14,39,0,1,1
How Huawei Employees Helped Governments Spy,The Wall Street Journal,2019,08,14,39,0,1,1
"Faraday Grid, Startup Backed by WeWork CEO Adam Neumann, Runs Out of Money",The Wall Street Journal,2019,08,14,39,0,1,1
Trump Says Fed Should Cut Rates as Growth Concerns Jar Markets,The Wall Street Journal,2019,08,14,39,0,1,1
Argentina’s Race to the Bottom,The Wall Street Journal,2019,08,14,39,0,1,1
Argentine President Raises Wages After Election Setback,The Wall Street Journal,2019,08,14,39,0,1,1
The Flash Mobs of Hong Kong,The Wall Street Journal,2019,08,14,39,0,1,1
Federal Regulators Propose Changes to Trucker Work-Hour Rules,The Wall Street Journal,2019,08,14,39,0,1,1
How Five Money Managers Are Playing Swings in the Market,The Wall Street Journal,2019,08,14,39,0,1,1
Eric Holder Urges Judges to Vote Democratic,The Wall Street Journal,2019,08,14,39,0,1,1
New York Sees Flood of Lawsuits Alleging Child Sex Abuse,The Wall Street Journal,2019,08,14,39,0,1,1
Federal Prosecutors Accuse Capital One Hacker of Hitting Dozens More Targets,The Wall Street Journal,2019,08,14,39,0,1,1
FDA Approves New Pill for Drug-Resistant TB,The Wall Street Journal,2019,08,14,39,0,1,1
Macy’s Turnaround Hits Harsh Retail Reality,The Wall Street Journal,2019,08,14,39,0,1,1
Cisco Yields to Slowdown Fears,The Wall Street Journal,2019,08,14,39,0,1,1
Bernie’s Medicare-for-All Bailout,The Wall Street Journal,2019,08,14,39,0,1,1
Trump Ties Trade Deal to China Action in Hong Kong,The Wall Street Journal,2019,08,14,39,0,1,1
Mortgage Lender Fights Connecticut Over Call-Center Workers,The Wall Street Journal,2019,08,14,39,0,1,1
Iowa Farmers Stick With Trump Despite Trade War,The Wall Street Journal,2019,08,14,39,0,1,1
"WeWork IPO Filing Shows Revenue Growth, Wide Losses",The Wall Street Journal,2019,08,14,39,0,1,1
A Tragedy of Our Times,The Wall Street Journal,2019,08,14,39,0,1,1
Repo Rates Fuel Concern Over Mounting U.S. Debt,The Wall Street Journal,2019,08,14,39,0,1,1
Federal Monitor Finds Problems With PG&E Tree-Trimming Program,The Wall Street Journal,2019,08,14,39,0,1,1
Modern Monetary Theory Is Ancient,The Wall Street Journal,2019,08,14,39,0,1,1
‘Fraud in the Lab’ Review: Experiments in Doubt,The Wall Street Journal,2019,08,14,39,0,1,1
Samsung Tests How 5G Can Improve Chip-Making,The Wall Street Journal,2019,08,14,39,0,1,1
‘The Center Won’t Hold’ by Sleater-Kinney Review: Beginnings and Endings,The Wall Street Journal,2019,08,14,39,0,1,1
Two Novartis Researchers Exit Amid Data Scandal,The Wall Street Journal,2019,08,14,39,0,1,1
Warren Buffett Is a Huge Backer of U.S. Banks,The Wall Street Journal,2019,08,14,39,0,1,1
The S&P 500 Tends to Rise After an Inverted Yield Curve,The Wall Street Journal,2019,08,14,39,0,1,1
"Ross Stores Promotes Executives, Including CFO",The Wall Street Journal,2019,08,14,39,0,1,1
New York City Council Members Move  to Expand Health Care for Uninsured,The Wall Street Journal,2019,08,14,39,0,1,1
Dow Sheds 800 in Biggest Drop of Year,The Wall Street Journal,2019,08,14,39,0,1,1
Donald vs. Boris? Try ‘Arugula’ vs. ‘Rocket’,The Wall Street Journal,2019,08,14,39,0,1,1
Britons Worry No-Deal Brexit Will Cause Drug Shortages,The Wall Street Journal,2019,08,14,39,0,1,1
Does Hong Kong Matter?,The Wall Street Journal,2019,08,14,39,0,1,1
Canada’s Trudeau Found to Have Broken Conflict-of-Interest Law,The Wall Street Journal,2019,08,14,39,0,1,1
Viacom-CBS Merger Could Boost Advertising Ambitions,The Wall Street Journal,2019,08,14,39,0,1,1
‘Jewelry for America’ Review: A Nation’s Glittering History,The Wall Street Journal,2019,08,14,39,0,1,1
Corrections & Amplifications,The Wall Street Journal,2019,08,14,39,0,1,1
Bond Rally Drives 30-Year Treasury Yield to Record Low,The Wall Street Journal,2019,08,14,39,0,1,1
Some College Programs Pay Off Handsomely,The Wall Street Journal,2019,08,18,40,0,1,1
Fed Chief Wedged Between a Slowing Economy and an Angry President,The Wall Street Journal,2019,08,18,40,0,1,1
‘A Reset’: Hong Kong Protesters Find New Momentum With Largest Rally in Weeks,The Wall Street Journal,2019,08,18,40,0,1,1
They’re Committed to Each Other—And a 444-Mile Tandem Bike Ride,The Wall Street Journal,2019,08,18,40,0,1,1
The Secular Busybodies Lose Again,The Wall Street Journal,2019,08,18,40,0,1,1
Argentina Needs the Dollar,The Wall Street Journal,2019,08,18,40,0,1,1
Trump Confirms Interest in Greenland,The Wall Street Journal,2019,08,18,40,0,1,1
I’d Rather Read With My Ears,The Wall Street Journal,2019,08,18,40,0,1,1
The War on Sugar Hits the Juice Box,The Wall Street Journal,2019,08,18,40,0,1,1
SoftBank to Lend Founder and Employees Billions to Invest in Fund,The Wall Street Journal,2019,08,18,40,0,1,1
"Nordstrom Did So Much Right, but It’s Still in Trouble",The Wall Street Journal,2019,08,18,40,0,1,1
New York Police Arrest West Virginia Man Over Subway Bomb Scare,The Wall Street Journal,2019,08,18,40,0,1,1
Affirmative Consent? Maybe Body Cameras,The Wall Street Journal,2019,08,18,40,0,1,1
Nick Saban Wins National Titles. He Loses Assistant Coaches.,The Wall Street Journal,2019,08,18,40,0,1,1
Chinese Police Probe Gun in FedEx Package,The Wall Street Journal,2019,08,18,40,0,1,1
Bright Horizons Straddles the Juggle,The Wall Street Journal,2019,08,18,40,0,1,1
‘Consent’ Review: Campus Conﬁdential,The Wall Street Journal,2019,08,18,40,0,1,1
Scores Killed in Afghanistan Wedding Blast,The Wall Street Journal,2019,08,18,40,0,1,1
Worried Hong Kong Residents Are Moving Money Out as Protests Escalate,The Wall Street Journal,2019,08,18,40,0,1,1
Half of Americans Disapprove of Trump’s Response to Shootings,The Wall Street Journal,2019,08,18,40,0,1,1
Sports Titles Keep Gamers on Digital Playing Field,The Wall Street Journal,2019,08,18,40,0,1,1
"Trump Cautions China on Hong Kong, Dismisses Recession Fears",The Wall Street Journal,2019,08,18,40,0,1,1
Wrongly Abusing Racial Sensitivity as a Weapon,The Wall Street Journal,2019,08,18,40,0,1,1
Cape Cod’s New Normal: Sharks Are Everywhere,The Wall Street Journal,2019,08,18,40,0,1,1
A Few Industries Are Behind Rising Corporate Leverage,The Wall Street Journal,2019,08,18,40,0,1,1
Notable & Quotable: Warren’s Weakness,The Wall Street Journal,2019,08,18,40,0,1,1
Market Tumult Stings the New Bond King,The Wall Street Journal,2019,08,18,40,0,1,1
Trump Isn’t the One Dividing Us by Race,The Wall Street Journal,2019,08,18,40,0,1,1
Inaugural All-Women Sporting Event in Albany Struggles to Draw Fans,The Wall Street Journal,2019,08,18,40,0,1,1
Costly Tariff Spat Masks Deeper Trade Problems,The Wall Street Journal,2019,08,18,40,0,1,1
"Large Firms Trim Debt, Fueling Surge in Bonds at Center of Leverage Concerns",The Wall Street Journal,2019,08,18,40,0,1,1
"Dollar Towers Above Rivals, Posing Fresh Threats to Financial Markets",The Wall Street Journal,2019,08,18,40,0,1,1
The Right’s Left Turn on Drug Prices,The Wall Street Journal,2019,08,18,40,0,1,1
Greenlanders Baffled by Trump Interest,The Wall Street Journal,2019,08,18,40,0,1,1
Silicon Valley Looks North as Tech Giants Expand in Toronto,The Wall Street Journal,2019,08,18,40,0,1,1
The SEC Threatens to Go Soft on Internal Controls,The Wall Street Journal,2019,08,18,40,0,1,1
Graphic Novels Take Off With Young Readers,The Wall Street Journal,2019,08,18,40,0,1,1
What Will California Ban Next?,The Wall Street Journal,2019,08,18,40,0,1,1
Iranian Tanker Leaves Gibraltar Despite U.S. Objections,The Wall Street Journal,2019,08,18,40,0,1,1
Fight Over New Outside-Pay Limits Could Affect Who Returns to Albany,The Wall Street Journal,2019,08,18,40,0,1,1
Dissent Against Beijing Is Becoming a Firing Offense,The Wall Street Journal,2019,08,18,40,0,1,1
It’s Past Time to Rethink Unrwa’s Mandate,The Wall Street Journal,2019,08,18,40,0,1,1
Photos: Hong Kong Protesters Gather in Peaceful Rally After Weeks of Unrest,The Wall Street Journal,2019,08,18,40,0,1,1
When Hello Kitty Is the Enemy: South Korea Takes a Trade Dispute to Heart,The Wall Street Journal,2019,08,18,40,0,1,1
Novartis CEO Battles Fallout From Data Manipulation,The Wall Street Journal,2019,08,18,40,0,1,1
Russian Nuclear Monitoring Stations Went Silent After Missile Blast,The Wall Street Journal,2019,08,18,40,0,1,1
Economy Week Ahead: All Eyes on the Fed,The Wall Street Journal,2019,08,18,40,0,1,1
Documents Show Efforts by Jeffrey Epstein’s Attorneys to Sway Prosecutors,The Wall Street Journal,2019,08,18,40,0,1,1
Australian Steelmaker BlueScope Plans U.S. Expansion,The Wall Street Journal,2019,08,18,40,0,1,1
Brooklyn Community Fights Homeless Shelters,The Wall Street Journal,2019,08,18,40,0,1,1
"Kaplan: Risks From Global Growth, Trade Uncertainty Could Mean Rate Cut",The Wall Street Journal,2019,08,22,41,0,1,1
Best-Selling Books Week Ended August 17,The Wall Street Journal,2019,08,22,41,0,1,1
FDA Focuses on Novartis Delay in Reporting Drug-Test Data Manipulation,The Wall Street Journal,2019,08,22,41,0,1,1
Salesforce Increases Full-Year Revenue Forecast,The Wall Street Journal,2019,08,22,41,0,1,1
Google Disables YouTube Channels for Alleged Disinformation Campaigns in Hong Kong,The Wall Street Journal,2019,08,22,41,0,1,1
Rotary Is Also a Service Club,The Wall Street Journal,2019,08,22,41,0,1,1
HP CEO Dion Weisler Stepping Down,The Wall Street Journal,2019,08,22,41,0,1,1
Qantas to Test Human Endurance for a 19-Hour Flight,The Wall Street Journal,2019,08,22,41,0,1,1
Vaping Is Suspected in Severe Lung Illnesses,The Wall Street Journal,2019,08,22,41,0,1,1
Incompetent Newark Turns to Feds on Lead,The Wall Street Journal,2019,08,22,41,0,1,1
Japan Post Investigation Complicates Revenue Forecasting for Aflac CFO,The Wall Street Journal,2019,08,22,41,0,1,1
White House Backs Down on Plan to Cut Foreign-Aid Funding,The Wall Street Journal,2019,08,22,41,0,1,1
‘Animal Babies: First Year on Earth’ Review: The Young and the Restless,The Wall Street Journal,2019,08,22,41,0,1,1
Copper Nears Multiyear Low as Economic Worries Grow,The Wall Street Journal,2019,08,22,41,0,1,1
Documentary Explores Staying Power of ‘Fiddler on the Roof’,The Wall Street Journal,2019,08,22,41,0,1,1
Trump Adviser Says Tax Cuts Could Be Proposed Before 2020 Election,The Wall Street Journal,2019,08,22,41,0,1,1
Hasbro Picks Up Peppa Pig in $4 Billion Deal,The Wall Street Journal,2019,08,22,41,0,1,1
De Blasio Says It’s ‘Horrible Policy’ to Name Women Linked to Remains,The Wall Street Journal,2019,08,22,41,0,1,1
MLB Is Prohibiting Players From Playing in Venezuelan League,The Wall Street Journal,2019,08,22,41,0,1,1
Price of Good Economy: More Time Stuck in Traffic,The Wall Street Journal,2019,08,22,41,0,1,1
Central Bankers’ Jackson Hole Retreat: A Cheat Sheet,The Wall Street Journal,2019,08,22,41,0,1,1
Socialism in Two Countries,The Wall Street Journal,2019,08,22,41,0,1,1
‘On Becoming a God in Central Florida’ Review: Pyramid Power,The Wall Street Journal,2019,08,22,41,0,1,1
Warren Is Missing a Plan,The Wall Street Journal,2019,08,22,41,0,1,1
Online Cheating Threatens Colleges’ Value,The Wall Street Journal,2019,08,22,41,0,1,1
HP’s Printer Jam Gets Worse,The Wall Street Journal,2019,08,22,41,0,1,1
"‘Ready or Not’ and ‘Tigers Are Not Afraid’: Summer Horror, Hot and Not",The Wall Street Journal,2019,08,22,41,0,1,1
Man Killed When Elevator in Manhattan High-Rise Suddenly Falls,The Wall Street Journal,2019,08,22,41,0,1,1
Byrne Resigns as Overstock.com Chief Executive,The Wall Street Journal,2019,08,22,41,0,1,1
Dick’s Sporting Goods Posts Higher Same-Store Sales for First Time in Two Years,The Wall Street Journal,2019,08,22,41,0,1,1
Japan Is Adhering to Its Treaty With Korea,The Wall Street Journal,2019,08,22,41,0,1,1
Walmart to Reopen El Paso Store Months After Shooting,The Wall Street Journal,2019,08,22,41,0,1,1
‘Radical Ritual’ Review: Believing in Burning Man,The Wall Street Journal,2019,08,22,41,0,1,1
A 100-Year Treasury?,The Wall Street Journal,2019,08,22,41,0,1,1
India Should Quit Harassing the ‘Super-Rich’,The Wall Street Journal,2019,08,22,41,0,1,1
Audit Finds USTA Shortchanged New York City,The Wall Street Journal,2019,08,22,41,0,1,1
VMware to Buy Pivotal Software and Carbon Black,The Wall Street Journal,2019,08,22,41,0,1,1
Border Patrol Searches for Missing Toddler at Rio Grande,The Wall Street Journal,2019,08,22,41,0,1,1
Stumbling Global Economies Fan Recession Fears,The Wall Street Journal,2019,08,22,41,0,1,1
‘New Left Urbanists’ Want to Remake Your City,The Wall Street Journal,2019,08,22,41,0,1,1
Powell Faces Challenge Defining Doctrine Around When to Cut Rates,The Wall Street Journal,2019,08,22,41,0,1,1
Hitler and Stalin Weren’t Such Strange Bedfellows,The Wall Street Journal,2019,08,22,41,0,1,1
‘Vision Portraits’ Review: Seeing Art Through a New Lens,The Wall Street Journal,2019,08,22,41,0,1,1
California Fails Human-Waste Management,The Wall Street Journal,2019,08,22,41,0,1,1
What ‘Red Flags’ Really Look Like,The Wall Street Journal,2019,08,22,41,0,1,1
Jerusalem Meets Athens in New Jersey,The Wall Street Journal,2019,08,22,41,0,1,1
You’ve Gotta Walk the Walk,The Wall Street Journal,2019,08,22,41,0,1,1
South Korea Ends Pact to Share Military Information With Japan,The Wall Street Journal,2019,08,22,41,0,1,1
"Mind Your Manners, Says Edith Wharton",The Wall Street Journal,2019,08,22,41,0,1,1
August Data Heighten Pressure on Industrial Stocks,The Wall Street Journal,2019,08,22,41,0,1,1
Why Hurricane Dorian Is So Hard to Track,The Wall Street Journal,2019,08,31,42,0,1,1
Dorian Could Test Aging Infrastructure at Florida’s Largest Lake,The Wall Street Journal,2019,08,31,42,0,1,1
Europe’s Winemakers Break With Tradition as Temperatures Rise,The Wall Street Journal,2019,08,31,42,0,1,1
Hurricane Dorian to Test Florida’s New Nursing-Home Power Rules,The Wall Street Journal,2019,08,31,42,0,1,1
Sen. Young Boosts Profile as Contrarian Foreign-Policy Voice,The Wall Street Journal,2019,08,31,42,0,1,1
RAIT Financial Trust Files for Bankruptcy,The Wall Street Journal,2019,08,31,42,0,1,1
Final Indian Citizenship List Could Leave Nearly Two Million Stateless,The Wall Street Journal,2019,08,31,42,0,1,1
Coming Soon to a Small Screen Near You: Short Cuts,The Wall Street Journal,2019,08,31,42,0,1,1
Pepper...and Salt,The Wall Street Journal,2019,08,31,42,0,1,1
The Next Hot Job: Pretending to Be a Robot,The Wall Street Journal,2019,08,31,42,0,1,1
Democrats Step Up Offensive Against Mitch McConnell,The Wall Street Journal,2019,08,31,42,0,1,1
Bank of Jinzhou Posts Net Loss After Filing Delay,The Wall Street Journal,2019,08,31,42,0,1,1
"‘Homer at the Beach: A Marine Painter’s Journey, 1869-1880’ Review: Flotsam, Jetsam, Handsome",The Wall Street Journal,2019,08,31,42,0,1,1
‘I Thought the World Was Ending’: What’s Fueling the Amazon Rainforest Fires,The Wall Street Journal,2019,08,31,42,0,1,1
Bubble Tea Now Comes With a Little Kick,The Wall Street Journal,2019,08,31,42,0,1,1
The Problem With Believing What We’re Told,The Wall Street Journal,2019,08,31,42,0,1,1
Hong Kong Protesters and Police Clash in 13th Week of Demonstrations,The Wall Street Journal,2019,08,31,42,0,1,1
Naomi Osaka Overwhelms Coco Gauff at the U.S. Open,The Wall Street Journal,2019,08,31,42,0,1,1
Markets Show Resilience in Topsy-Turvy August,The Wall Street Journal,2019,08,31,42,0,1,1
Ginsburg: Supreme Court Work Keeps Me Going,The Wall Street Journal,2019,08,31,42,0,1,1
The Horsemen Stalking the Korean Stock Market,The Wall Street Journal,2019,08,31,42,0,1,1
Treasury 10-Year Yields Rise on Trade Hopes,The Wall Street Journal,2019,09,12,43,0,1,1
China Seeks to Narrow U.S. Talks to Break Deadlock,The Wall Street Journal,2019,09,12,43,0,1,1
Groupon Shares Slide as Investors Fret Over Possible Yelp Deal,The Wall Street Journal,2019,09,12,43,0,1,1
Companies Emerging From Bankruptcy Lean Into IT,The Wall Street Journal,2019,09,12,43,0,1,1
A Vaping Ban Will Send Smokers Back to the Pack,The Wall Street Journal,2019,09,12,43,0,1,1
Charles Li Linked Hong Kong and China but LSE Deal Could Be a Bridge Too Far,The Wall Street Journal,2019,09,12,43,0,1,1
Draghi Leaves With No Exit,The Wall Street Journal,2019,09,12,43,0,1,1
Brush Up on Art History With Rugs Inspired by Paintings,The Wall Street Journal,2019,09,12,43,0,1,1
Taliban Urge U.S. to Resume Talks After Bolton’s Departure,The Wall Street Journal,2019,09,12,43,0,1,1
Draghi’s Calls on Berlin to Ramp Up Spending Again Fall on Deaf Ears,The Wall Street Journal,2019,09,12,43,0,1,1
About That Russian ‘Spy’,The Wall Street Journal,2019,09,12,43,0,1,1
New York City Moves to Repeal Ban on Conversion Therapy in Effort to Protect Such Bans Elsewhere,The Wall Street Journal,2019,09,12,43,0,1,1
Mexico’s Pemex Sells Bonds for $7.5 Billion in Refinancing,The Wall Street Journal,2019,09,12,43,0,1,1
EPA Rolls Back Obama-Era Regulations on Clean Water,The Wall Street Journal,2019,09,12,43,0,1,1
How Do You Tax a Baby Boomer?,The Wall Street Journal,2019,09,12,43,0,1,1
Trump Plans for Oil Drilling in Arctic Refuge Clear Big Hurdle,The Wall Street Journal,2019,09,12,43,0,1,1
El Paso Prosecutors to Seek Death Penalty for Walmart Shooter,The Wall Street Journal,2019,09,12,43,0,1,1
Report on Boat Fire Concludes Crew Was Asleep as Blaze Began,The Wall Street Journal,2019,09,12,43,0,1,1
Truth and No Consequences in Russia,The Wall Street Journal,2019,09,12,43,0,1,1
Purdue Ditched Earlier Plans for Opioid-Treatment Nonprofit,The Wall Street Journal,2019,09,12,43,0,1,1
Juul Debates Pushing Back on E-Cigarette Ban,The Wall Street Journal,2019,09,12,43,0,1,1
FTC to Clarify Its Power to Regulate Big Tech,The Wall Street Journal,2019,09,12,43,0,1,1
No Nukes Is Bad News for Climate,The Wall Street Journal,2019,09,12,43,0,1,1
Trump Administration Turns Over Official’s Name Amid Dispute Over Saudi Role in 9/11 Attacks,The Wall Street Journal,2019,09,12,43,0,1,1
United Auto Workers Official Charged in Widening Federal Probe,The Wall Street Journal,2019,09,12,43,0,1,1
Justice Department Considering Guidance on ‘Inability-to-Pay’ Claims,The Wall Street Journal,2019,09,12,43,0,1,1
Judge Temporarily Blocks Tennessee Voter-Registration Drive Law,The Wall Street Journal,2019,09,12,43,0,1,1
The Stakes of the Vape Debate,The Wall Street Journal,2019,09,12,43,0,1,1
California Bill Aimed at Ride Hailing Heralds Change Beyond Tech Firms,The Wall Street Journal,2019,09,12,43,0,1,1
‘Billion Dollar Fantasy’ Review: Making a Bet On Sports Fans,The Wall Street Journal,2019,09,12,43,0,1,1
Photos: 10 Democratic Presidential Hopefuls Debate,The Wall Street Journal,2019,09,12,43,0,1,1
Supreme Court’s Migrant Ruling Changes Little at Border for Now,The Wall Street Journal,2019,09,12,43,0,1,1
I Left the Cult Next Door,The Wall Street Journal,2019,09,12,43,0,1,1
A Quick Refresher on How to Drive Like a Human,The Wall Street Journal,2019,09,12,43,0,1,1
Take Two Aspirin and Call Me by My Pronouns,The Wall Street Journal,2019,09,12,43,0,1,1
Verizon Ventures Prepares for 5G Startup Wave,The Wall Street Journal,2019,09,12,43,0,1,1
"Bahamas Threatened With Another Storm, Forecasters Warn",The Wall Street Journal,2019,09,12,43,0,1,1
The High Court’s Injunction Slapdown,The Wall Street Journal,2019,09,12,43,0,1,1
Notable & Quotable: What Democrats Aren’t Looking For,The Wall Street Journal,2019,09,12,43,0,1,1
Stocks Climb After ECB Stimulus Package,The Wall Street Journal,2019,09,12,43,0,1,1
SmileDirectClub Plunges 28% on First Day of Trading,The Wall Street Journal,2019,09,12,43,0,1,1
Manhattan Parents Resist Mayoral Panel’s Call to Phase Out Gifted Programs,The Wall Street Journal,2019,09,12,43,0,1,1
Vaping-Related Lung Ailments Puzzle Doctors,The Wall Street Journal,2019,09,12,43,0,1,1
Marteeny: Some Bars Are Working Smaller Cocktails Into the Mix,The Wall Street Journal,2019,09,12,43,0,1,1
Feds Step Up Safety Investigation on Nissan’s Auto-Braking System,The Wall Street Journal,2019,09,12,43,0,1,1
CEOs Urge Senate to Pass Gun Laws,The Wall Street Journal,2019,09,12,43,0,1,1
Witness a Crime? There’s an App for That.,The Wall Street Journal,2019,09,12,43,0,1,1
House Panel Approves Procedures for Trump Impeachment Probe,The Wall Street Journal,2019,09,12,43,0,1,1
ECB Acts to Spur Eurozone’s Flagging Economy,The Wall Street Journal,2019,09,12,43,0,1,1
Google Subpoenaed for Details on Its Ad Business,The Wall Street Journal,2019,09,12,43,0,1,1
Democrats Set Rapid Timetable for Trump Impeachment Probe,The Wall Street Journal,2019,09,27,44,0,1,1
Wells Fargo Names Scharf CEO,The Wall Street Journal,2019,09,27,44,0,1,1
"Joe Wilson, Skeptic on Iraq War Intelligence, Dies at 69",The Wall Street Journal,2019,09,27,44,0,1,1
‘A Polar Affair’ Review: A Passion for Penguins,The Wall Street Journal,2019,09,27,44,0,1,1
‘Stronghold’ Review: A Fragile Circle of Life,The Wall Street Journal,2019,09,27,44,0,1,1
NRA’s Ties to Russian Nationals Alleged in New Report,The Wall Street Journal,2019,09,27,44,0,1,1
How Mexicans See the U.S. and Trump,The Wall Street Journal,2019,09,27,44,0,1,1
Majority of Vaping-Related Illnesses Involve THC Products: CDC Report,The Wall Street Journal,2019,09,27,44,0,1,1
Judge Blocks Trump Administration’s Plans for Detaining Migrant Families,The Wall Street Journal,2019,09,27,44,0,1,1
Stocks Slump as Investors Weigh Trade Threats,The Wall Street Journal,2019,09,27,44,0,1,1
Slavery Was Unfair; Are Reparations Fair?,The Wall Street Journal,2019,09,27,44,0,1,1
"‘The Irony of Modern Catholic History’ Review: The Church, Challenged by Change",The Wall Street Journal,2019,09,27,44,0,1,1
How a Push to Get Trump and Rouhani to Meet Unraveled,The Wall Street Journal,2019,09,27,44,0,1,1
North Happy to Ditch Reconstruction Blacks,The Wall Street Journal,2019,09,27,44,0,1,1
Suit Takes Aim at North Carolina Congressional District Lines,The Wall Street Journal,2019,09,27,44,0,1,1
The Two Minutes Hate Comes to New York’s Subway,The Wall Street Journal,2019,09,27,44,0,1,1
Fed’s Harker: Fed Should Hold Firm on Rates Right Now,The Wall Street Journal,2019,09,27,44,0,1,1
The Democrats Abandon Due Process at Their Peril,The Wall Street Journal,2019,09,27,44,0,1,1
The Nature Conservancy Isn’t Liberal,The Wall Street Journal,2019,09,27,44,0,1,1
Federal Judge Grants Platinum Partners Co-Founder New Trial,The Wall Street Journal,2019,09,27,44,0,1,1
‘Emily Dickinson’s Gardening Life’ Review: One Poet’s Flower Album,The Wall Street Journal,2019,09,27,44,0,1,1
Would Shakespeare Impeach Trump?,The Wall Street Journal,2019,09,27,44,0,1,1
What the Press Doesn’t Know About Ukraine,The Wall Street Journal,2019,09,27,44,0,1,1
Barclays Agrees to Pay $6.3 Million in Asian Hiring Case,The Wall Street Journal,2019,09,27,44,0,1,1
Justice Department Got Early Word of Concerns About Trump’s Ukraine Call,The Wall Street Journal,2019,09,27,44,0,1,1
Smoother IPO Sailing Ahead,The Wall Street Journal,2019,09,27,44,0,1,1
"Science Fiction: Strange Powers, Familiar Problems",The Wall Street Journal,2019,09,27,44,0,1,1
Rent the Runway Stops Accepting New Customers Amid Snafus,The Wall Street Journal,2019,09,27,44,0,1,1
China’s Treaty Test in Hong Kong,The Wall Street Journal,2019,09,27,44,0,1,1
States of Economic Comparison,The Wall Street Journal,2019,09,27,44,0,1,1
‘The Ride of a Lifetime’ Review: The Man Behind the Mouse,The Wall Street Journal,2019,09,27,44,0,1,1
Global Slowdown Spreads Across U.S. Economy,The Wall Street Journal,2019,09,27,44,0,1,1
How to Kill a Housing Market,The Wall Street Journal,2019,09,27,44,0,1,1
Book Review: Does the Book Have a Future?,The Wall Street Journal,2019,09,27,44,0,1,1
Luxury Retailer Barneys Receives Interest From Potential Buyers,The Wall Street Journal,2019,09,27,44,0,1,1
"Altria, Fannie Mae, Nike: Stocks That Defined the Week",The Wall Street Journal,2019,09,27,44,0,1,1
"SEC Charges Clean-Fuel Tech Company, Former Chief Exec With Bribery",The Wall Street Journal,2019,09,27,44,0,1,1
Chip Stocks Slump but Remain a Big Winner in 2019,The Wall Street Journal,2019,09,27,44,0,1,1
Facebook Deal Suggests Path Forward for Brain-Computer Tech,The Wall Street Journal,2019,09,27,44,0,1,1
‘Cabinets of Curiosities’ Review: The World in a Box,The Wall Street Journal,2019,09,27,44,0,1,1
"‘Believers’ Review: The Future, Not Secular",The Wall Street Journal,2019,09,27,44,0,1,1
‘Wilding’ Review: How to Let Grow,The Wall Street Journal,2019,09,27,44,0,1,1
Saudi Arabia Agrees to Partial Cease-Fire in War-Shattered Yemen,The Wall Street Journal,2019,09,27,44,0,1,1
Congressman Introduces Bill Requiring FASB to Study New Standards,The Wall Street Journal,2019,09,27,44,0,1,1
"Banks Stay Gloomy on Oil, Shrugging Off Attacks",The Wall Street Journal,2019,09,27,44,0,1,1
"‘Trick Mirror’ and ‘Make It Scream, Make It Burn’ Review: The Imperiled Self",The Wall Street Journal,2019,09,27,44,0,1,1
U.S. Government Bond Yields Down for Week,The Wall Street Journal,2019,09,27,44,0,1,1
Incoming Union Pacific CFO in Search of Additional Efficiencies at U.S. Railroad,The Wall Street Journal,2019,09,27,44,0,1,1
What We’re Reading This Fall,The Wall Street Journal,2019,09,27,44,0,1,1
Impeachment Inquiry Tests Focus of Biden and His 2020 Rivals,The Wall Street Journal,2019,09,27,44,0,1,1
"‘The Quebe Sisters,’ ‘Home’ by Billy Strings and ‘World Full of Blues’ by Rob Ickes & Trey Hensley Reviews: Americana Takes a More Instrument-Driven Turn",The Wall Street Journal,2019,10,07,45,0,1,1
"Southwest Airlines Pilots Union Sues Boeing, Alleging Lost Compensation",The Wall Street Journal,2019,10,07,45,0,1,1
New York City Lawmakers Look to Regulate Facial-Recognition Tools,The Wall Street Journal,2019,10,07,45,0,1,1
‘Fire in My Mouth’ by Julia Wolfe Review: Remembering and Enlivening Tragedy,The Wall Street Journal,2019,10,07,45,0,1,1
Musicians Seek Residual Payments From Streamed Programs,The Wall Street Journal,2019,10,07,45,0,1,1
NBA’s China Flap Highlights High-Wire Act for American Firms,The Wall Street Journal,2019,10,07,45,0,1,1
Nobel Prize in Medicine Awarded to U.S. and British Scientists,The Wall Street Journal,2019,10,07,45,0,1,1
Wild Swings in Repo Rates Raise Bond Market Liquidity Concerns,The Wall Street Journal,2019,10,07,45,0,1,1
Vaping Crisis Hits Cannabis Stocks,The Wall Street Journal,2019,10,07,45,0,1,1
Sears Wins Liquidation Plan Approval as Lengthy Bankruptcy Nears End,The Wall Street Journal,2019,10,07,45,0,1,1
"Pentagon, White House Budget Office Get Ukraine Subpoenas",The Wall Street Journal,2019,10,07,45,0,1,1
‘Slave Play’ Review: ‘Whitesplaining’ in the Bedroom,The Wall Street Journal,2019,10,07,45,0,1,1
Iraq Acts to End Deadly Response to Protests,The Wall Street Journal,2019,10,07,45,0,1,1
Bonobos Trims Jobs as Owner Walmart Seeks to Cut E-commerce Losses,The Wall Street Journal,2019,10,07,45,0,1,1
America Needs Dialogue With Moscow,The Wall Street Journal,2019,10,07,45,0,1,1
Appeals Court Stays Order That Trump Release Tax Returns,The Wall Street Journal,2019,10,07,45,0,1,1
"NBCUniversal Appoints Content Chief, New Boss for Streaming Service",The Wall Street Journal,2019,10,07,45,0,1,1
Trump’s Jacksonian Syria Withdrawal,The Wall Street Journal,2019,10,07,45,0,1,1
Cargill Executive Urges Resolution of U.S.-China Trade Dispute,The Wall Street Journal,2019,10,07,45,0,1,1
McConnell Urges Trump to Keep Syria Troops as Bipartisan Criticism Mounts,The Wall Street Journal,2019,10,07,45,0,1,1
U.S. Women’s Soccer Team Court Filings Show Pay for Top Players,The Wall Street Journal,2019,10,07,45,0,1,1
Oil Prices Inch Lower as Dollar Rises Ahead of Trade Talks,The Wall Street Journal,2019,10,07,45,0,1,1
‘Stalin and the Fate of Europe’ Review: As the Curtain Came Down,The Wall Street Journal,2019,10,07,45,0,1,1
The Supreme Court’s Sex Debate,The Wall Street Journal,2019,10,07,45,0,1,1
"Justice Ginsburg, a Woman Isn’t a ‘Demiboy’",The Wall Street Journal,2019,10,07,45,0,1,1
Samsung Preliminary Earnings Hint a Turnaround Is Near for Chips,The Wall Street Journal,2019,10,07,45,0,1,1
House Lawyers to Ask Sondland About Efforts to Sway Ukrainians,The Wall Street Journal,2019,10,07,45,0,1,1
Envoy Volker Steps Down as Head of McCain Institute,The Wall Street Journal,2019,10,07,45,0,1,1
Facebook Reaches Proposed Settlement in Video Measurement Lawsuit,The Wall Street Journal,2019,10,07,45,0,1,1
"For Kurds in Syria, a Conflict Renewed",The Wall Street Journal,2019,10,07,45,0,1,1
Notable & Quotable: When the NBA Talked Tough,The Wall Street Journal,2019,10,07,45,0,1,1
Trump’s Call to Leave Syria Draws Fire From GOP Allies,The Wall Street Journal,2019,10,07,45,0,1,1
"New York City Sees Uptick in Murders, Shootings",The Wall Street Journal,2019,10,07,45,0,1,1
Got Oxygen?,The Wall Street Journal,2019,10,07,45,0,1,1
Bond Yields Edge Away From 2019 Lows,The Wall Street Journal,2019,10,07,45,0,1,1
Biden in Search of an Argument,The Wall Street Journal,2019,10,07,45,0,1,1
U.S. Markets Farm Goods to Nations Beyond China,The Wall Street Journal,2019,10,07,45,0,1,1
Supreme Court Opens Term With Look at Effort to Bar Insanity Defense,The Wall Street Journal,2019,10,07,45,0,1,1
"Meat, Milk Producers Seek to Defend Supermarket Turf",The Wall Street Journal,2019,10,07,45,0,1,1
Impeaching Trump Voters,The Wall Street Journal,2019,10,07,45,0,1,1
"GE to Freeze Pensions for 20,000 Workers",The Wall Street Journal,2019,10,07,45,0,1,1
Group Nine to Acquire PopSugar in Latest Wave of Digital Media Tie-Ups,The Wall Street Journal,2019,10,07,45,0,1,1
With Friends Like the U.S.,The Wall Street Journal,2019,10,07,45,0,1,1
"Houston, We Have a China Problem",The Wall Street Journal,2019,10,07,45,0,1,1
Lou Gehrig in Autumn,The Wall Street Journal,2019,10,07,45,0,1,1
New York City Boosts Homeless Outreach After Four Men Are Killed,The Wall Street Journal,2019,10,07,45,0,1,1
Required Tip-Sharing Backed by Trump Administration,The Wall Street Journal,2019,10,07,45,0,1,1
Referendum Asks If New York City Voters Should Rank Candidates by Preference,The Wall Street Journal,2019,10,07,45,0,1,1
The FBI Is Lucky to Have William Barr,The Wall Street Journal,2019,10,07,45,0,1,1
U.S. Stocks Tick Lower as Investors Await Trade Developments,The Wall Street Journal,2019,10,07,45,0,1,1
Talks to Settle Opioid Lawsuits Intensify,The Wall Street Journal,2019,10,17,46,0,1,1
Turkey Agrees to Pause Military Operations in Northern Syria,The Wall Street Journal,2019,10,17,46,0,1,1
‘Dad’s Maybe Book’ Review: A Veteran of Life,The Wall Street Journal,2019,10,17,46,0,1,1
Litigation-Finance Firm Legalist Taps SoftBank Vision Fund Investment Director for CFO,The Wall Street Journal,2019,10,17,46,0,1,1
Hong Kong’s Spiritual Battle,The Wall Street Journal,2019,10,17,46,0,1,1
Five Things About the Brexit Deal,The Wall Street Journal,2019,10,17,46,0,1,1
Capra Could Cast Jimmy Stewart as Trump,The Wall Street Journal,2019,10,17,46,0,1,1
Rick Perry to Step Down as Energy Secretary,The Wall Street Journal,2019,10,17,46,0,1,1
Seward’s Folly: New York City Finally Is Filling a 1936 Work Order,The Wall Street Journal,2019,10,17,46,0,1,1
SEC Seeks Ideas For Improving Small-Stock Trading,The Wall Street Journal,2019,10,17,46,0,1,1
"John Bachmann, as Head of Edward Jones, Shunned Wall Street’s Fads",The Wall Street Journal,2019,10,17,46,0,1,1
"U.S., International Accounting Rule Makers Differ on Goodwill Amortization",The Wall Street Journal,2019,10,17,46,0,1,1
Exchange Rates Deal $22.56 Billion Blow to Companies’ Earnings,The Wall Street Journal,2019,10,17,46,0,1,1
Mulvaney Says Ukraine Aid Was Tied to Demand for DNC Server,The Wall Street Journal,2019,10,17,46,0,1,1
UAW Officials Vote to Extend Nationwide GM Strike,The Wall Street Journal,2019,10,17,46,0,1,1
Tax Myths of Warrenomics,The Wall Street Journal,2019,10,17,46,0,1,1
India Needs Harvard as Well as Hard Work,The Wall Street Journal,2019,10,17,46,0,1,1
GOP Senators Widen Divide With Trump on Syria,The Wall Street Journal,2019,10,17,46,0,1,1
Chicago Teachers Go on Strike,The Wall Street Journal,2019,10,17,46,0,1,1
"Vaping-Related Injury Cases Near 1,500, With 33 Deaths",The Wall Street Journal,2019,10,17,46,0,1,1
China Economic Growth Slows Even More in Third Quarter,The Wall Street Journal,2019,10,17,46,0,1,1
Honeywell Lowers Sales Outlook,The Wall Street Journal,2019,10,17,46,0,1,1
The Impeachment Needle May Soon Move,The Wall Street Journal,2019,10,17,46,0,1,1
When Is It Wise to Go to HR?,The Wall Street Journal,2019,10,17,46,0,1,1
Sondland Criticizes Trump Over Efforts to Pressure Ukraine,The Wall Street Journal,2019,10,17,46,0,1,1
"Hasenstab Built a Bond Franchise on Risky Bets. Now, He’s Piling Up Cash.",The Wall Street Journal,2019,10,17,46,0,1,1
How to Make Pelosi and Schumer Angry,The Wall Street Journal,2019,10,17,46,0,1,1
Trump’s Syria Exit Puts Yazidis in Peril,The Wall Street Journal,2019,10,17,46,0,1,1
IBM’s New Hat Doesn’t Cover Old Problems,The Wall Street Journal,2019,10,17,46,0,1,1
"U.K., EU Agree on Draft Brexit Deal, Paving Way for Vote",The Wall Street Journal,2019,10,17,46,0,1,1
‘Maleficent: Mistress of Evil’: Snoozing Beauty,The Wall Street Journal,2019,10,17,46,0,1,1
"‘Jojo Rabbit’: Friends, Imaginary and Hidden",The Wall Street Journal,2019,10,17,46,0,1,1
"Trading, Tax Benefit Lift Morgan Stanley Profit",The Wall Street Journal,2019,10,17,46,0,1,1
"CSX, Union Pacific Battle to Win Back Customers",The Wall Street Journal,2019,10,17,46,0,1,1
CBRE Scrutinized Over Effort to Win Client Tax Credits,The Wall Street Journal,2019,10,17,46,0,1,1
Catalonia Leader Pushes on Vote for Independence,The Wall Street Journal,2019,10,17,46,0,1,1
Factory Slowdown Hits Paint Maker PPG,The Wall Street Journal,2019,10,17,46,0,1,1
AT&T in Talks to Resolve Elliott Management’s Activist Campaign,The Wall Street Journal,2019,10,17,46,0,1,1
‘Desire’ Review: Creativity in Full Bloom,The Wall Street Journal,2019,10,17,46,0,1,1
Goldman Sachs vs. Morgan Stanley: What Price for Stability?,The Wall Street Journal,2019,10,17,46,0,1,1
Former Pimco Chief to Plead Guilty in College-Admissions Case,The Wall Street Journal,2019,10,17,46,0,1,1
Chicago Teachers Strike Again,The Wall Street Journal,2019,10,17,46,0,1,1
Legal Troubles at Exelon Weigh on Utilities Stocks,The Wall Street Journal,2019,10,17,46,0,1,1
How San Francisco Is Killing Its Restaurants,The Wall Street Journal,2019,10,17,46,0,1,1
Bud Brewer Accuses MillerCoors of Stealing Recipes,The Wall Street Journal,2019,10,17,46,0,1,1
Four Governors Team Up on Vaping and Pot Standards,The Wall Street Journal,2019,10,17,46,0,1,1
Congress to the Kurdish Rescue,The Wall Street Journal,2019,10,17,46,0,1,1
Businessmen Accused of Conspiring With Giuliani Associates Plead Not Guilty,The Wall Street Journal,2019,10,17,46,0,1,1
Saudi Aramco Delays Launch of World’s Largest IPO,The Wall Street Journal,2019,10,17,46,0,1,1
Landmark Plan to Replace Rikers Island Jail Is Approved,The Wall Street Journal,2019,10,17,46,0,1,1
"Terrorist Attacks Increase in Africa’s Sahel, U.S. Warns",The Wall Street Journal,2019,11,01,47,0,1,1
U.S. Freezes Military Aid to Lebanon,The Wall Street Journal,2019,11,01,47,0,1,1
California’s Hostile Constitutional Takeover,The Wall Street Journal,2019,11,01,47,0,1,1
More Good News for Workers,The Wall Street Journal,2019,11,01,47,0,1,1
RBG Deserves to Be Believed,The Wall Street Journal,2019,11,01,47,0,1,1
Nigel Farage’s Brexit Party Fires Election Warning at Boris Johnson,The Wall Street Journal,2019,11,01,47,0,1,1
Deadspin Resignations Threaten New Owner’s Turnaround,The Wall Street Journal,2019,11,01,47,0,1,1
Trump Floats Iowa as Venue for Signing U.S.-China Trade Pact,The Wall Street Journal,2019,11,01,47,0,1,1
Trump Will Tap Texas Doctor to Lead FDA,The Wall Street Journal,2019,11,01,47,0,1,1
California Governor Threatens State Takeover of PG&E,The Wall Street Journal,2019,11,01,47,0,1,1
Oil Rises on Strong Jobs Report,The Wall Street Journal,2019,11,01,47,0,1,1
Katie Hill Tries the Al Franken Defense,The Wall Street Journal,2019,11,01,47,0,1,1
New York Fed’s Williams Says Economy Is Strong,The Wall Street Journal,2019,11,01,47,0,1,1
The Impeachment Needle and Bipartisan Unsavoriness,The Wall Street Journal,2019,11,01,47,0,1,1
Most Farm Subsidies Go to Nutrition for the Poor,The Wall Street Journal,2019,11,01,47,0,1,1
Trump Administration Stops Enforcing Some Nondiscrimination Provisions in Federal Grants,The Wall Street Journal,2019,11,01,47,0,1,1
New Ford-UAW Contract Reflects Gains Won After Strike at GM,The Wall Street Journal,2019,11,01,47,0,1,1
Brazil Police Suspect Greek-Flagged Ship Was Source of Oil Spills,The Wall Street Journal,2019,11,01,47,0,1,1
"S&P 500, Nasdaq Close at New Highs",The Wall Street Journal,2019,11,01,47,0,1,1
America’s Miracle Medicines,The Wall Street Journal,2019,11,01,47,0,1,1
Warren’s Medicare for All Would Leave Mark on U.S. Economy,The Wall Street Journal,2019,11,01,47,0,1,1
"In Private and Public, Trump Leads Impeachment Response",The Wall Street Journal,2019,11,01,47,0,1,1
Recreational Runners Stand to Benefit the Most From the Nike Vaporfly,The Wall Street Journal,2019,11,01,47,0,1,1
"Google to Buy Fitbit, Amping Up Wearables Race",The Wall Street Journal,2019,11,01,47,0,1,1
U.S. Government Bond Yields Climb After Jobs Report Exceeds Expectations,The Wall Street Journal,2019,11,01,47,0,1,1
Grant and Lee’s Beards Never Saw Gas Masks,The Wall Street Journal,2019,11,01,47,0,1,1
Firefighters Battle New Blazes in Southern California,The Wall Street Journal,2019,11,01,47,0,1,1
Mergers Become a Possible Lifeline for Under-Pressure Car Industry,The Wall Street Journal,2019,11,01,47,0,1,1
Top Fed Officials Signal Comfort With Pause in Rate Cuts,The Wall Street Journal,2019,11,01,47,0,1,1
The Wrong Impeachers,The Wall Street Journal,2019,11,01,47,0,1,1
Kentucky Governor’s Race Tests Trump’s Re-Election Strategy,The Wall Street Journal,2019,11,01,47,0,1,1
Technical Issue Affected Capital One Accountholders,The Wall Street Journal,2019,11,01,47,0,1,1
Trump Administration Delays Rule Forcing Hospital-Cost Transparency,The Wall Street Journal,2019,11,01,47,0,1,1
Notable & Quotable: Little Free Libraries,The Wall Street Journal,2019,11,01,47,0,1,1
Collins Fundraises With Rival of Maine Shipbuilder,The Wall Street Journal,2019,11,01,47,0,1,1
"Barneys Flagship Store to Remain Open, But Not as Barneys",The Wall Street Journal,2019,11,01,47,0,1,1
Proxy Advisory Firm Sues SEC Over New Rules,The Wall Street Journal,2019,11,01,47,0,1,1
"Law Firm Sues CFTC for Documents Explaining Kraft, Mondelez Settlement",The Wall Street Journal,2019,11,01,47,0,1,1
Rick Perry Asked to Testify in Impeachment Inquiry,The Wall Street Journal,2019,11,01,47,0,1,1
High Court Weighs SEC Clawbacks,The Wall Street Journal,2019,11,01,47,0,1,1
Alzheimer’s Is Multiply Cruel and Isolating,The Wall Street Journal,2019,11,01,47,0,1,1
White House Expected to Ban Vape Flavors Except Tobacco and Menthol,The Wall Street Journal,2019,11,01,47,0,1,1
New York Fed Adds $104.583 Billion to Markets,The Wall Street Journal,2019,11,01,47,0,1,1
The Last Man of Letters,The Wall Street Journal,2019,11,01,47,0,1,1
U.S. Launches National Security Review of Video App TikTok,The Wall Street Journal,2019,11,01,47,0,1,1
"Recipe Behind Coca-Cola’s Milk Success: Less Sugar, More Protein",The Wall Street Journal,2019,11,01,47,0,1,1
"Facebook, Restaurant Brands, PG&E: Stocks That Defined the Week",The Wall Street Journal,2019,11,01,47,0,1,1
Jorge Masvidal Knocked a Guy Out in the Time It Took to Read This,The Wall Street Journal,2019,11,01,47,0,1,1
"Like Trump, Justin Trudeau ‘Lost the Popular Vote’",The Wall Street Journal,2019,11,01,47,0,1,1
Trump Names Chad Wolf to Be Acting Homeland Security Secretary,The Wall Street Journal,2019,11,01,47,0,1,1
Tencent Looks to Leverage Its Partnership With Nintendo in the U.S.,The Wall Street Journal,2019,11,10,48,0,1,1
Unloved Assets Join Market Rally in Latest Sign of Optimism,The Wall Street Journal,2019,11,10,48,0,1,1
Warren Is the WeWork Candidate,The Wall Street Journal,2019,11,10,48,0,1,1
Bolivian President Resigns After Re-Election Marred by Fraud Allegations,The Wall Street Journal,2019,11,10,48,0,1,1
Mayor Pete’s Latest Trillions,The Wall Street Journal,2019,11,10,48,0,1,1
What Was Tolerated Is Becoming Mandatory,The Wall Street Journal,2019,11,10,48,0,1,1
Louisiana: The Trial-Lawyer State,The Wall Street Journal,2019,11,10,48,0,1,1
How a Former Twitter Employee Became an Accused Saudi Spy,The Wall Street Journal,2019,11,10,48,0,1,1
The Quantum Computing Threat to American Security,The Wall Street Journal,2019,11,10,48,0,1,1
Nonwitnesses for Impeachment,The Wall Street Journal,2019,11,10,48,0,1,1
Mexico Loses Its Sovereignty to Cartels,The Wall Street Journal,2019,11,10,48,0,1,1
The Good News About 5G Security,The Wall Street Journal,2019,11,10,48,0,1,1
Spain’s Socialists Fall Short of Majority as Right-Wing Surges,The Wall Street Journal,2019,11,10,48,0,1,1
What We Can Learn From Oscar the Grouch,The Wall Street Journal,2019,11,10,48,0,1,1
President’s Eldest Son Relishing His Part in 2020 Campaign,The Wall Street Journal,2019,11,10,48,0,1,1
"Mexico, U.S. Must Cooperate to End Violence",The Wall Street Journal,2019,11,10,48,0,1,1
Refugees Are Still Living The All-American Dream,The Wall Street Journal,2019,11,10,48,0,1,1
"Economy Week Ahead: German Recession Watch, U.S. Retail Sales, Powell Talks to Congress",The Wall Street Journal,2019,11,10,48,0,1,1
Man Dies After Stabbing in New York Homeless Shelter,The Wall Street Journal,2019,11,10,48,0,1,1
Kicking and Sparring Bring This Family Together,The Wall Street Journal,2019,11,10,48,0,1,1
Farmers Turn to High-Interest Loans as Banks Pull Back,The Wall Street Journal,2019,11,10,48,0,1,1
WeWork Drew SEC Scrutiny Just Before It Scrapped IPO,The Wall Street Journal,2019,11,10,48,0,1,1
LSU Triumphs in Game of the Century: Part II,The Wall Street Journal,2019,11,10,48,0,1,1
U.S.-Mexico Border Arrests Fall in October,The Wall Street Journal,2019,11,10,48,0,1,1
"Bernard Tyson, Chairman and CEO of Kaiser Permanente, Dies at 60",The Wall Street Journal,2019,11,10,48,0,1,1
$100 Million for a Painting? Not This Auction Week,The Wall Street Journal,2019,11,10,48,0,1,1
Midtown Manhattan Braces for MTA’s Massive 20-Year Construction Job,The Wall Street Journal,2019,11,10,48,0,1,1
Jewish Settlements Go Mainstream in Israel,The Wall Street Journal,2019,11,10,48,0,1,1
The Proxy Protection Racket,The Wall Street Journal,2019,11,10,48,0,1,1
Boeing Seeks Blessing to Deliver 737 MAX as FAA Reviews Pilot Training,The Wall Street Journal,2019,11,10,48,0,1,1
Aramco’s Big Profit Slide Shows Scale of Risk Ahead of IPO,The Wall Street Journal,2019,11,10,48,0,1,1
Biden’s Plan for Health is Already a Failure,The Wall Street Journal,2019,11,10,48,0,1,1
Rising Yields Quiet Bond Market’s Key Recession Alarm,The Wall Street Journal,2019,11,10,48,0,1,1
"The Iron Curtain Is Gone, but Europe’s East and West Are Again Divided",The Wall Street Journal,2019,11,10,48,0,1,1
Southern Europe Stays Unstable,The Wall Street Journal,2019,11,10,48,0,1,1
"Blackouts, Wildfires Test California Gov. Newsom in His First Crisis",The Wall Street Journal,2019,11,10,48,0,1,1
Viacom and CBS Shake Up Executive Ranks Ahead of Combination,The Wall Street Journal,2019,11,10,48,0,1,1
Census Overhaul Seeks to Avoid Outing Individual Respondent Data,The Wall Street Journal,2019,11,10,48,0,1,1
Veterans Day Draws Trump and His New York Rivals,The Wall Street Journal,2019,11,10,48,0,1,1
Make Pluto Great Again,The Wall Street Journal,2019,11,10,48,0,1,1
GOP Divided on Defense of Trump Over Ukraine,The Wall Street Journal,2019,11,10,48,0,1,1
Supreme Court to Consider Futures of Thousands of DACA ‘Dreamers’,The Wall Street Journal,2019,11,10,48,0,1,1
What We Know About Vaping-Related Lung Illness,The Wall Street Journal,2019,11,10,48,0,1,1
Cold Welcome for Veterans on Campus,The Wall Street Journal,2019,11,10,48,0,1,1
India’s Divided Economy—and a Manufacturing Slump—Slow Its Rise,The Wall Street Journal,2019,11,10,48,0,1,1
Liverpool Routs City to Seize Control of Premier League Title Race,The Wall Street Journal,2019,11,10,48,0,1,1
‘The Force’ Review: Extraordinary Irregulars,The Wall Street Journal,2019,11,10,48,0,1,1
U.S. Oil’s Growth Challenges Investors,The Wall Street Journal,2019,11,10,48,0,1,1
"Welcome to China. You Probably Can’t Buy Anything, Though.",The Wall Street Journal,2019,11,10,48,0,1,1
Elizabeth Warren Seeks to Win Over Black Voters,The Wall Street Journal,2019,11,10,48,0,1,1
Beck’s ‘Hyperspace’ Review: A Musical Trip Down a Desolation Road,The Wall Street Journal,2019,11,20,49,0,1,1
Five Moments That Mattered in Gordon Sondland’s Testimony,The Wall Street Journal,2019,11,20,49,0,1,1
Oil Rallies as Stockpiles Rise Less Than Expected,The Wall Street Journal,2019,11,20,49,0,1,1
Foreign Bribery Leniency Program Gets Minor Adjustment,The Wall Street Journal,2019,11,20,49,0,1,1
The Campaign Data Arms Race,The Wall Street Journal,2019,11,20,49,0,1,1
PayPal to Buy Honey Science for $4 Billion,The Wall Street Journal,2019,11,20,49,0,1,1
Sondland Says He Pursued Ukraine Probes at ‘Express Direction’ of Trump,The Wall Street Journal,2019,11,20,49,0,1,1
"In Bolivia, Violence Surges as Political Crisis Mounts",The Wall Street Journal,2019,11,20,49,0,1,1
Warren’s ‘2 Cents’ Will Prove Costly for All,The Wall Street Journal,2019,11,20,49,0,1,1
Dayton Gunman’s Friend Pleads Guilty to Unrelated Firearm Charges,The Wall Street Journal,2019,11,20,49,0,1,1
Israel Faces New Vote Prospect After Coalition Talks Fail,The Wall Street Journal,2019,11,20,49,0,1,1
House Passes Bill Supporting Hong Kong Protesters,The Wall Street Journal,2019,11,20,49,0,1,1
General Motors Files Racketeering Lawsuit Against Fiat Chrysler,The Wall Street Journal,2019,11,20,49,0,1,1
"Colombia Girds for Mass Protests, With an Eye Toward Chile’s Instability",The Wall Street Journal,2019,11,20,49,0,1,1
Blackouts Return to Northern California,The Wall Street Journal,2019,11,20,49,0,1,1
"‘The Inheritance’ Review: Show, Tell and Repeat",The Wall Street Journal,2019,11,20,49,0,1,1
GW Bridge Bus Station Contractor Wants Lease Auction Nixed,The Wall Street Journal,2019,11,20,49,0,1,1
"As New York Faces Big Medicaid Cost Overruns, Cuomo Stays Mum",The Wall Street Journal,2019,11,20,49,0,1,1
Union Labor’s Profanity Protection,The Wall Street Journal,2019,11,20,49,0,1,1
Why Hong Kong Resists,The Wall Street Journal,2019,11,20,49,0,1,1
How to Answer Chinese Atrocities in Xinjiang,The Wall Street Journal,2019,11,20,49,0,1,1
U.S. Grants Some Exceptions to Huawei Blacklist,The Wall Street Journal,2019,11,20,49,0,1,1
Federal Watchdog Confirms FAA Facility’s Air Traffic Hazards,The Wall Street Journal,2019,11,20,49,0,1,1
Brazil to Ask Rich Countries to Help Pay for Amazon Protection,The Wall Street Journal,2019,11,20,49,0,1,1
Target Extends Its Sales Streak,The Wall Street Journal,2019,11,20,49,0,1,1
U.S. Defense Chief Says Ligado Spectrum Plan Would Degrade GPS,The Wall Street Journal,2019,11,20,49,0,1,1
"Fed Officials Cut Rates Last Month Amid Worries on Trade, Growth",The Wall Street Journal,2019,11,20,49,0,1,1
Canadian National Railway Seeks Arbitrator to End Strike,The Wall Street Journal,2019,11,20,49,0,1,1
UAW President Steps Down,The Wall Street Journal,2019,11,20,49,0,1,1
What’s Your Degree Worth?,The Wall Street Journal,2019,11,20,49,0,1,1
Ex-CEO of Brazilian Petrochemical Giant Braskem Is Arrested,The Wall Street Journal,2019,11,20,49,0,1,1
"Senators Try, Try Again to Fix Pension Funds",The Wall Street Journal,2019,11,20,49,0,1,1
Arabs Against Boycotting Israel,The Wall Street Journal,2019,11,20,49,0,1,1
Trudeau Turns to Trade-Deal Lieutenant to Quell Tension Over Energy,The Wall Street Journal,2019,11,20,49,0,1,1
Many Teachers Can Get Help Buying Houses,The Wall Street Journal,2019,11,20,49,0,1,1
Google to Restrict Political Ad Targeting on Its Platforms,The Wall Street Journal,2019,11,20,49,0,1,1
Maloney Elected House Oversight Panel Chairwoman,The Wall Street Journal,2019,11,20,49,0,1,1
UPS to Use Sensors That Can Track Medical Packages at All Times,The Wall Street Journal,2019,11,20,49,0,1,1
Schools Entrepreneur Still Owes $5.8 Million to Avenues,The Wall Street Journal,2019,11,20,49,0,1,1
Forget the War on Christmas. Here’s the War with Billionaires.,The Wall Street Journal,2019,11,20,49,0,1,1
"Iran Says It Has Contained Protests, but Tensions Persist",The Wall Street Journal,2019,11,20,49,0,1,1
Trucker’s Recovery Under Elliott Management Takes the Long Road,The Wall Street Journal,2019,11,20,49,0,1,1
Photos: Democratic Presidential Hopefuls Debate,The Wall Street Journal,2019,11,20,49,0,1,1
We Have the NATO Most Europeans Wanted,The Wall Street Journal,2019,11,20,49,0,1,1
Progressives Ambush the Salvation Army,The Wall Street Journal,2019,11,20,49,0,1,1
PayPal’s Latest Deal Could Yield a Bonanza for Small Investors,The Wall Street Journal,2019,11,20,49,0,1,1
The Impeachment Kangaroo,The Wall Street Journal,2019,11,20,49,0,1,1
Sondland’s Unimpeachable Offenses,The Wall Street Journal,2019,11,20,49,0,1,1
FedEx Delivers Billions to the Taxman,The Wall Street Journal,2019,11,20,49,0,1,1
‘Oblivion or Glory’ Review: Churchill the Deal Maker,The Wall Street Journal,2019,11,20,49,0,1,1
"Two Die in Shooting Outside Bar in Kansas City, Mo.",The Wall Street Journal,2020,01,20,50,1,1,1
"French Transport Strike Fizzles, in Boost for Macron",The Wall Street Journal,2020,01,20,50,1,1,1
"Moody’s Downgrades Protest-Torn Hong Kong, Citing Weak Government",The Wall Street Journal,2020,01,20,50,1,1,1
"France, U.S. Agree to Tech-Tax Truce",The Wall Street Journal,2020,01,20,50,1,1,1
Embraer Ties New Turboprop Aircraft to Boeing Deal,The Wall Street Journal,2020,01,20,50,1,1,1
Wilmington’s Lie and Loss Of Black Representatives,The Wall Street Journal,2020,01,20,50,1,1,1
Surge in Mercenaries Threatens Attempt to Stop War in Libya,The Wall Street Journal,2020,01,20,50,1,1,1
All Aboard the Crazy Train,The Wall Street Journal,2020,01,20,50,1,1,1
White House Calls Impeachment Charges Frivolous Ahead of Trial,The Wall Street Journal,2020,01,20,50,1,1,1
Celebrate the Citizens United Decade,The Wall Street Journal,2020,01,20,50,1,1,1
‘Slave Play’ Producers Say They Diversified Broadway Audience,The Wall Street Journal,2020,01,20,50,1,1,1
The State of Trump’s Union,The Wall Street Journal,2020,01,20,50,1,1,1
Thousands of Pro-Gun Advocates  Rally in Virginia,The Wall Street Journal,2020,01,20,50,1,1,1
‘Dolittle’ Stumbles as ‘Bad Boys’ Scores Big at Box Office,The Wall Street Journal,2020,01,20,50,1,1,1
Bank of Canada to Leave Key Interest Rate Unchanged This Week: Survey,The Wall Street Journal,2020,01,20,50,1,1,1
Repeal and Replace the War Powers Resolution,The Wall Street Journal,2020,01,20,50,1,1,1
The Last Gasp of James G. Blaine?,The Wall Street Journal,2020,01,20,50,1,1,1
"Receding Risks, Stronger Growth",The Wall Street Journal,2020,01,20,50,1,1,1
The Investor Clash Behind Tesla’s Surge Toward $100 Billion in Market Value,The Wall Street Journal,2020,01,20,50,1,1,1
European Regulators Target Big Tech Companies,The Wall Street Journal,2020,01,20,50,1,1,1
Norwegian Government Loses Key Coalition Partner After Islamic State-Linked Repatriation,The Wall Street Journal,2020,01,20,50,1,1,1
How Legal Weed Shops Feed the Vaping Crisis,The Wall Street Journal,2020,01,20,50,1,1,1
Did the Tariffs Do the Job and Do It Well?,The Wall Street Journal,2020,01,20,50,1,1,1
"As Primary Voting Nears, Biden Has Strong Support From Black Democrats",The Wall Street Journal,2020,01,20,50,1,1,1
The Great U.S.-China Tech Divide,The Wall Street Journal,2020,01,20,50,1,1,1
How International Auditing Rules Are Shaping Standards in the U.S.,The Wall Street Journal,2020,01,20,50,1,1,1
Schools Took Away Students’ Phones. Now They’re Treating Separation Anxiety,The Wall Street Journal,2020,01,20,50,1,1,1
Davos’s Creator Still Believes the Conference Can Bridge Divides,The Wall Street Journal,2020,01,20,50,1,1,1
Uber Sells Indian Food-Delivery Unit to Rival Zomato,The Wall Street Journal,2020,01,20,50,1,1,1
Pelosi Knows Impeachment Is Weak,The Wall Street Journal,2020,01,20,50,1,1,1
‘It’s Like I Got Kicked Out of My Family.’ Churches Struggle With Mental Health in the Ranks.,The Wall Street Journal,2020,01,20,50,1,1,1
Coronavirus Spreads Across China as Confirmed Cases Triple,The Wall Street Journal,2020,01,20,50,1,1,1
European Stocks Tick Lower on Fresh Strain to U.K. Ties,The Wall Street Journal,2020,01,20,50,1,1,1
How Many Tariff Studies Are Enough?,The Wall Street Journal,2020,01,20,50,1,1,1
The Hottest Player in College Basketball Is Named Sabrina,The Wall Street Journal,2020,01,20,50,1,1,1
Italian Senate Committee Votes to Strip Salvini of Immunity,The Wall Street Journal,2020,01,20,50,1,1,1
What Has Happened Since House Vote to Impeach,The Wall Street Journal,2020,01,20,50,1,1,1
The Last Straw? China Tries to Trash Single-Use Plastic,The Wall Street Journal,2020,01,20,50,1,1,1
"‘Capitalism, Alone’ Review: Inclined Toward Inequality",The Wall Street Journal,2020,01,20,50,1,1,1
NATO and Other Alliances Face Unprecedented Strains,The Wall Street Journal,2020,01,20,50,1,1,1
"Pompeo Meets Venezuela’s Juan Guaidó, Vows Continued U.S. Support",The Wall Street Journal,2020,01,20,50,1,1,1
Huawei Executive’s Extradition Hearing in Canada Begins,The Wall Street Journal,2020,01,20,50,1,1,1
Tensions Rise at Mexico’s Border With Guatemala,The Wall Street Journal,2020,01,20,50,1,1,1
U.S. to Maintain Pressure on Iran as Tensions Cool,The Wall Street Journal,2020,01,20,50,1,1,1
BAE Systems to Buy Military GPS Business From United Technologies for $1.93 Billion,The Wall Street Journal,2020,01,20,50,1,1,1
Bernie’s Delicate Dance on Israel,The Wall Street Journal,2020,01,20,50,1,1,1
Lieberman Is Almost Alone as National Defense Democrat,The Wall Street Journal,2020,01,20,50,1,1,1
Photos: A Day of Service to Honor Martin Luther King Jr.,The Wall Street Journal,2020,01,20,50,1,1,1
Coronavirus Prompts Change of Plan for Chinese Holiday: Stay Home,The Wall Street Journal,2020,01,20,50,1,1,1
Biden’s Social Security Heresy,The Wall Street Journal,2020,01,20,50,1,1,1
Liberal Faculty Endorse Testing,The Wall Street Journal,2020,02,11,51,1,1,1
Work Stoppages Reach Highest Level in Nearly Two Decades,The Wall Street Journal,2020,02,11,51,1,1,1
Deal Math Just Got a Lot More Complicated,The Wall Street Journal,2020,02,11,51,1,1,1
Sudan Agrees in Principle to Extradite Ex-Leader Bashir for Prosecution,The Wall Street Journal,2020,02,11,51,1,1,1
Tesla Pulls Up Lithium Producer Stocks,The Wall Street Journal,2020,02,11,51,1,1,1
S&P 500 Edges Higher on Optimism About Coronavirus Containment,The Wall Street Journal,2020,02,11,51,1,1,1
Notable & Quotable: ‘National Conservatism’,The Wall Street Journal,2020,02,11,51,1,1,1
Under Armour Says Sales Will Fall in 2020,The Wall Street Journal,2020,02,11,51,1,1,1
A Decade of Wireless Change in Charts,The Wall Street Journal,2020,02,11,51,1,1,1
Small-Cap Health Stocks Stand Out in 2020,The Wall Street Journal,2020,02,11,51,1,1,1
Lyft’s Net Loss Widens as It Focuses on Profitable Growth,The Wall Street Journal,2020,02,11,51,1,1,1
‘Parasite’ Backer CJ Entertainment Invests in Hollywood Producer,The Wall Street Journal,2020,02,11,51,1,1,1
Puerto Rico Bank to Pay $1 Million to Resolve Investigation Related to PdVSA Transactions,The Wall Street Journal,2020,02,11,51,1,1,1
O’Brien Says Vindman Removal Wasn’t Retaliation,The Wall Street Journal,2020,02,11,51,1,1,1
"Undergrad’s Father Lured Classmates into Cultlike Group, Authorities Say",The Wall Street Journal,2020,02,11,51,1,1,1
Alan Dershowitz Accuses David Boies of Extortion in Defamation Suit,The Wall Street Journal,2020,02,11,51,1,1,1
"Bumper Stickers, Quizzes, Last- Minute Campaign Stops Guide New Hampshire Voters Heading to Polls",The Wall Street Journal,2020,02,11,51,1,1,1
Bed Bath & Beyond Warns on Holiday Sales,The Wall Street Journal,2020,02,11,51,1,1,1
What Do Young Voters See in Bernie Sanders?,The Wall Street Journal,2020,02,11,51,1,1,1
Actor Jussie Smollett Indicted on Charges of Faking Hate Crime,The Wall Street Journal,2020,02,11,51,1,1,1
‘Chanel’s Riviera’ Review: It Takes a Villa,The Wall Street Journal,2020,02,11,51,1,1,1
Bloomberg Reiterates Regret Over Stop-and-Frisk Practice,The Wall Street Journal,2020,02,11,51,1,1,1
Michael Bennet Drops Out of Democratic Presidential Race,The Wall Street Journal,2020,02,11,51,1,1,1
Trump’s Smart Play for African-Americans,The Wall Street Journal,2020,02,11,51,1,1,1
Fed Watching Risks of Broader Coronavirus Disruptions,The Wall Street Journal,2020,02,11,51,1,1,1
"T-Mobile, Sprint Deal Wins Approval, Reshaping Industry",The Wall Street Journal,2020,02,11,51,1,1,1
Prosecutors Quit Stone Case After DOJ Seeks Less Prison Time,The Wall Street Journal,2020,02,11,51,1,1,1
Canadian National Railway Threatens to Shut Down Corridors Blocked by Protests,The Wall Street Journal,2020,02,11,51,1,1,1
"Gig Workers Are Small Part of New York’s Low-Paid Workforce, Study Finds",The Wall Street Journal,2020,02,11,51,1,1,1
Not Even Socialists Believe in Socialism Anymore,The Wall Street Journal,2020,02,11,51,1,1,1
The Promise of the Trump Peace Plan,The Wall Street Journal,2020,02,11,51,1,1,1
U.S. Treasury Yields End Three-Day Slide,The Wall Street Journal,2020,02,11,51,1,1,1
FTC Expands Antitrust Investigation Into Big Tech,The Wall Street Journal,2020,02,11,51,1,1,1
New Yorkers Are Getting a Hard Seltzer Festival,The Wall Street Journal,2020,02,11,51,1,1,1
Virginia House Passes Assault-Weapon Ban,The Wall Street Journal,2020,02,11,51,1,1,1
‘And It’s Still Alright’ by Nathaniel Rateliff Review: A Digest of Endurance,The Wall Street Journal,2020,02,11,51,1,1,1
Woman Is First Wuhan Evacuee to Test Positive for Coronavirus,The Wall Street Journal,2020,02,11,51,1,1,1
FAA Says It Failed to Properly Oversee Safety at Southwest Airlines,The Wall Street Journal,2020,02,11,51,1,1,1
"Democrats, Don’t Hit the Panic Button",The Wall Street Journal,2020,02,11,51,1,1,1
Trump’s Antitrust Officials Get Win With T-Mobile Verdict,The Wall Street Journal,2020,02,11,51,1,1,1
DOJ Nears Decision on Whether to Charge Blackwater Founder Prince,The Wall Street Journal,2020,02,11,51,1,1,1
Opposition Leader Juan Guaidó Returns to Venezuela,The Wall Street Journal,2020,02,11,51,1,1,1
CoStar to Buy Apartment Search Firm RentPath for $588 Million,The Wall Street Journal,2020,02,11,51,1,1,1
Coronavirus Needs a Free Press,The Wall Street Journal,2020,02,11,51,1,1,1
New York City Could Seize Cars of Drivers Racking Up Tickets,The Wall Street Journal,2020,02,11,51,1,1,1
The Sanders Plurality,The Wall Street Journal,2020,02,11,51,1,1,1
América Móvil Profit Jumps in Fourth Quarter,The Wall Street Journal,2020,02,11,51,1,1,1
Rocky Bankruptcy Debut for Company Tied to Fatal Blast at Houston Plant,The Wall Street Journal,2020,02,11,51,1,1,1
Samsung Unveils New Lineup of Smartphones,The Wall Street Journal,2020,02,11,51,1,1,1
Michael Bloomberg’s ‘Racism’,The Wall Street Journal,2020,02,11,51,1,1,1
Carmelo Anthony Looks to Score $12.85 Million for New York Condo,The Wall Street Journal,2020,02,14,52,1,1,1
Avenatti Found Guilty in Extortion Case,The Wall Street Journal,2020,02,14,52,1,1,1
Fear and Boredom Aboard the Quarantined Coronavirus Cruise Ship,The Wall Street Journal,2020,02,14,52,1,1,1
Canada Seeks Talks to End Rail Blockades,The Wall Street Journal,2020,02,14,52,1,1,1
"In Wuhan, China’s Virus Outbreak Overwhelms Residential Committees",The Wall Street Journal,2020,02,14,52,1,1,1
"U.S. Pension Insurer Scrutinizing Deals Between McClatchy, Hedge Fund",The Wall Street Journal,2020,02,14,52,1,1,1
A Red Preoccupation With Blue Pictures,The Wall Street Journal,2020,02,14,52,1,1,1
Citigroup Keeps CEO’s Pay at $24 Million,The Wall Street Journal,2020,02,14,52,1,1,1
Trump Administration to Deploy Enforcement Personnel to Sanctuary Cities,The Wall Street Journal,2020,02,14,52,1,1,1
Inside Opus,The Wall Street Journal,2020,02,14,52,1,1,1
Payments Tech Provider Toast Raises $400 Million at $4.9 Billion Valuation,The Wall Street Journal,2020,02,14,52,1,1,1
The All-Star NBA Agent Who Is Almost as Young as His Clients,The Wall Street Journal,2020,02,14,52,1,1,1
Google Cuts Jobs at Cloud-Computing Group,The Wall Street Journal,2020,02,14,52,1,1,1
"RBS Pledges End to Coal Funding, Stricter Oil Rules",The Wall Street Journal,2020,02,14,52,1,1,1
Kraft Bonds Tumble After Downgrades to Junk Rating,The Wall Street Journal,2020,02,14,52,1,1,1
"Carnival, T-Mobile, Barclays: Stocks That Defined the Week",The Wall Street Journal,2020,02,14,52,1,1,1
WHO Says It Hasn’t Advised About Altering Olympics Due to Virus,The Wall Street Journal,2020,02,14,52,1,1,1
‘Congress at War’ and ‘When It Was Grand’ Review: The Great Emancipators,The Wall Street Journal,2020,02,14,52,1,1,1
Lender Grabs Ownership of Beverly Hills Spec Home Once Listed for $100 Million,The Wall Street Journal,2020,02,14,52,1,1,1
Pentagon Shifts Stance on Sales to Huawei,The Wall Street Journal,2020,02,14,52,1,1,1
States Spurn Drug Industry’s Opioid-Settlement Offer,The Wall Street Journal,2020,02,14,52,1,1,1
Truth in Constitutional Amending,The Wall Street Journal,2020,02,14,52,1,1,1
The Agony of the Democrats,The Wall Street Journal,2020,02,14,52,1,1,1
Bloomberg Buys the Democratic Elite,The Wall Street Journal,2020,02,14,52,1,1,1
New Developments Feed Debate on Justice Department Independence,The Wall Street Journal,2020,02,14,52,1,1,1
Weinstein Called ‘Abusive Rapist’ in Prosecutors’ Closing Argument,The Wall Street Journal,2020,02,14,52,1,1,1
"Stanley Cohen, Nobel Winner, Identified Agents Spurring Growth of Cells",The Wall Street Journal,2020,02,14,52,1,1,1
Rise in China Coronavirus Infections Raises Concerns,The Wall Street Journal,2020,02,14,52,1,1,1
Mississippi Capital Prepares for Flooding,The Wall Street Journal,2020,02,14,52,1,1,1
"Vindman, Who Drew Trump’s Ire, Won’t Face Disciplinary Action",The Wall Street Journal,2020,02,14,52,1,1,1
Google in Talks to Pay Publishers for News,The Wall Street Journal,2020,02,14,52,1,1,1
U.S. Stocks Post Weekly Gains,The Wall Street Journal,2020,02,14,52,1,1,1
"SEC Seeks to Improve Speed, Quality of Stock Data Available to Public",The Wall Street Journal,2020,02,14,52,1,1,1
Trump Administration to Raise Tariffs on EU Aircraft,The Wall Street Journal,2020,02,14,52,1,1,1
How Iowa and New Hampshire Have Reshaped Democratic Race,The Wall Street Journal,2020,02,14,52,1,1,1
We’re From the Government and We’re Here to Build a Bike Path,The Wall Street Journal,2020,02,14,52,1,1,1
"Sprint Sizzles, Airbnb Disappoints and Earnings Season Drags On",The Wall Street Journal,2020,02,14,52,1,1,1
Markets Hover Near Records Despite Growing Coronavirus Outbreak,The Wall Street Journal,2020,02,14,52,1,1,1
George Washington’s Birthday and the Battle for History,The Wall Street Journal,2020,02,14,52,1,1,1
States Look to Fill Funding Gaps for Clinics Providing Abortions,The Wall Street Journal,2020,02,14,52,1,1,1
Mercurial and Moody in Manila,The Wall Street Journal,2020,02,14,52,1,1,1
"New York City Councilman, Suspended Last Fall, Faces New Accusations",The Wall Street Journal,2020,02,14,52,1,1,1
South Bend’s ‘Beta’ Test for Mayor Pete,The Wall Street Journal,2020,02,14,52,1,1,1
"Donald Trump, Mastermind",The Wall Street Journal,2020,02,14,52,1,1,1
‘Citizen Reporters’ Review: The Cyclone and the Trust Buster,The Wall Street Journal,2020,02,14,52,1,1,1
"In Brazil, President Fills Inner Circle With Fellow Military Men",The Wall Street Journal,2020,02,14,52,1,1,1
Airline Group’s Offices Raided by Colombian Prosecutors,The Wall Street Journal,2020,02,14,52,1,1,1
History Through a Poet’s Eyes,The Wall Street Journal,2020,02,14,52,1,1,1
‘Counterpoint’ Review: Variations on a Theme,The Wall Street Journal,2020,02,14,52,1,1,1
Former Newsweek Executive Pleads Guilty to Fraud,The Wall Street Journal,2020,02,14,52,1,1,1
Esports Leagues Want Gamers to Root for the Home Team,The Wall Street Journal,2020,02,15,53,1,1,1
Connecticut Lawmakers Brace for Public Hearing on Vaccination Bill,The Wall Street Journal,2020,02,15,53,1,1,1
Medicaid Standoff: Trump Plan to Tighten Oversight of States Draws Objections,The Wall Street Journal,2020,02,15,53,1,1,1
The Winners and Losers of London’s Winter Art Auctions,The Wall Street Journal,2020,02,15,53,1,1,1
"Rise of Sanders, Trump Shows Decline in Party Power",The Wall Street Journal,2020,02,15,53,1,1,1
Pepper...and Salt,The Wall Street Journal,2020,02,15,53,1,1,1
"Kashmir, in Lockdown Limbo, Bristles at Delhi’s Political Solution",The Wall Street Journal,2020,02,15,53,1,1,1
This Anti-CEO’s Mission Impossible: Use Capitalism to Kill Meat,The Wall Street Journal,2020,02,15,53,1,1,1
The Battle for Chewing Tobacco’s Modern Cousin,The Wall Street Journal,2020,02,15,53,1,1,1
"Bloomberg Campaign Ad Touts Relationship With Obama, Despite Complicated History",The Wall Street Journal,2020,02,15,53,1,1,1
‘Proof: Photography in the Era of the Contact Sheet’ Review: Mistakes and Masterpieces,The Wall Street Journal,2020,02,15,53,1,1,1
China Defends Virus Measures as France Reports First Death,The Wall Street Journal,2020,02,15,53,1,1,1
Looking Back at Dresden,The Wall Street Journal,2020,02,15,53,1,1,1
The Astros Apologized for Cheating. Their Competitors Aren’t Satisfied.,The Wall Street Journal,2020,02,15,53,1,1,1
Motorola Razr vs. Samsung Galaxy Z Flip: The Flip Phone Is Back and It’s Not a Total Flop,The Wall Street Journal,2020,02,15,53,1,1,1
The Economics of Freezing Your Eggs,The Wall Street Journal,2020,02,15,53,1,1,1
"Selling Frozen Dumplings, Cutting Pay: Chinese Businesses Struggle to Survive Coronavirus",The Wall Street Journal,2020,02,15,53,1,1,1
Why You Might Need a Second Kitchen,The Wall Street Journal,2020,02,15,53,1,1,1
The Ride-Hail Utopia That Got Stuck in Traffic,The Wall Street Journal,2020,02,15,53,1,1,1
Dealerships Give Car Buyers Some Advice: Just Stop Paying Your Loan,The Wall Street Journal,2020,02,15,53,1,1,1
U.S. Seeks to Rally Wary Europeans Against China,The Wall Street Journal,2020,02,15,53,1,1,1
Some Democrats Have Momentum; Others Seek It,The Wall Street Journal,2020,02,15,53,1,1,1
The President’s Next Temptation,The Wall Street Journal,2020,02,15,53,1,1,1
Zuckerberg Pitches How Facebook Should Be Regulated Over Content,The Wall Street Journal,2020,02,15,53,1,1,1
"Bayer, BASF Ordered to Pay $265 Million in Weedkiller Crop-Damage Suit",The Wall Street Journal,2020,02,15,53,1,1,1
U.S. to Repatriate Some Americans From Coronavirus Cruise Ship,The Wall Street Journal,2020,02,15,53,1,1,1
Wyoming Makes a Case for Coal,The Wall Street Journal,2020,02,15,53,1,1,1
The Environmental Battle Over the Mexican Border Wall,The Wall Street Journal,2020,02,15,53,1,1,1
What the Bible Taught Lincoln About America,The Wall Street Journal,2020,02,15,53,1,1,1
Broadway Going Dark Could Mean Losses Above $100 Million,The Wall Street Journal,2020,03,12,54,1,1,1
"As Virus Spreads, Drugmakers Are On the Case",The Wall Street Journal,2020,03,12,54,1,1,1
U.S. Strikes Iran-Backed Militias in Iraq,The Wall Street Journal,2020,03,12,54,1,1,1
"Pelosi Says House, Trump Administration Near Coronavirus Pact",The Wall Street Journal,2020,03,12,54,1,1,1
"U.S. Soccer Federation President Resigns in Wake of Sponsor, Player Backlash",The Wall Street Journal,2020,03,12,54,1,1,1
Whitney MacMillan Transformed Cargill Into a Global Food Giant,The Wall Street Journal,2020,03,12,54,1,1,1
Joe Biden Offers His Own Plan for Coronavirus Response,The Wall Street Journal,2020,03,12,54,1,1,1
Broadcom Withdraws Annual Financial Guidance Over Coronavirus Uncertainty,The Wall Street Journal,2020,03,12,54,1,1,1
Bank of Canada to Expand Liquidity Operations,The Wall Street Journal,2020,03,12,54,1,1,1
The IRS Proves the Left’s Favorite Economists Wrong,The Wall Street Journal,2020,03,12,54,1,1,1
"Coronavirus Forces New Travel Curbs, Bans on Large Gatherings",The Wall Street Journal,2020,03,12,54,1,1,1
Facts (and Myths) About Boosting Your Immune System,The Wall Street Journal,2020,03,12,54,1,1,1
"Tri-State Officials Curb Public Gatherings, Sports Events, Broadway",The Wall Street Journal,2020,03,12,54,1,1,1
Companies Weigh Currency-Hedging Strategies Amid Coronavirus Market Turmoil,The Wall Street Journal,2020,03,12,54,1,1,1
Adam Schiff’s Surveillance State,The Wall Street Journal,2020,03,12,54,1,1,1
Disney to Close U.S. and Paris Resorts Temporarily,The Wall Street Journal,2020,03,12,54,1,1,1
The Fed’s Liquidity Cavalry,The Wall Street Journal,2020,03,12,54,1,1,1
U.S. Hospitals Face Major Challenges as Coronavirus Spreads,The Wall Street Journal,2020,03,12,54,1,1,1
Sports TV Networks Take a Hit as Major Leagues Suspend Operations Over Coronavirus,The Wall Street Journal,2020,03,12,54,1,1,1
How to Work From Home: A Checklist of the Essentials,The Wall Street Journal,2020,03,12,54,1,1,1
Princess Cruises Cancels All Voyages for Two Months,The Wall Street Journal,2020,03,12,54,1,1,1
"Working Remotely Requires Cultural Change, Executives Say",The Wall Street Journal,2020,03,12,54,1,1,1
Judge Orders Chelsea Manning Released From Jail,The Wall Street Journal,2020,03,12,54,1,1,1
Europe’s Viral Recession,The Wall Street Journal,2020,03,12,54,1,1,1
"How One Family Is Dealing With Life, Disrupted",The Wall Street Journal,2020,03,12,54,1,1,1
Niche Congregations Are No Gimmick,The Wall Street Journal,2020,03,12,54,1,1,1
The Coronavirus and Your Job: What the Boss Can—and Can’t—Make You Do,The Wall Street Journal,2020,03,12,54,1,1,1
Canadian Prime Minister Justin Trudeau’s Wife Tests Positive for Coronavirus,The Wall Street Journal,2020,03,12,54,1,1,1
Arsenal Manager Tests Positive for Novel Coronavirus,The Wall Street Journal,2020,03,12,54,1,1,1
New York City Subway Service Could Be Reduced Under Coronavirus,The Wall Street Journal,2020,03,12,54,1,1,1
Travel Tips to Protect Your Health and Handle Disruptions,The Wall Street Journal,2020,03,12,54,1,1,1
The Internet Can’t Save Us From Loneliness in Pandemic,The Wall Street Journal,2020,03,12,54,1,1,1
How to Keep Your Home Free of Coronavirus Germs,The Wall Street Journal,2020,03,12,54,1,1,1
"You Have Coronavirus Questions, We Have Answers",The Wall Street Journal,2020,03,12,54,1,1,1
Toys ‘R’ Us Creditor Trust Sues Former Owners Over Losses,The Wall Street Journal,2020,03,12,54,1,1,1
America’s Self-Shutdown,The Wall Street Journal,2020,03,12,54,1,1,1
New York City Pitches a New Way to Clean Up Its Trash,The Wall Street Journal,2020,03,12,54,1,1,1
Fans Were Barred From a Paris Saint Germain Game. They Showed Up Anyway.,The Wall Street Journal,2020,03,12,54,1,1,1
"Coronavirus Crisis Tests Trump, Divides White House",The Wall Street Journal,2020,03,12,54,1,1,1
Bernie’s Offer Sheet,The Wall Street Journal,2020,03,12,54,1,1,1
Supreme Court to Close to Public Indefinitely,The Wall Street Journal,2020,03,12,54,1,1,1
Slack Isn’t Zooming Yet,The Wall Street Journal,2020,03,12,54,1,1,1
‘Don’t Panic’ Is Rotten Advice,The Wall Street Journal,2020,03,12,54,1,1,1
Tech Companies See Mixed Impact From Coronavirus,The Wall Street Journal,2020,03,12,54,1,1,1
Mormon Church Cancels Services World-Wide Indefinitely,The Wall Street Journal,2020,03,12,54,1,1,1
Notable & Quotable: Sanders Has Already Won,The Wall Street Journal,2020,03,12,54,1,1,1
"Sports Shut Down, and March Is Suddenly Less Mad",The Wall Street Journal,2020,03,12,54,1,1,1
It May Not Be the Virus That Kills Me,The Wall Street Journal,2020,03,12,54,1,1,1
SoftBank Plans $4.8 Billion Buyback Following Pressure by Elliott,The Wall Street Journal,2020,03,12,54,1,1,1
‘The World Beneath Their Feet’ Review: Himalayan Heroes,The Wall Street Journal,2020,03,12,54,1,1,1
Georgia Postpones Primary Over Coronavirus Concerns,The Wall Street Journal,2020,03,14,55,1,1,1
Plans for Lunar Bases in Limbo as NASA Mulls Schedule Slip and Program Changes,The Wall Street Journal,2020,03,14,55,1,1,1
"Iraq Base Housing American Troops Hit by New Strike, Sustaining Tensions",The Wall Street Journal,2020,03,14,55,1,1,1
U.S. Suspends Truck-Driving Limits to Speed Coronavirus Shipments,The Wall Street Journal,2020,03,14,55,1,1,1
Nothing Could Deny Liverpool a Championship. Then Coronavirus Stopped Sports.,The Wall Street Journal,2020,03,14,55,1,1,1
Biden Wins Support of the National Education Association,The Wall Street Journal,2020,03,14,55,1,1,1
Morgan Stanley Capital Partners to Sell Vet Hospital Business,The Wall Street Journal,2020,03,14,55,1,1,1
Diary of a Crazy Week in the Markets,The Wall Street Journal,2020,03,14,55,1,1,1
What’s Quarantined Life Like? China’s Nationwide Hibernation Offers a Hint,The Wall Street Journal,2020,03,14,55,1,1,1
Silicon Valley Was First to Send Workers Home. It’s Been Messy.,The Wall Street Journal,2020,03,14,55,1,1,1
"Amid ‘Ghost Towns,’ Students Have Mixed Views About Virus Shutdowns",The Wall Street Journal,2020,03,14,55,1,1,1
House Passes Legislation to Combat Coronavirus,The Wall Street Journal,2020,03,14,55,1,1,1
The Flower Bulbs Gardeners Are Desperate to Buy,The Wall Street Journal,2020,03,14,55,1,1,1
What Nervous Investors Should Watch for Next,The Wall Street Journal,2020,03,14,55,1,1,1
Car-Crash Mystery: Why Can’t Drivers Figure Out Roundabouts?,The Wall Street Journal,2020,03,14,55,1,1,1
Pepper...and Salt,The Wall Street Journal,2020,03,14,55,1,1,1
Olympic Swimmers Search for a Place to Train,The Wall Street Journal,2020,03,14,55,1,1,1
Your 401(k) May Do a Bit Better This Time,The Wall Street Journal,2020,03,14,55,1,1,1
Covid-19 was a Leadership Test. It Came Back Negative.,The Wall Street Journal,2020,03,14,55,1,1,1
U.K. Looks to Slow Coronavirus a Different Way,The Wall Street Journal,2020,03,14,55,1,1,1
"Trump’s Coronavirus Risk Is Low Despite Potential Exposures, His Doctor Says",The Wall Street Journal,2020,03,14,55,1,1,1
Democrats Sharpen Criticism of Trump’s Health-Care Policy in Coronavirus Pandemic,The Wall Street Journal,2020,03,14,55,1,1,1
Trump Steps Up Criticism of Fed,The Wall Street Journal,2020,03,14,55,1,1,1
New York State Has First Coronavirus Deaths,The Wall Street Journal,2020,03,14,55,1,1,1
China’s Markets Still Aren’t Immune to the Coronavirus,The Wall Street Journal,2020,03,14,55,1,1,1
U.S. Expands Europe Travel Ban as Spain Locks Down,The Wall Street Journal,2020,03,14,55,1,1,1
Low-Wage Workers Struggle as Coronavirus Concerns Spread,The Wall Street Journal,2020,03,14,55,1,1,1
The Viruses That Shaped Our DNA,The Wall Street Journal,2020,03,14,55,1,1,1
"President Trump Tests Negative for Coronavirus, White House Says",The Wall Street Journal,2020,03,14,55,1,1,1
Our Market Reporters Answer Questions From People in Their Lives,The Wall Street Journal,2020,03,14,55,1,1,1
Coronavirus Forces Families to Rip Up Spring Travel Plans,The Wall Street Journal,2020,03,14,55,1,1,1
Who’s Most at Risk From the Virus,The Wall Street Journal,2020,03,14,55,1,1,1
U.S. Economic Outlook Hinges on Layoff Decisions,The Wall Street Journal,2020,03,14,55,1,1,1
Paris Mayoral Candidates Ditch the Usual Kiss on the Cheek as Coronavirus Spreads,The Wall Street Journal,2020,03,14,55,1,1,1
"Why Supercars Are Doing Away 
		
			
		
	With Windshields",The Wall Street Journal,2020,03,14,55,1,1,1
What to Watch in Sunday’s Democratic Presidential Debate,The Wall Street Journal,2020,03,14,55,1,1,1
Apple Closes All Its Stores Outside China Over Coronavirus,The Wall Street Journal,2020,03,14,55,1,1,1
Jane Sanders Vows to Push Progressive Ideas ‘No Matter Who Is Elected’,The Wall Street Journal,2020,03,14,55,1,1,1
"Biden, Coronavirus Produce a Week of Dramatic Changes",The Wall Street Journal,2020,03,14,55,1,1,1
"‘Rufus Porter’s Curious World: Art and Invention in America, 1815-1860’ Review: Products of a Failed Polymath",The Wall Street Journal,2020,03,14,55,1,1,1
What Happens to a Florida Cafe When Customers Stay Away,The Wall Street Journal,2020,03,14,55,1,1,1
Spain’s La Liga Soccer Division Goes Virtual Amid Coronavirus,The Wall Street Journal,2020,03,26,56,1,1,1
Facebook Nears Complete Board Overhaul With Latest Exit,The Wall Street Journal,2020,03,26,56,1,1,1
Lululemon Says Coronavirus Curbed Sales Growth in March,The Wall Street Journal,2020,03,26,56,1,1,1
Big Cruise-Ship Lines Won’t Get Aid in Stimulus Package,The Wall Street Journal,2020,03,26,56,1,1,1
Dow Rallies 6.4% After Stimulus Vote,The Wall Street Journal,2020,03,26,56,1,1,1
"U.S. to Take Stakes in Airlines in Exchange for Grants, Mnuchin Says",The Wall Street Journal,2020,03,26,56,1,1,1
‘Crip Camp: A Disability Revolution’: Summers Without Limits,The Wall Street Journal,2020,03,26,56,1,1,1
The Robert Levinson Abdication,The Wall Street Journal,2020,03,26,56,1,1,1
Coronavirus Deaths Climb in New York,The Wall Street Journal,2020,03,26,56,1,1,1
U.S. Charges Venezuela’s Maduro With Drug Trafficking,The Wall Street Journal,2020,03,26,56,1,1,1
EPA Plans to Show Leniency With Some Civil-Rule Violators,The Wall Street Journal,2020,03,26,56,1,1,1
"Investors, Fearing Defaults, Rush Out of Junk Bonds",The Wall Street Journal,2020,03,26,56,1,1,1
"Call Me Anytime…No, Really, We’re All Answering the Phone Again",The Wall Street Journal,2020,03,26,56,1,1,1
Casinos Shut by Coronavirus Get a Glimpse of the Future in Macau,The Wall Street Journal,2020,03,26,56,1,1,1
Next Coronavirus Hot Spot: Louisiana Races to Prepare for the Worst,The Wall Street Journal,2020,03,26,56,1,1,1
Wine Stores Rethink Their Business as Coronavirus Curtails Daily Life,The Wall Street Journal,2020,03,26,56,1,1,1
Florida’s Governor Dissents on Lockdowns,The Wall Street Journal,2020,03,26,56,1,1,1
Small Businesses in Limbo as They Await Coronavirus Assistance for Them,The Wall Street Journal,2020,03,26,56,1,1,1
A Coronavirus Great Awakening?,The Wall Street Journal,2020,03,26,56,1,1,1
Barr Tells Federal Prisons to Increase Use of Home Confinement,The Wall Street Journal,2020,03,26,56,1,1,1
SEC Enforcer Stanley Sporkin Cracked Down on Corporate Bribery,The Wall Street Journal,2020,03,26,56,1,1,1
‘The Inn at Little Washington’ Review: A Delicious Look at the High Price of Excellence,The Wall Street Journal,2020,03,26,56,1,1,1
The Coronavirus Debt Threat,The Wall Street Journal,2020,03,26,56,1,1,1
‘Amadeus’ Review: Created Unequal,The Wall Street Journal,2020,03,26,56,1,1,1
The Bill for Canceling March Madness Has Arrived at the NCAA,The Wall Street Journal,2020,03,26,56,1,1,1
"ECB Begins New Bond Purchases, Throwing Weight Behind Virus-Hit Nations",The Wall Street Journal,2020,03,26,56,1,1,1
Rationing Care Is a Surrender to Death,The Wall Street Journal,2020,03,26,56,1,1,1
We Need to Know Who’s Developed Immunity to Coronavirus,The Wall Street Journal,2020,03,26,56,1,1,1
G-20 Nations Pledge $5 Trillion to Spur Global Economic Recovery From Coronavirus,The Wall Street Journal,2020,03,26,56,1,1,1
Working After the Coronavirus,The Wall Street Journal,2020,03,26,56,1,1,1
‘Charles Darwin’s Barnacle and David Bowie’s Spider’ Review: The Smile of Linnaeus,The Wall Street Journal,2020,03,26,56,1,1,1
U.S. Moving Forward With Rule to Limit Chips to Huawei,The Wall Street Journal,2020,03,26,56,1,1,1
Corporate Insiders Are Betting on a Rebound in Stocks,The Wall Street Journal,2020,03,26,56,1,1,1
Mnuchin Says U.S. Financial Markets to Remain Open,The Wall Street Journal,2020,03,26,56,1,1,1
Indicting the Caracas Mob,The Wall Street Journal,2020,03,26,56,1,1,1
Record Rise in Jobless Claims Halts Historic Run of Employment Growth,The Wall Street Journal,2020,03,26,56,1,1,1
House Leaders Rush to Get Quorum for Vote on $2 Trillion Rescue Package,The Wall Street Journal,2020,03,26,56,1,1,1
My Corona (or Is It Schmutz?),The Wall Street Journal,2020,03,26,56,1,1,1
Big-Government Contagion,The Wall Street Journal,2020,03,26,56,1,1,1
Seven Kid-Friendly Songs That Won’t Drive Parents Insane,The Wall Street Journal,2020,03,26,56,1,1,1
‘Baghdad Central’ Review: Cowboys in the Green Zone,The Wall Street Journal,2020,03,26,56,1,1,1
Mnuchin Forms Task Force on Mortgage Firms’ Cash Crunch,The Wall Street Journal,2020,03,26,56,1,1,1
"For Apple, Gauging iPhone Demand Gets Much Tougher",The Wall Street Journal,2020,03,26,56,1,1,1
Nearly Two Dozen U.S. Sailors on Aircraft Carrier Test Positive for Coronavirus,The Wall Street Journal,2020,03,26,56,1,1,1
Tri-State Jobless Claims Surge as Coronavirus Spreads,The Wall Street Journal,2020,03,26,56,1,1,1
"‘Vitalina Varela’ Review: Death of a Longing, Long Misplaced",The Wall Street Journal,2020,03,26,56,1,1,1
U.S. Drops Proposal to Put Troops at Canadian Border,The Wall Street Journal,2020,03,26,56,1,1,1
S&P Cuts Mexico on Coronavirus Fallout,The Wall Street Journal,2020,03,26,56,1,1,1
Short-Term Treasury Yields Go Negative in Scramble for Cash,The Wall Street Journal,2020,03,26,56,1,1,1
"Less Stimulus, More Overdraft Protection",The Wall Street Journal,2020,03,26,56,1,1,1
The Power and the Glory,The Wall Street Journal,2020,04,06,57,1,1,1
Dow Industrials Surge More Than 7% at Start of Challenging Week,The Wall Street Journal,2020,04,06,57,1,1,1
"U.S. Death Toll From Coronavirus Tops 10,000",The Wall Street Journal,2020,04,06,57,1,1,1
Detroit Tigers Hall of Famer Al Kaline Dies at 85,The Wall Street Journal,2020,04,06,57,1,1,1
Photographing a Pandemic,The Wall Street Journal,2020,04,06,57,1,1,1
SEC Suspends Trading in Two Stocks Over Coronavirus Claims,The Wall Street Journal,2020,04,06,57,1,1,1
U.S. Labels Russian White Supremacist Group as Global Terrorist,The Wall Street Journal,2020,04,06,57,1,1,1
History in the Moment: Museums Begin Chronicling Coronavirus Pandemic,The Wall Street Journal,2020,04,06,57,1,1,1
Congress’s Small-Business Ventilator,The Wall Street Journal,2020,04,06,57,1,1,1
We Are Paying the High Cost of Low Interest,The Wall Street Journal,2020,04,06,57,1,1,1
The Teachers Union Ate My Homework,The Wall Street Journal,2020,04,06,57,1,1,1
"There Must Be a Safe, Better Birthing Policy",The Wall Street Journal,2020,04,06,57,1,1,1
Warren Buffett’s Death-Spiral Deal,The Wall Street Journal,2020,04,06,57,1,1,1
Coronavirus Cases Among World’s Elite Stoke Class Tensions,The Wall Street Journal,2020,04,06,57,1,1,1
Container Shipping Lines Cancel Sailings to Weather Virus Storm,The Wall Street Journal,2020,04,06,57,1,1,1
Time to Look for a Vacation Deal? ‘Travel Addicts’ Are Planning Ahead,The Wall Street Journal,2020,04,06,57,1,1,1
Banks Stand to Lose More Than $100 Million on Loan to Luckin’s Chairman,The Wall Street Journal,2020,04,06,57,1,1,1
"Big Restaurant, Hotel Chains Won Exemption to Get Small-Business Loans",The Wall Street Journal,2020,04,06,57,1,1,1
Emperor Joseph’s Solution to Coronavirus,The Wall Street Journal,2020,04,06,57,1,1,1
The Coronavirus Threat South of the Border,The Wall Street Journal,2020,04,06,57,1,1,1
PG&E’s Settlement With California Fire Victims Is Fraying,The Wall Street Journal,2020,04,06,57,1,1,1
Trump and Biden Speak by Phone About Coronavirus Response,The Wall Street Journal,2020,04,06,57,1,1,1
"On Masks, Trump Risks Bumpier Restart",The Wall Street Journal,2020,04,06,57,1,1,1
Fed Preparing to Finance New Small-Business Payroll Loans,The Wall Street Journal,2020,04,06,57,1,1,1
Virus Puts a Prison Under Siege,The Wall Street Journal,2020,04,06,57,1,1,1
‘Something of Themselves’ Review: Sojourns in a Battleground,The Wall Street Journal,2020,04,06,57,1,1,1
U.S. Prosecutors Charge Former Fox Sports Executives in FIFA Bribery Case,The Wall Street Journal,2020,04,06,57,1,1,1
National Enquirer Parent Parts Ways With Dylan Howard,The Wall Street Journal,2020,04,06,57,1,1,1
Digital Dollars for All,The Wall Street Journal,2020,04,06,57,1,1,1
Carnival Soars After Saudi Sovereign-Wealth Fund Discloses Stake,The Wall Street Journal,2020,04,06,57,1,1,1
"Coronavirus: You Ask, We Answer",The Wall Street Journal,2020,04,06,57,1,1,1
New York’s Kings of Clean,The Wall Street Journal,2020,04,06,57,1,1,1
Hair Cuttery’s Owner Expects to Miss Payroll on Tuesday,The Wall Street Journal,2020,04,06,57,1,1,1
Yanks for Boris Johnson,The Wall Street Journal,2020,04,06,57,1,1,1
Trump Administration Orders 167 Million Face Masks From 3M,The Wall Street Journal,2020,04,06,57,1,1,1
Trump Pushes Broader Use of Hydroxychloroquine Against Coronavirus,The Wall Street Journal,2020,04,06,57,1,1,1
Beating the Coronavirus Is the Best Stimulus,The Wall Street Journal,2020,04,06,57,1,1,1
Prohibition Makes a Comeback,The Wall Street Journal,2020,04,06,57,1,1,1
Samsung Profit Forecast Indicates Limited Coronavirus Impact,The Wall Street Journal,2020,04,06,57,1,1,1
Dominic Raab Steps In to Manage U.K.’s Coronavirus Crisis,The Wall Street Journal,2020,04,06,57,1,1,1
"Airbnb Raises $1 Billion From Silver Lake, Sixth Street Partners",The Wall Street Journal,2020,04,06,57,1,1,1
The Fed’s New Mission to Save the Economy,The Wall Street Journal,2020,04,06,57,1,1,1
New York’s Ultra-Orthodox Jewish Community Warned About Large Funeral Crowds,The Wall Street Journal,2020,04,06,57,1,1,1
Tech Hiring Slows as Businesses Grapple With Economic Volatility,The Wall Street Journal,2020,04,06,57,1,1,1
Coronavirus Crisis Brings Telemedicine to the Fore,The Wall Street Journal,2020,04,06,57,1,1,1
Credit Markets Show Signs of Stabilizing After Fed Intervention,The Wall Street Journal,2020,04,06,57,1,1,1
First Rikers Island Inmate Dies After Coronavirus Infection,The Wall Street Journal,2020,04,06,57,1,1,1
Acting Navy Secretary Apologizes for Berating Captain of USS Roosevelt,The Wall Street Journal,2020,04,06,57,1,1,1
Virus Committee: Monday Morning QBs at Halftime,The Wall Street Journal,2020,04,06,57,1,1,1
Poetry for a Pandemic,The Wall Street Journal,2020,04,06,57,1,1,1
Stocks and the Economy Send Very Different Messages,The Wall Street Journal,2020,04,17,58,1,1,1
"‘Germany: A Nation in Its Time’ Review: Princes, Poets and Prussians",The Wall Street Journal,2020,04,17,58,1,1,1
New Data Suggest the Coronavirus Isn’t as Deadly as We Thought,The Wall Street Journal,2020,04,17,58,1,1,1
"Schlumberger Cuts Jobs, Slashes Dividend 75% in Historic Oil Rout",The Wall Street Journal,2020,04,17,58,1,1,1
Would You Care if a White Man Cured Covid-19?,The Wall Street Journal,2020,04,17,58,1,1,1
No Timeout for FBI Scandals,The Wall Street Journal,2020,04,17,58,1,1,1
Michigan’s Draconian Lockdown Provokes a Backlash,The Wall Street Journal,2020,04,17,58,1,1,1
‘Why Fish Don’t Exist’ Review: Getting Back in the Swim,The Wall Street Journal,2020,04,17,58,1,1,1
Coronavirus Makes Polish Liquor Fly Off the Shelves as Hand Sanitizer,The Wall Street Journal,2020,04,17,58,1,1,1
Department of Veterans Affairs Supply Chain Interrupted by Pandemic,The Wall Street Journal,2020,04,17,58,1,1,1
Surviving the Coronavirus Without a Screen,The Wall Street Journal,2020,04,17,58,1,1,1
U.S. Crude Prices Drop to New 18-Year Low,The Wall Street Journal,2020,04,17,58,1,1,1
Liberalism Isn’t at All Out of Liberal Ideas,The Wall Street Journal,2020,04,17,58,1,1,1
Trump Backs Protests Against Governors’ Stay-at-Home Orders,The Wall Street Journal,2020,04,17,58,1,1,1
"‘Dorothy Day’ Review: Saint, Sinner, Troublemaker",The Wall Street Journal,2020,04,17,58,1,1,1
"North Korea Raises Millions Through Hacking, Smuggling, U.N. Report Finds",The Wall Street Journal,2020,04,17,58,1,1,1
Texas Governor Set to Reopen Some Sectors,The Wall Street Journal,2020,04,17,58,1,1,1
Beijing Pays a Coronavirus Price,The Wall Street Journal,2020,04,17,58,1,1,1
"Wells Fargo, J.C. Penney, Amazon.com: Stocks That Defined the Week",The Wall Street Journal,2020,04,17,58,1,1,1
"Trump’s Virus Focus Shifts to Reopening Economy, Defending Response",The Wall Street Journal,2020,04,17,58,1,1,1
Senior Mexican Health Official Questions How Deadly Coronavirus Is,The Wall Street Journal,2020,04,17,58,1,1,1
The Year Tax Day Turned Upside Down,The Wall Street Journal,2020,04,17,58,1,1,1
Shattering Illusions of a Benign World,The Wall Street Journal,2020,04,17,58,1,1,1
Science Fiction: Werewolves in Motorcycle Jackets,The Wall Street Journal,2020,04,17,58,1,1,1
South Korea’s New Coronavirus Twist: Recovered Patients Test Positive Again,The Wall Street Journal,2020,04,17,58,1,1,1
"Treasurys Maintain Recent Gains, Sending Note of Caution",The Wall Street Journal,2020,04,17,58,1,1,1
"Coronavirus Drug Report, Though Inconclusive, Sends Gilead Higher",The Wall Street Journal,2020,04,17,58,1,1,1
"An Odd Similarity Between
		
			
		
	Investing and Virus Protocols",The Wall Street Journal,2020,04,17,58,1,1,1
Moody’s Downgrades Mexico and State Oil Firm Pemex,The Wall Street Journal,2020,04,17,58,1,1,1
"Three on Okinawa: Mud, Blood, Victory",The Wall Street Journal,2020,04,17,58,1,1,1
"Democracy, Gangnam Style",The Wall Street Journal,2020,04,17,58,1,1,1
More Companies Expected to Share Executive Tasks as Recruitment Market Slows,The Wall Street Journal,2020,04,17,58,1,1,1
A Visit to Europe’s Front With Russia,The Wall Street Journal,2020,04,17,58,1,1,1
Coronavirus Death Toll Hits 55 at One Nursing Home in Brooklyn,The Wall Street Journal,2020,04,17,58,1,1,1
"Hold Firm on PPP, Mr. Trump",The Wall Street Journal,2020,04,17,58,1,1,1
"‘The Betrayal of the Duchess’ Review: A Throne for Her Son, Almost",The Wall Street Journal,2020,04,17,58,1,1,1
"Aircraft Carrier Outbreak Spread At First Without Symptoms, Officials Say",The Wall Street Journal,2020,04,17,58,1,1,1
Trump Announces $19 Billion Relief Program for Farmers,The Wall Street Journal,2020,04,17,58,1,1,1
Impressions of Degas,The Wall Street Journal,2020,04,17,58,1,1,1
‘Always Home’ Review: Home Cooking With Alice,The Wall Street Journal,2020,04,17,58,1,1,1
New York Fed’s Williams Says Recovery Unlikely to Be Swift,The Wall Street Journal,2020,04,17,58,1,1,1
Stocks Rally to Close Second Week of Gains,The Wall Street Journal,2020,04,17,58,1,1,1
Trump’s Recovery Guidelines,The Wall Street Journal,2020,04,17,58,1,1,1
Trump Rewrites the Book on Emergencies,The Wall Street Journal,2020,04,17,58,1,1,1
South Korea Told to Do More to Stop Public Officials From Laundering Bribes,The Wall Street Journal,2020,04,17,58,1,1,1
Books on Basketball: A Game of All or Nothing,The Wall Street Journal,2020,04,17,58,1,1,1
Two on World War II: Stories of Uncommon Valor,The Wall Street Journal,2020,04,17,58,1,1,1
Amazon Gets Go-Ahead for U.K. Food-Delivery Investment,The Wall Street Journal,2020,04,17,58,1,1,1
Judge Hands Setback to Amazon in JEDI Case,The Wall Street Journal,2020,04,17,58,1,1,1
Waiting for a Coronavirus Surge at The Villages in Florida,The Wall Street Journal,2020,04,17,58,1,1,1
One New York Special-Needs School Is Ahead of the Curve With Remote Learning,The Wall Street Journal,2020,04,25,59,1,1,1
Investors Eye Fed Lending Program That Brought Rich Returns in 2009,The Wall Street Journal,2020,04,25,59,1,1,1
Lawsuits Pile Up Against Coronavirus Lockdown Measures,The Wall Street Journal,2020,04,25,59,1,1,1
When Will What Happens in Vegas Return to Las Vegas?,The Wall Street Journal,2020,04,25,59,1,1,1
Has Coronavirus Been in California Since the Fall? Researchers Investigate,The Wall Street Journal,2020,04,25,59,1,1,1
The Future of Electric Vehicles May Ride on Two Wheels,The Wall Street Journal,2020,04,25,59,1,1,1
"Coronavirus’s Grip Poses Parallel Problems for Trump, Biden",The Wall Street Journal,2020,04,25,59,1,1,1
Global Trade’s Little-Known Comfort Blanket Slips,The Wall Street Journal,2020,04,25,59,1,1,1
The Scramble for Delivery Robots Is On and Startups Can Barely Keep Up,The Wall Street Journal,2020,04,25,59,1,1,1
2020’s New and Improved Flowers: A Gardener’s A-to-Z Guide,The Wall Street Journal,2020,04,25,59,1,1,1
Night Spots Come Back to Life Online,The Wall Street Journal,2020,04,25,59,1,1,1
Pepper...and Salt,The Wall Street Journal,2020,04,25,59,1,1,1
Treasury Distributed $12.4 Billion in Airline Payroll Grants This Week,The Wall Street Journal,2020,04,25,59,1,1,1
The People Getting Their Steps as They Shelter in Place,The Wall Street Journal,2020,04,25,59,1,1,1
"For Divorced Parents, a Time to Work Together",The Wall Street Journal,2020,04,25,59,1,1,1
Bankrupt Companies Shut Out of Stimulus Money,The Wall Street Journal,2020,04,25,59,1,1,1
Rules Change for Census Volunteers During Coronavirus,The Wall Street Journal,2020,04,25,59,1,1,1
ICUs on Rails: How France Coped With a Surge of Coronavirus Patients,The Wall Street Journal,2020,04,25,59,1,1,1
Cherry Trees Blossom on Schedule in Closed Brooklyn Botanic Garden,The Wall Street Journal,2020,04,25,59,1,1,1
Coronavirus Crisis Eases in New York as Cases Climb World-Wide,The Wall Street Journal,2020,04,25,59,1,1,1
Texas Hotelier to Keep Money From U.S. Coronavirus-Related Loan Program,The Wall Street Journal,2020,04,25,59,1,1,1
Inside the Remote NFL Draft with the Top Prospects,The Wall Street Journal,2020,04,25,59,1,1,1
Millions of Credit-Card Customers Can’t Pay Their Bills. Lenders Are Bracing for Impact.,The Wall Street Journal,2020,04,25,59,1,1,1
"Trump Administration Program Nearly Ended Asylum. Now, Coronavirus Has Halted It.",The Wall Street Journal,2020,04,25,59,1,1,1
Classic Rock Gives Comfort to Music Fans During Coronavirus Lockdown,The Wall Street Journal,2020,04,25,59,1,1,1
Canada’s Deadliest Rampage Upends Life in Rural Nova Scotia,The Wall Street Journal,2020,04,25,59,1,1,1
"For Amazon, Pandemic Isn’t All Prime Time",The Wall Street Journal,2020,04,25,59,1,1,1
Boeing Walks Away From Embraer Deal,The Wall Street Journal,2020,04,25,59,1,1,1
"In Belarus, Everyday Life Is Much the Same as Coronavirus Spreads",The Wall Street Journal,2020,04,25,59,1,1,1
Taiwan Celebrates Hong Kong Bookseller Who Crossed China,The Wall Street Journal,2020,04,25,59,1,1,1
Americans Forced Into 1980 Olympics Boycott Aim to Connect With Current Athletes,The Wall Street Journal,2020,04,25,59,1,1,1
What Negative Prices Tell Us About the Future,The Wall Street Journal,2020,04,25,59,1,1,1
A Symphony of Complication and Tenacity,The Wall Street Journal,2020,04,25,59,1,1,1
The Best Fantasy Fiction for Anyone Craving an Escape,The Wall Street Journal,2020,04,25,59,1,1,1
The Staying Inside Guide: Writing as a Source of Pleasure and Beauty,The Wall Street Journal,2020,04,25,59,1,1,1
Porsche 911: Two More Reasons Why It Reigns Supreme,The Wall Street Journal,2020,04,25,59,1,1,1
‘Snowpiercer’ Review: Trying to Keep the Narrative on Track,The Wall Street Journal,2020,05,12,60,1,1,1
"SUNY Curbs Spending, Braces for More Cuts Amid Pandemic",The Wall Street Journal,2020,05,12,60,1,1,1
Elon Musk Is Our New ACLU,The Wall Street Journal,2020,05,12,60,1,1,1
Telegram Ends Cryptocurrency Project After Regulatory Roadblocks,The Wall Street Journal,2020,05,12,60,1,1,1
Coronavirus to Force California Public Universities Largely Online for Fall,The Wall Street Journal,2020,05,12,60,1,1,1
All the Adam Schiff Transcripts,The Wall Street Journal,2020,05,12,60,1,1,1
House Democrats Release $3 Trillion Coronavirus Bill,The Wall Street Journal,2020,05,12,60,1,1,1
‘Flash Crash’ Review: Spooﬁng the Tape,The Wall Street Journal,2020,05,12,60,1,1,1
FEMA Cancels $55.5 Million Mask Contract,The Wall Street Journal,2020,05,12,60,1,1,1
Easing Oversupply Fears Lift Oil Prices,The Wall Street Journal,2020,05,12,60,1,1,1
"Economy Has Likely Bottomed, Poised for Rebound, Says Fed’s Barkin",The Wall Street Journal,2020,05,12,60,1,1,1
‘Faithless’ Electors Are Faithful to the Constitution,The Wall Street Journal,2020,05,12,60,1,1,1
Fed's Mester Expects Economy to Rebound Some in Second Half of 2020,The Wall Street Journal,2020,05,12,60,1,1,1
"Militants Attack Afghan Hospital, Killing Babies",The Wall Street Journal,2020,05,12,60,1,1,1
Soft-Shell Crabs Are Back—and a Bargain,The Wall Street Journal,2020,05,12,60,1,1,1
China Wants to Help the World Fight Coronavirus,The Wall Street Journal,2020,05,12,60,1,1,1
Shutdowns Sow Seeds of Starvation,The Wall Street Journal,2020,05,12,60,1,1,1
Fiat’s Agnelli Family Sees $9 Billion Sale of Insurance Business Falter,The Wall Street Journal,2020,05,12,60,1,1,1
Private-Equity Firms Stand to Get Direct U.S. Development Investments,The Wall Street Journal,2020,05,12,60,1,1,1
Dura Automotive Sold in $65 Million Bankruptcy Deal,The Wall Street Journal,2020,05,12,60,1,1,1
NYPD Arrest Over 100 People for Crimes Related to Coronavirus,The Wall Street Journal,2020,05,12,60,1,1,1
Lawyer Accuses Walmart of Wrongful Termination Following Bribery Probe,The Wall Street Journal,2020,05,12,60,1,1,1
Bond ETFs Climb as the Fed Kicks Off Historic Purchase Program,The Wall Street Journal,2020,05,12,60,1,1,1
Elon Musk Isn’t Taking It Anymore,The Wall Street Journal,2020,05,12,60,1,1,1
"In Lockdown, Pot and Booze Are Bad News",The Wall Street Journal,2020,05,12,60,1,1,1
Upgrade Your Kid’s Quarantine Blanket Forts,The Wall Street Journal,2020,05,12,60,1,1,1
The Staying Inside Guide: Martha Graham’s Magic at Home,The Wall Street Journal,2020,05,12,60,1,1,1
Found: the Perfect Black Leggings,The Wall Street Journal,2020,05,12,60,1,1,1
Canada Agency to Suspend Advance Look at Jobs Data,The Wall Street Journal,2020,05,12,60,1,1,1
Coronavirus Could Force Colleges to Trim Some Fat,The Wall Street Journal,2020,05,12,60,1,1,1
"ESG Investing Shines in Market Turmoil, With Help From Big Tech",The Wall Street Journal,2020,05,12,60,1,1,1
Disney+ Takes Its Shot at ‘Hamilton’ Movie With Early Online Debut,The Wall Street Journal,2020,05,12,60,1,1,1
"As Countries Ease Coronavirus Lockdowns, New Cases Emerge",The Wall Street Journal,2020,05,12,60,1,1,1
U.S. vs. South Korea: Behind the Coronavirus Testing Numbers,The Wall Street Journal,2020,05,12,60,1,1,1
Uber Wants a Seat at the Head of the Table,The Wall Street Journal,2020,05,12,60,1,1,1
Uber Makes Takeover Approach to Grubhub,The Wall Street Journal,2020,05,12,60,1,1,1
Federal Retirement Plan Is Told to Avoid Chinese Stocks,The Wall Street Journal,2020,05,12,60,1,1,1
How to Practice Social Distancing as the Coronavirus Spreads,The Wall Street Journal,2020,05,12,60,1,1,1
Iron Mountain Discloses Potential Sanctions Violations,The Wall Street Journal,2020,05,12,60,1,1,1
The Recovery Needs Immigrants,The Wall Street Journal,2020,05,12,60,1,1,1
Flavor Company IFF Juggles Proposed Merger and Pandemic Management,The Wall Street Journal,2020,05,12,60,1,1,1
That Other Epidemic,The Wall Street Journal,2020,05,12,60,1,1,1
Connecticut Governor Ousts Public Health Commissioner,The Wall Street Journal,2020,05,12,60,1,1,1
‘Faithless Electors’ at the Supreme Court,The Wall Street Journal,2020,05,12,60,1,1,1
China’s Beef With Australia,The Wall Street Journal,2020,05,12,60,1,1,1
Simon & Schuster CEO Reidy Has Died,The Wall Street Journal,2020,05,12,60,1,1,1
U.S. Stocks Extend Fall as Dow Drops More Than 450 Points,The Wall Street Journal,2020,05,12,60,1,1,1
U.S. Budget Deficit Widened to $1.935 Trillion in 12 Months Through April,The Wall Street Journal,2020,05,12,60,1,1,1
Supreme Court Hears Trump Lawyers’ Appeal to Stop Handover of Tax Documents,The Wall Street Journal,2020,05,12,60,1,1,1
Judge Puts Up Potential Roadblock to Dropping Charge Against Flynn,The Wall Street Journal,2020,05,12,60,1,1,1
WSJ Survey: Coronavirus to Cause 17% Unemployment in June,The Wall Street Journal,2020,05,13,61,1,1,1
New York and New Jersey Start to Reopen Their Economies,The Wall Street Journal,2020,05,13,61,1,1,1
‘Set My Heart on Fire Immediately’ by Perfume Genius Review: Finding Pleasure in a Painful Past,The Wall Street Journal,2020,05,13,61,1,1,1
Cisco Projects Annual Sales Decline,The Wall Street Journal,2020,05,13,61,1,1,1
Federal Reserve Revision Could Help Clear CLO Logjam,The Wall Street Journal,2020,05,13,61,1,1,1
Powell Says Washington Will Need to Spend More to Battle Downturn,The Wall Street Journal,2020,05,13,61,1,1,1
Fed Sends Fresh Rebuke to Deutsche Bank,The Wall Street Journal,2020,05,13,61,1,1,1
What to Watch: Elle Fanning Puts a Faux Spin on a Real Empress in Hulu’s ‘The Great’,The Wall Street Journal,2020,05,13,61,1,1,1
Supreme Court Weighs Whether Electoral College Members Must Stick to State’s Popular Vote,The Wall Street Journal,2020,05,13,61,1,1,1
"Stimulus Cops on Lookout for Fake Employees, Identity Theft",The Wall Street Journal,2020,05,13,61,1,1,1
Judge Sullivan’s Bad Judgment,The Wall Street Journal,2020,05,13,61,1,1,1
Patent Office Throws the Book at Travel Company,The Wall Street Journal,2020,05,13,61,1,1,1
Corporate America Isn’t Betting On a V-Shaped Recovery,The Wall Street Journal,2020,05,13,61,1,1,1
The Nostalgia We All Need Right Now: A Book About Sesame Street,The Wall Street Journal,2020,05,13,61,1,1,1
"As Coronavirus Cases Fall, Countries Struggle to Measure When It’s Safe to Reopen",The Wall Street Journal,2020,05,13,61,1,1,1
Investment Giants Want Exchanges to Enforce Labeling System for ETFs,The Wall Street Journal,2020,05,13,61,1,1,1
A Covid Drug to Help Fight the Storm,The Wall Street Journal,2020,05,13,61,1,1,1
Cisco’s Dim View Has a Bright Side,The Wall Street Journal,2020,05,13,61,1,1,1
Regulators Deny Approval of Chinese Masks in Giant California Order,The Wall Street Journal,2020,05,13,61,1,1,1
The Flynn Unmaskers Unmasked,The Wall Street Journal,2020,05,13,61,1,1,1
Manafort Released From Prison to Home Confinement,The Wall Street Journal,2020,05,13,61,1,1,1
Obama’s Crocodile Tears for the Rule of Law,The Wall Street Journal,2020,05,13,61,1,1,1
We’re Ready to ‘Snap Back’ Sanctions,The Wall Street Journal,2020,05,13,61,1,1,1
France Threatens Big Fines for Social Media With Hate-Speech Law,The Wall Street Journal,2020,05,13,61,1,1,1
Coronavirus Demands a Privacy Law,The Wall Street Journal,2020,05,13,61,1,1,1
The Supreme Court and the Lawyers’ Guilds,The Wall Street Journal,2020,05,13,61,1,1,1
Judge Appoints Lawyer to Argue Against Dismissal of Charges in Flynn Case,The Wall Street Journal,2020,05,13,61,1,1,1
‘Natural’ Review: Pork Loin vs. Impossible Burger,The Wall Street Journal,2020,05,13,61,1,1,1
Bankrupt Burger Chain Krystal Strikes Takeover Deal With Senior Lender,The Wall Street Journal,2020,05,13,61,1,1,1
"‘Reunions,’ ‘Never Will,’ ‘Southside’ and ‘Great American Saturday Night’ Reviews: Country Not to Be Missed",The Wall Street Journal,2020,05,13,61,1,1,1
U.S. Removes Sanctions on Nynas After Restructuring,The Wall Street Journal,2020,05,13,61,1,1,1
Working From Home Is Taking a Toll on Our Backs and Necks,The Wall Street Journal,2020,05,13,61,1,1,1
The Michael Flynn Debauchery,The Wall Street Journal,2020,05,13,61,1,1,1
Abbott’s Coronavirus Test Falls Short of Rival Device,The Wall Street Journal,2020,05,13,61,1,1,1
New York City to Limit Fees From Meal-Delivery Apps,The Wall Street Journal,2020,05,13,61,1,1,1
Norwegian Fund Excludes Large Canadian Oil Producers,The Wall Street Journal,2020,05,13,61,1,1,1
Tyson Drops Some Beef Prices as Coronavirus Lifts Grocery-Store Costs,The Wall Street Journal,2020,05,13,61,1,1,1
Reasons for Fans to Like a Sports-Free Year,The Wall Street Journal,2020,05,13,61,1,1,1
U.S. Says It Will Trust Small Business Owners When They Say They Need Loans,The Wall Street Journal,2020,05,13,61,1,1,1
"Amtrak’s Acela to Make Comeback, Riders or Not",The Wall Street Journal,2020,05,13,61,1,1,1
Obama-Era Officials Requested ‘Unmasking’ That Identified Flynn in Intelligence Reports,The Wall Street Journal,2020,05,13,61,1,1,1
A Dog’s Nose Can Do More Than Sniff,The Wall Street Journal,2020,05,13,61,1,1,1
Uber Discusses Grubhub Takeover Valuing Food Deliverer at Roughly $6 Billion,The Wall Street Journal,2020,05,13,61,1,1,1
Brink’s Adds Masks and Gloves to Protection Plans,The Wall Street Journal,2020,05,13,61,1,1,1
Stocks Fall as Powell Says Outlook ‘Highly Uncertain’,The Wall Street Journal,2020,05,13,61,1,1,1
Officials Weigh Long-Term Coronavirus Plans as Restrictions Are Lifted,The Wall Street Journal,2020,05,13,61,1,1,1
CIOs Spearhead Well-Being Initiatives to Make Remote Work Less Remote,The Wall Street Journal,2020,05,13,61,1,1,1
Transcript: Q&A With the Richmond Fed’s Thomas Barkin,The Wall Street Journal,2020,05,13,61,1,1,1
"Coronavirus Testing Needs to Grow Sharply in U.S., House Panel Is Told",The Wall Street Journal,2020,05,13,61,1,1,1
Republican Wins Special House Election in California,The Wall Street Journal,2020,05,13,61,1,1,1
Racism’s Continuing Blight on Our Country,The Wall Street Journal,2020,06,12,62,1,1,1
Treasury Yields’ Retreat Signals Economic Woes,The Wall Street Journal,2020,06,12,62,1,1,1
Appeals Court Voices Concerns About Flynn’s Bid to End Judge’s Inquiry,The Wall Street Journal,2020,06,12,62,1,1,1
Trump to Speak at Socially Distanced West Point Commencement,The Wall Street Journal,2020,06,12,62,1,1,1
"Nikola, Tesla Map Different Paths to Commercial Truck Market",The Wall Street Journal,2020,06,12,62,1,1,1
Medical-Supply Firm Sues Bank Over Broken Coronavirus Deal,The Wall Street Journal,2020,06,12,62,1,1,1
France Moves to Embrace Fight Against Corporate Corruption,The Wall Street Journal,2020,06,12,62,1,1,1
Aluminum Glut Revives Financial Crisis-Era Storage Trade,The Wall Street Journal,2020,06,12,62,1,1,1
Global Economy Faces a Steep Climb to Recover After April’s Historic Dive,The Wall Street Journal,2020,06,12,62,1,1,1
Chicago’s Walmart Plea,The Wall Street Journal,2020,06,12,62,1,1,1
CHAZ Poses a Huge Threat To Employment in Seattle,The Wall Street Journal,2020,06,12,62,1,1,1
Tencent Takes Stake in Warner Music Group,The Wall Street Journal,2020,06,12,62,1,1,1
"For the Best Tortillas at Home, You Need This",The Wall Street Journal,2020,06,12,62,1,1,1
Clear-cutting and Wildfires In the Time of Coronavirus,The Wall Street Journal,2020,06,12,62,1,1,1
Hertz Can Tap Market Frenzy to Sell ‘Potentially Worthless’ Stock,The Wall Street Journal,2020,06,12,62,1,1,1
Keeping Your Temper While Stuck at Home,The Wall Street Journal,2020,06,12,62,1,1,1
Are America’s Elites Really Like the Czar’s?,The Wall Street Journal,2020,06,12,62,1,1,1
The Covid Age Penalty,The Wall Street Journal,2020,06,12,62,1,1,1
Chicago Fed Ends Ties With Scholar Who Criticized Black Lives Matter,The Wall Street Journal,2020,06,12,62,1,1,1
California Is Examining Amazon’s Business Practices,The Wall Street Journal,2020,06,12,62,1,1,1
"U.S. Coronavirus Death Toll Passes 114,000 as Cases Climb in India",The Wall Street Journal,2020,06,12,62,1,1,1
"‘Au Revoir, Tristesse’ Review: They Order These Matters Better",The Wall Street Journal,2020,06,12,62,1,1,1
Trump Calls for GOP to Update Platform After Party Carries Over 2016 Plan,The Wall Street Journal,2020,06,12,62,1,1,1
Why Elders Are Indispensable for All of Us,The Wall Street Journal,2020,06,12,62,1,1,1
A Veteran’s View of American Policing,The Wall Street Journal,2020,06,12,62,1,1,1
"Airbnb, New York City End Spat Over Information Sharing",The Wall Street Journal,2020,06,12,62,1,1,1
‘The Dream Universe’ Review: Pulling on a String,The Wall Street Journal,2020,06,12,62,1,1,1
Maps: How Protests Evolved in the Wake of George Floyd’s Killing,The Wall Street Journal,2020,06,12,62,1,1,1
Let’s Shake on It,The Wall Street Journal,2020,06,12,62,1,1,1
Buoyant Hope and Sinking Despair,The Wall Street Journal,2020,06,12,62,1,1,1
Trump Administration Issues Rule to Roll Back Transgender Protections in the ACA,The Wall Street Journal,2020,06,12,62,1,1,1
"David Axelrod, Truth Teller",The Wall Street Journal,2020,06,12,62,1,1,1
"Moderna, ViacomCBS, Goldman Sachs: Stocks That Defined the Week",The Wall Street Journal,2020,06,12,62,1,1,1
Georgia’s Primary Fiasco,The Wall Street Journal,2020,06,12,62,1,1,1
"Stocks Regain Strength, but Finish Week Lower",The Wall Street Journal,2020,06,12,62,1,1,1
"My Father’s Advice: ‘Don’t Hate, Don’t Hide, Don’t Be a Victim’",The Wall Street Journal,2020,06,12,62,1,1,1
"CDC Encourages Wearing Masks, Other Coronavirus Precautions at Gatherings",The Wall Street Journal,2020,06,12,62,1,1,1
Trump Drives Economic Message as Poll Shows He Has Few Strengths,The Wall Street Journal,2020,06,12,62,1,1,1
"Over 1,300 Chinese Medical Suppliers to U.S. Use Bogus Registration Data",The Wall Street Journal,2020,06,12,62,1,1,1
Two on Birds: Symbols of the Spirit,The Wall Street Journal,2020,06,12,62,1,1,1
Seattle Protesters Negotiate Over Leaving  ‘Autonomous Zone’,The Wall Street Journal,2020,06,12,62,1,1,1
Texas Prosecutor Says Officer Who Arrested George Floyd Likely Lied in 2004 Case,The Wall Street Journal,2020,06,12,62,1,1,1
Fed Report Says Virus Shock Has Hit Low-Wage Workers Hardest,The Wall Street Journal,2020,06,12,62,1,1,1
Arnold the Grammarian,The Wall Street Journal,2020,06,12,62,1,1,1
"Facial Recognition Companies Commit to Police Market After Amazon, Microsoft Exit",The Wall Street Journal,2020,06,12,62,1,1,1
Three on the Third Reich: High-Speed History,The Wall Street Journal,2020,06,12,62,1,1,1
Pennsylvania’s Primary Snafus Could Spell Trouble in November,The Wall Street Journal,2020,06,12,62,1,1,1
"Starbucks, in Reversal, to Distribute ‘Black Lives Matter’ Shirts to Baristas",The Wall Street Journal,2020,06,12,62,1,1,1
"Hundreds of New York City Businesses Were Damaged, Looted in Recent Unrest",The Wall Street Journal,2020,06,12,62,1,1,1
Coronavirus This Week: Some Places in U.S. Press Pause on Reopening,The Wall Street Journal,2020,06,12,62,1,1,1
Trump Confirms U.S. Will Cut Military  Presence in Germany,The Wall Street Journal,2020,06,15,63,1,1,1
MLB Commissioner Says Season Could Be Called Off,The Wall Street Journal,2020,06,15,63,1,1,1
Shares of Martin Shkreli’s Former Company Surge on Limited Coronavirus-Drug Study,The Wall Street Journal,2020,06,15,63,1,1,1
Newsrooms Face Reckoning on Race After Floyd Protests,The Wall Street Journal,2020,06,15,63,1,1,1
NYPD Disbands Anticrime Unit as City Debates $1 Billion in Police Cuts,The Wall Street Journal,2020,06,15,63,1,1,1
Social Workers Cooperate With Police Forces,The Wall Street Journal,2020,06,15,63,1,1,1
"Capitol Peak Partners, KKR Win Bankruptcy Auction for Borden Dairy",The Wall Street Journal,2020,06,15,63,1,1,1
Anarchy in the Streets of Philadelphia,The Wall Street Journal,2020,06,15,63,1,1,1
T-Mobile Suffers Widespread Cellular Outage,The Wall Street Journal,2020,06,15,63,1,1,1
The Art of FaceTime Portraiture,The Wall Street Journal,2020,06,15,63,1,1,1
N.J. Attorney General Orders Police to Release Names of Officers With Violations,The Wall Street Journal,2020,06,15,63,1,1,1
Justice Department Reschedules Federal Executions,The Wall Street Journal,2020,06,15,63,1,1,1
Supreme Court Rules for Gay and Transgender Rights in the Workplace,The Wall Street Journal,2020,06,15,63,1,1,1
Stocks Turn Higher on Federal Reserve Move,The Wall Street Journal,2020,06,15,63,1,1,1
Former eBay Employees Are Charged With ‘Cyberstalking Campaign’,The Wall Street Journal,2020,06,15,63,1,1,1
Treasury Yields Rise After Fed Vows Support,The Wall Street Journal,2020,06,15,63,1,1,1
New Coronavirus Cases Climb in More Than a Dozen States,The Wall Street Journal,2020,06,15,63,1,1,1
Supreme Court Turns Down Police Immunity  Cases,The Wall Street Journal,2020,06,15,63,1,1,1
The Data Are In: It’s Time for Major Reopening,The Wall Street Journal,2020,06,15,63,1,1,1
Cy Vance’s Broken Window,The Wall Street Journal,2020,06,15,63,1,1,1
Bolton Feud With White House Escalates,The Wall Street Journal,2020,06,15,63,1,1,1
‘Political Godmother’ Review: Granite State Power Broker,The Wall Street Journal,2020,06,15,63,1,1,1
‘John Adams: Must the Devil Have All the Good Tunes?’ and ‘Shostakovich: Violin Concertos’ Reviews: A Form Fit for Virtuosos,The Wall Street Journal,2020,06,15,63,1,1,1
Fed Will Amass Corporate Bond Portfolio Using Index Approach,The Wall Street Journal,2020,06,15,63,1,1,1
Huawei CFO’s Lawyers Say She Is Falsely Accused by U.S.,The Wall Street Journal,2020,06,15,63,1,1,1
Doctors Without Borders Ends Work at Afghan Maternity Ward After Attack,The Wall Street Journal,2020,06,15,63,1,1,1
Supreme Court Ruling on Gay Rights Affects Work Life for Millions,The Wall Street Journal,2020,06,15,63,1,1,1
Cuomo Tells New York City to Curb Gatherings Outside Bars,The Wall Street Journal,2020,06,15,63,1,1,1
Another Win for the Kagan Court,The Wall Street Journal,2020,06,15,63,1,1,1
"Harvard University Won’t Require SAT, ACT for Admissions Next Year",The Wall Street Journal,2020,06,15,63,1,1,1
GOP Rep. Tom Rice Fell Ill From Coronavirus,The Wall Street Journal,2020,06,15,63,1,1,1
"Fannie, Freddie Tap Wall Street Banks to Advise on Recapitalization",The Wall Street Journal,2020,06,15,63,1,1,1
Trump Prepares to Sign Executive Order on Policing,The Wall Street Journal,2020,06,15,63,1,1,1
Annexation Would Be a Mistake—and a Tragedy,The Wall Street Journal,2020,06,15,63,1,1,1
FDA Pulls Emergency Covid-19-Use Approval for Malaria Drug Used by Trump,The Wall Street Journal,2020,06,15,63,1,1,1
Police Unions and the Failure of Management,The Wall Street Journal,2020,06,15,63,1,1,1
From Russia With Malice,The Wall Street Journal,2020,06,15,63,1,1,1
U.S. Further Loosens Restrictions on Chinese Airline Flights,The Wall Street Journal,2020,06,15,63,1,1,1
Voice of America Director Resigns After Clashing With Trump Administration,The Wall Street Journal,2020,06,15,63,1,1,1
The Lorax Loses at the Supreme Court,The Wall Street Journal,2020,06,15,63,1,1,1
Supreme Court Removes Hurdle for $8 Billion Atlantic Coast Pipeline,The Wall Street Journal,2020,06,15,63,1,1,1
"Andrew Olmem, Deputy National Economic Council Director, to Leave White House This Week",The Wall Street Journal,2020,06,15,63,1,1,1
Fed Outlines Proposal to Lend Money to Nonprofits,The Wall Street Journal,2020,06,15,63,1,1,1
Japan Halts Plan for U.S. Missile-Defense System,The Wall Street Journal,2020,06,15,63,1,1,1
Payday Lenders Serve Those Others Do Not,The Wall Street Journal,2020,06,15,63,1,1,1
"Chesapeake Misses Interest Payment, Starts Bankruptcy Countdown",The Wall Street Journal,2020,06,15,63,1,1,1
Protesters March to Georgia Capitol After Killing of Rayshard Brooks,The Wall Street Journal,2020,06,15,63,1,1,1
Oscars Delayed by Coronavirus Pandemic,The Wall Street Journal,2020,06,15,63,1,1,1
White House to Host Balkan Peace Talks,The Wall Street Journal,2020,06,15,63,1,1,1
A Real Market in Medical Care? Singapore Shows the Way,The Wall Street Journal,2020,06,15,63,1,1,1
A North Korean Defector’s Tale Shows Rotting Military,The Wall Street Journal,2020,07,04,64,1,1,1
She Skates to Stay Fit as Coronavirus Rolls On,The Wall Street Journal,2020,07,04,64,1,1,1
How a Lincoln-Douglass Debate Led to Historic Discovery,The Wall Street Journal,2020,07,04,64,1,1,1
Gasoline Is Cheap This July Fourth. Fuel Retailers Aren’t Complaining.,The Wall Street Journal,2020,07,04,64,1,1,1
Celebrations Are Subdued as U.S. Virus Cases Surge,The Wall Street Journal,2020,07,04,64,1,1,1
Cleveland Indians Will Consider a Name Change,The Wall Street Journal,2020,07,04,64,1,1,1
Trump Hosts Fireworks-Laden Fourth Despite D.C. Opposition,The Wall Street Journal,2020,07,04,64,1,1,1
NYC Restaurants Open Outposts in the Hamptons This Summer,The Wall Street Journal,2020,07,04,64,1,1,1
Takeout Over Cafes: Pandemic Shapes Consumption Habits,The Wall Street Journal,2020,07,04,64,1,1,1
"Coronavirus, Justice Fights Shadow Fourth of July Events",The Wall Street Journal,2020,07,04,64,1,1,1
Supreme Court Rejects Bid by Illinois GOP to Avoid Limits on Gatherings,The Wall Street Journal,2020,07,04,64,1,1,1
Time for RV Investors to Hit the Road,The Wall Street Journal,2020,07,04,64,1,1,1
Tax Lawyer Reinvented Himself as a Crusading Professor,The Wall Street Journal,2020,07,04,64,1,1,1
India’s Retaliation Against China Carries Economic Costs,The Wall Street Journal,2020,07,04,64,1,1,1
‘Live at Luthjen’s’ by Evan Christopher and David Torkanowsky Review: Legacy of a Dance Hall,The Wall Street Journal,2020,07,04,64,1,1,1
"Oil Crash Crushes Individual Investors, Prompts Trading Overhaul",The Wall Street Journal,2020,07,04,64,1,1,1
"U.K. Government, Bharti Global Commit $1 Billion to Buy Satellite Company OneWeb",The Wall Street Journal,2020,07,04,64,1,1,1
States With Earlier Success Now Battle Coronavirus Surge,The Wall Street Journal,2020,07,04,64,1,1,1
The Staying Inside Guide: Raise a Glass to Art History,The Wall Street Journal,2020,07,04,64,1,1,1
Home Caregivers Shoulder Burden in Covid-19 Fight,The Wall Street Journal,2020,07,04,64,1,1,1
"Billboard Charts to Stop Tallying Music Sold With T-Shirts, Tickets",The Wall Street Journal,2020,07,13,65,1,1,1
Travelport Wants Lenders Blocked From Taking Over Company,The Wall Street Journal,2020,07,13,65,1,1,1
"At PepsiCo, Quarantine Snacks Offset Drop in Soda Sales",The Wall Street Journal,2020,07,13,65,1,1,1
How Schools Can Reopen Safely: Recommendations From Health Experts,The Wall Street Journal,2020,07,13,65,1,1,1
Different Wavelengths: Science Finds Hummingbirds See Ultraviolet Light Invisible to Humans,The Wall Street Journal,2020,07,13,65,1,1,1
Lenders Oppose Federal Effort to Weaken Housing-Discrimination Rule,The Wall Street Journal,2020,07,13,65,1,1,1
"New York & Co. Files for Bankruptcy, Will Close All Stores",The Wall Street Journal,2020,07,13,65,1,1,1
‘RoundAgain’ by Joshua Redman Review: Playing Through Jazz’s Changes,The Wall Street Journal,2020,07,13,65,1,1,1
The Real Power Brokers In China: Those Who Wield the Rubber Stamps,The Wall Street Journal,2020,07,13,65,1,1,1
Blank-Check Boom Gets Boost From Virus,The Wall Street Journal,2020,07,13,65,1,1,1
"Health Experts, Democrats Rally to Fauci’s Defense After White House Criticism",The Wall Street Journal,2020,07,13,65,1,1,1
Body of ‘Glee’ Star Naya Rivera Found at Southern California Lake,The Wall Street Journal,2020,07,13,65,1,1,1
SoftBank Explores Sale or IPO for Chip Designer Arm Holdings,The Wall Street Journal,2020,07,13,65,1,1,1
"U.S. Shifts Policy, Rejects Most Chinese Maritime Claims in South China Sea",The Wall Street Journal,2020,07,13,65,1,1,1
A Way to Curb Chinese Intimidation,The Wall Street Journal,2020,07,13,65,1,1,1
Biden’s Foreign-Policy Blast From the Past,The Wall Street Journal,2020,07,13,65,1,1,1
Officials Fear Fire Has Damaged Assault Ship Beyond Repair,The Wall Street Journal,2020,07,13,65,1,1,1
Jefferies Names Barclays Executive as New Finance Chief,The Wall Street Journal,2020,07,13,65,1,1,1
When Central Banks Go Green,The Wall Street Journal,2020,07,13,65,1,1,1
Ford Reveals New Bronco After 24 Years Off the Market,The Wall Street Journal,2020,07,13,65,1,1,1
Fox News’s Tucker Carlson Rejects Writer’s Posts and Critics’ ‘Self-Righteousness’,The Wall Street Journal,2020,07,13,65,1,1,1
Two Former Unaoil Managers Convicted on U.K. Bribery Charges,The Wall Street Journal,2020,07,13,65,1,1,1
New York Lawmakers to Hold Hearings on Impact of Coronavirus,The Wall Street Journal,2020,07,13,65,1,1,1
Super PAC University?,The Wall Street Journal,2020,07,13,65,1,1,1
California Pulls Back on Reopening Amid Surge in Virus Cases,The Wall Street Journal,2020,07,13,65,1,1,1
Your Sunny Fiscal Update,The Wall Street Journal,2020,07,13,65,1,1,1
Netflix Can’t Afford a Weak Sequel,The Wall Street Journal,2020,07,13,65,1,1,1
Roger Stone May Not Appeal Conviction Now That His Sentence Has Been Commuted,The Wall Street Journal,2020,07,13,65,1,1,1
Trump’s Niece Wins Legal Battle Over Tell-All Book,The Wall Street Journal,2020,07,13,65,1,1,1
The Case for Reopening Schools,The Wall Street Journal,2020,07,13,65,1,1,1
‘The Waterfall II’ by My Morning Jacket Review: A Rush of Inspiration From Years Ago,The Wall Street Journal,2020,07,13,65,1,1,1
U.S. 12-Month Deficit Hits $3 Trillion as Virus Stimulus Spending Soars,The Wall Street Journal,2020,07,13,65,1,1,1
"Tech-Stock Rally Isn’t Out of Juice Just Yet, Analysts Say",The Wall Street Journal,2020,07,13,65,1,1,1
Tesla Is Now Bigger Than Bank of America and American Express Combined,The Wall Street Journal,2020,07,13,65,1,1,1
Stock Rally Loses Steam in Volatile Session,The Wall Street Journal,2020,07,13,65,1,1,1
Notable & Quotable: Food,The Wall Street Journal,2020,07,13,65,1,1,1
Bridgewater Loses Claims It Brought Against Ex-Employees,The Wall Street Journal,2020,07,13,65,1,1,1
Disney Closing Hong Kong Property as Government Looks to Halt Virus,The Wall Street Journal,2020,07,13,65,1,1,1
Joe Biden’s Search for That Elusive Economic Consensus,The Wall Street Journal,2020,07,13,65,1,1,1
New York Pushes Tracking for Visitors,The Wall Street Journal,2020,07,13,65,1,1,1
New York City Police Officer’s Use of a Taser Is Under Investigation,The Wall Street Journal,2020,07,13,65,1,1,1
Congress’s Inaction May Halt Immigration,The Wall Street Journal,2020,07,13,65,1,1,1
Rule of Law in the South China Sea,The Wall Street Journal,2020,07,13,65,1,1,1
AOC’s Hill of Beans,The Wall Street Journal,2020,07,13,65,1,1,1
"Silver Soars, Outpacing Recent Gains in S&P 500 and Gold",The Wall Street Journal,2020,07,13,65,1,1,1
‘Butch Cassidy’ Review: The Allure of the Celebrity Outlaw,The Wall Street Journal,2020,07,13,65,1,1,1
"At Disney, Masks Are Required but Ears Are Optional",The Wall Street Journal,2020,07,13,65,1,1,1
Los Angeles Public Schools Won’t Open in Fall as Covid-19 Crisis Continues,The Wall Street Journal,2020,07,13,65,1,1,1
Mental Resilience Can Help You Through the Coronavirus Pandemic; Here’s How to Build It.,The Wall Street Journal,2020,07,13,65,1,1,1
OPEC Was Under Pressure Even Before Covid-19,The Wall Street Journal,2020,07,13,65,1,1,1
Ebony Magazine’s Creditors Aim to Force Publisher Into Bankruptcy,The Wall Street Journal,2020,07,23,66,1,1,1
Homeland Security Resumes Global Entry for New York State,The Wall Street Journal,2020,07,23,66,1,1,1
AMC Postpones Reopening of U.S. Theaters Until August,The Wall Street Journal,2020,07,23,66,1,1,1
A Note to Readers,The Wall Street Journal,2020,07,23,66,1,1,1
"Notable 
               & Quotable: Whitehouse’s Dark Money",The Wall Street Journal,2020,07,23,66,1,1,1
Tech Giants Aim to Solve West Coast Housing Shortage,The Wall Street Journal,2020,07,23,66,1,1,1
Coronavirus Corruption Draws Public’s Ire in Latin America,The Wall Street Journal,2020,07,23,66,1,1,1
Taro Pharma to Pay More Than $200 Million to Settle Generic-Drug Price-Fixing Case,The Wall Street Journal,2020,07,23,66,1,1,1
"Trump Cancels GOP Convention Events in Jacksonville, Fla.",The Wall Street Journal,2020,07,23,66,1,1,1
Connecticut Lawmakers to Vote on Police Reform Package,The Wall Street Journal,2020,07,23,66,1,1,1
What Should Jesus Look Like?,The Wall Street Journal,2020,07,23,66,1,1,1
Baseball’s Opening Day Rocked by Covid-19 Tests for Nationals Star Juan Soto,The Wall Street Journal,2020,07,23,66,1,1,1
Senate Republicans’ Coronavirus Plan Delayed Over Disagreements,The Wall Street Journal,2020,07,23,66,1,1,1
Moscow Isn’t New Delhi’s Pal,The Wall Street Journal,2020,07,23,66,1,1,1
Study Sheds Light on Regional Origins of Many Black Americans’ Enslaved Ancestors,The Wall Street Journal,2020,07,23,66,1,1,1
"Energy’s Winning Wagers: Against Natural-Gas Prices, for Producers",The Wall Street Journal,2020,07,23,66,1,1,1
John Lewis to Lie in State at the Capitol Next Week,The Wall Street Journal,2020,07,23,66,1,1,1
A Phase-Four Flop,The Wall Street Journal,2020,07,23,66,1,1,1
"Southwest, American Trim More Flying",The Wall Street Journal,2020,07,23,66,1,1,1
U.S. Virus Cases Surpass Four Million,The Wall Street Journal,2020,07,23,66,1,1,1
"Ann Taylor Owner Files for Bankruptcy, Plans to Close Up to 1,600 Stores",The Wall Street Journal,2020,07,23,66,1,1,1
"Chinese Xi Critic Expelled From Party, Faces Prosecution",The Wall Street Journal,2020,07,23,66,1,1,1
"If You Can’t Stand the Heat, It’s a Tough Summer",The Wall Street Journal,2020,07,23,66,1,1,1
Will Biden Rescue the Mullahs?,The Wall Street Journal,2020,07,23,66,1,1,1
Federal Anticrime Push in Kansas City Modeled on Prior Efforts as Scrutiny Grows,The Wall Street Journal,2020,07,23,66,1,1,1
"Twitter Adds More Users, but Revenue and Profit Fall",The Wall Street Journal,2020,07,23,66,1,1,1
Bankruptcy Judge Buries Probe of Neiman Backers,The Wall Street Journal,2020,07,23,66,1,1,1
White House Revokes Fair Housing Rule,The Wall Street Journal,2020,07,23,66,1,1,1
Alaska’s Election Initiative Is Rank,The Wall Street Journal,2020,07,23,66,1,1,1
U.S. Stocks Slide as Jobless Claims Edge Up,The Wall Street Journal,2020,07,23,66,1,1,1
Covid S.O.S. in Hidalgo,The Wall Street Journal,2020,07,23,66,1,1,1
The Mnuchin Follies,The Wall Street Journal,2020,07,23,66,1,1,1
"Disney Delays ‘Mulan’ Indefinitely, Postpones ‘Star Wars’ and ‘Avatar’ Sequels",The Wall Street Journal,2020,07,23,66,1,1,1
My Escape to America Shows the Price of Dissent in South Sudan,The Wall Street Journal,2020,07,23,66,1,1,1
Are Instagram's Algorithms Racially Biased? They're Looking Into It.,The Wall Street Journal,2020,07,23,66,1,1,1
Michael Cohen Ordered Released From Prison Again,The Wall Street Journal,2020,07,23,66,1,1,1
Taylor Swift’s New Album ‘Folklore’ Is Making a Surprise Debut,The Wall Street Journal,2020,07,23,66,1,1,1
Intel Posts Profit Surge but Warns of More Delays on Advanced Chips,The Wall Street Journal,2020,07,23,66,1,1,1
Pompeo Urges Chinese People to Change Communist Party,The Wall Street Journal,2020,07,23,66,1,1,1
"Georgia Governor, Atlanta Mayor Ordered Into Mediation Over Coronavirus Restrictions",The Wall Street Journal,2020,07,23,66,1,1,1
Head of Hearst Magazine Unit Resigns After Article Alleging Offensive Comments,The Wall Street Journal,2020,07,23,66,1,1,1
Bolivia Delays Presidential Vote Amid Coronavirus,The Wall Street Journal,2020,07,23,66,1,1,1
Turkey Retreats From Modernity,The Wall Street Journal,2020,07,23,66,1,1,1
‘Lady Romeo’ Review: Show Stopper,The Wall Street Journal,2020,07,23,66,1,1,1
CFTC Scales Back Oversight of Cross-Border Swaps Trading,The Wall Street Journal,2020,07,23,66,1,1,1
Here's Why U.S. Officials Are Worried About TikTok,The Wall Street Journal,2020,07,23,66,1,1,1
"AT&T Profit Sags Under Pressure From Satellite TV, Covid-19",The Wall Street Journal,2020,07,23,66,1,1,1
"Russia Tests an Anti-Satellite Weapon, U.S. Officials Say",The Wall Street Journal,2020,07,23,66,1,1,1
Everything You Need To Know About Robinhood Canceling Its International Expansion,The Wall Street Journal,2020,07,23,66,1,1,1
New York City Principals Demand Answers for School Reopening,The Wall Street Journal,2020,07,23,66,1,1,1
4 Books That Will Whisk You Away to Long-Lost Lands,The Wall Street Journal,2020,07,28,67,1,1,1
U.S. Stocks Fall Amid Bevy of Earnings Reports,The Wall Street Journal,2020,07,28,67,1,1,1
Senators Get a Meaty Education,The Wall Street Journal,2020,07,28,67,1,1,1
Hotels Hurry to Raise Cash as Federal Aid Could End,The Wall Street Journal,2020,07,28,67,1,1,1
Trump Retweets Attacks Against Fauci on Coronavirus Policy,The Wall Street Journal,2020,07,28,67,1,1,1
Coronavirus Stimulus Plan Splits Senate Republicans,The Wall Street Journal,2020,07,28,67,1,1,1
"CES Will Be Online Only in 2021, Opting Against Las Vegas Showcase",The Wall Street Journal,2020,07,28,67,1,1,1
VA Hospital Faulted in Suicide of Patient Who Sought Care,The Wall Street Journal,2020,07,28,67,1,1,1
Should College Sports Get the Ax?,The Wall Street Journal,2020,07,28,67,1,1,1
Remington Bankruptcy Could Endanger Sandy Hook Gun Litigation,The Wall Street Journal,2020,07,28,67,1,1,1
Biden and the Police,The Wall Street Journal,2020,07,28,67,1,1,1
Minneapolis Police Identify Man Suspected of Inciting Violence,The Wall Street Journal,2020,07,28,67,1,1,1
Visa Profit Falls on Lower Payments Volume,The Wall Street Journal,2020,07,28,67,1,1,1
"Georgia Governor, Atlanta Mayor Make Headway in Fight Over Virus Restrictions, Mask Mandate",The Wall Street Journal,2020,07,28,67,1,1,1
‘The Weight of Gold’ Review: When Dreams Become Burdens,The Wall Street Journal,2020,07,28,67,1,1,1
Kodak Shifts Into Drug Production With Help of $765 Million U.S. Loan,The Wall Street Journal,2020,07,28,67,1,1,1
Close-Up Shots in Distanced Times,The Wall Street Journal,2020,07,28,67,1,1,1
The World’s Covid Resurgence,The Wall Street Journal,2020,07,28,67,1,1,1
How to Hold Beijing Accountable for the Coronavirus,The Wall Street Journal,2020,07,28,67,1,1,1
"CEOs of Amazon, Apple, Facebook, Google Set for High-Stakes Hearing",The Wall Street Journal,2020,07,28,67,1,1,1
Bill Barr’s Other Prosecutor,The Wall Street Journal,2020,07,28,67,1,1,1
Chip Maker AMD Raises Sales Outlook as Intel Battle Heats Up,The Wall Street Journal,2020,07,28,67,1,1,1
Mystery Seeds Postmarked From China to Be Tested by U.S. Officials,The Wall Street Journal,2020,07,28,67,1,1,1
AMD Has to Stay on the Edge,The Wall Street Journal,2020,07,28,67,1,1,1
Eighteen Is Too Young to Vote,The Wall Street Journal,2020,07,28,67,1,1,1
Trump Push for FBI Building Funds in Virus Package Sparks Opposition,The Wall Street Journal,2020,07,28,67,1,1,1
Seattle Protesters Allege Police Abuses,The Wall Street Journal,2020,07,28,67,1,1,1
Gucci’s Sales Fell 34% in First Half,The Wall Street Journal,2020,07,28,67,1,1,1
"GOP Plan Would Help People, Boost Growth",The Wall Street Journal,2020,07,28,67,1,1,1
Chinese Hedge Funds Shine in Volatile Year,The Wall Street Journal,2020,07,28,67,1,1,1
"3M’s Sales Drop Despite Demand for Face Masks, Cleaning Supplies",The Wall Street Journal,2020,07,28,67,1,1,1
"Small-Business Disaster Relief Program Target of Fraud, Watchdog Says",The Wall Street Journal,2020,07,28,67,1,1,1
‘Porcelain’ Review: In Search of the Arcanum,The Wall Street Journal,2020,07,28,67,1,1,1
"Treasury Yields Fall on Lukewarm Data, Uncertainty Over Stimulus Relief",The Wall Street Journal,2020,07,28,67,1,1,1
The Marlins’ Season Is Put on Pause,The Wall Street Journal,2020,07,28,67,1,1,1
A Steeley Media Silence,The Wall Street Journal,2020,07,28,67,1,1,1
L Brands Preparing to Cut 15% of Its Corporate Jobs,The Wall Street Journal,2020,07,28,67,1,1,1
Barr Defends Federal Deployments to Break Up Protests in Tense Hearing,The Wall Street Journal,2020,07,28,67,1,1,1
‘Frayed’ Review: Back to the Backwater,The Wall Street Journal,2020,07,28,67,1,1,1
Biden Urges Bigger Role for Fed in Addressing Racial Wealth Gap,The Wall Street Journal,2020,07,28,67,1,1,1
"U.S. Coronavirus Infections Fall Below 60,000 for Second Straight Day",The Wall Street Journal,2020,07,28,67,1,1,1
EU Imposes Sanctions Over Hong Kong Security Law,The Wall Street Journal,2020,07,28,67,1,1,1
Mondelez Is Stung by Coronavirus Lockdowns in Emerging Markets,The Wall Street Journal,2020,07,28,67,1,1,1
"AMC, Universal Agree to Trim Theatrical Window Before Movies Go Online",The Wall Street Journal,2020,07,28,67,1,1,1
Starbucks Logs Another Sales Hit From Coronavirus,The Wall Street Journal,2020,07,28,67,1,1,1
Rival Companies Tussle to Buy Los Angeles Hospital Out of Bankruptcy,The Wall Street Journal,2020,07,28,67,1,1,1
Notable & Quotable: Seattle,The Wall Street Journal,2020,07,28,67,1,1,1
Pandemic Puts Pressure on Private Debt as Default Rates Rise,The Wall Street Journal,2020,07,28,67,1,1,1
It’s Getting Late Early for the Trump Re-Election Effort,The Wall Street Journal,2020,07,28,67,1,1,1
"Trump Administration to Halt New DACA Applicants, Review Canceling Program",The Wall Street Journal,2020,07,28,67,1,1,1
Clashes Erupt in Beirut Over Deadly Explosion,The Wall Street Journal,2020,08,08,68,1,1,1
Qualcomm Lobbies U.S. to Sell Chips for Huawei 5G Phones,The Wall Street Journal,2020,08,08,68,1,1,1
"Teachers’ Back-to-School List: Masks, Face Shields, Scrubs",The Wall Street Journal,2020,08,08,68,1,1,1
"How to Travel Luxuriously in the Summer of Covid-19, From Private Jets to Hotel Buyouts",The Wall Street Journal,2020,08,08,68,1,1,1
Transport ETFs Look to Recover,The Wall Street Journal,2020,08,08,68,1,1,1
Berkshire’s Profit Jumps as Market Rebound Boosts Results,The Wall Street Journal,2020,08,08,68,1,1,1
Losing Money Is a Winning Pandemic Tax Strategy for Some Companies,The Wall Street Journal,2020,08,08,68,1,1,1
Pepper...and Salt,The Wall Street Journal,2020,08,08,68,1,1,1
A Warm-Up That Can Double as a Workout,The Wall Street Journal,2020,08,08,68,1,1,1
U.S. Sanctions Chinese Officials Over Hong Kong Policy—Including Carrie Lam,The Wall Street Journal,2020,08,08,68,1,1,1
"Twitter, TikTok Have Held Preliminary Talks About Possible Combination",The Wall Street Journal,2020,08,08,68,1,1,1
Trump Bypasses Congress With Virus Executive Orders,The Wall Street Journal,2020,08,08,68,1,1,1
"While Covid-19 Donations Soar, Other Charities See a Big Hit to Funds",The Wall Street Journal,2020,08,08,68,1,1,1
How to Score Major Furniture Finds (and Savings) on Sites Like Craigslist,The Wall Street Journal,2020,08,08,68,1,1,1
Alabama Isn’t Giving Up on Playing Football This Fall,The Wall Street Journal,2020,08,08,68,1,1,1
NAACP Wades Into Fight Over Purdue Pharma’s Role in Opioid Crisis,The Wall Street Journal,2020,08,08,68,1,1,1
5 Myths About Stock Diversification,The Wall Street Journal,2020,08,08,68,1,1,1
Lawmakers’ Efforts to Restart PPP Stalled by Broader Fight,The Wall Street Journal,2020,08,08,68,1,1,1
What Is the Economic VIX?,The Wall Street Journal,2020,08,08,68,1,1,1
Game Isn’t Over for Pinball Machines After New York Arcade Closes,The Wall Street Journal,2020,08,08,68,1,1,1
"Air India Express Jet Overshoots Runway, Killing 18",The Wall Street Journal,2020,08,08,68,1,1,1
It’s Time to Revive the Anglosphere,The Wall Street Journal,2020,08,08,68,1,1,1
"All Agnès, All in One Place",The Wall Street Journal,2020,08,08,68,1,1,1
U.S. Covid-19 Cases Near Five Million,The Wall Street Journal,2020,08,08,68,1,1,1
"If You Need Cash Now, Here’s Which Accounts You Should Tap First",The Wall Street Journal,2020,08,08,68,1,1,1
"Nursing Home Deaths Are Rising Again, Federal Data Show",The Wall Street Journal,2020,08,08,68,1,1,1
‘Welcome to Hard Times’ by Charley Crockett Review: A Rogue Spirit’s Tales of Trouble,The Wall Street Journal,2020,08,08,68,1,1,1
Silver vs. Gold: How the Two Metals Compare as Investments,The Wall Street Journal,2020,08,08,68,1,1,1
"When the CEO Can’t Get on a Plane, Deputies Step Up",The Wall Street Journal,2020,08,08,68,1,1,1
The Mid-American Becomes First Top-Tier Conference to Cancel Football in Fall,The Wall Street Journal,2020,08,08,68,1,1,1
"As E-Commerce Booms, Robots Pick Up Human Slack",The Wall Street Journal,2020,08,08,68,1,1,1
"As Inventories Swell, Companies Turn to Novel Strategies to Get Through Coronavirus Crisis",The Wall Street Journal,2020,08,08,68,1,1,1
Life Without TikTok? U.S. Marketers Contemplate Their Options,The Wall Street Journal,2020,08,08,68,1,1,1
Venezuela’s Human Bargaining Chips,The Wall Street Journal,2020,08,19,69,1,1,1
Political Conventions Went Stale Before They Went Virtual,The Wall Street Journal,2020,08,19,69,1,1,1
Trump Calls for Goodyear Boycott Over Ban on Campaign Attire,The Wall Street Journal,2020,08,19,69,1,1,1
New Jersey Supreme Court Curbs Power of Newark’s Police Oversight Board,The Wall Street Journal,2020,08,19,69,1,1,1
The Postal Service Democrats,The Wall Street Journal,2020,08,19,69,1,1,1
‘Socialism Is Another Name for Disaster’,The Wall Street Journal,2020,08,19,69,1,1,1
Fed Minutes to Shed Light on Central Bank Strategy Review,The Wall Street Journal,2020,08,19,69,1,1,1
"Scotiabank Fined $127 Million for Price Manipulation, False Statements",The Wall Street Journal,2020,08,19,69,1,1,1
California’s Green Blackouts,The Wall Street Journal,2020,08,19,69,1,1,1
Postal Delivery Delays Trouble E-Commerce Sellers,The Wall Street Journal,2020,08,19,69,1,1,1
"After Tragedy in Beirut, End Lebanon’s U.N. Farce",The Wall Street Journal,2020,08,19,69,1,1,1
Traders Accused of Market Manipulation Allege Misconduct by Prosecutors,The Wall Street Journal,2020,08,19,69,1,1,1
Apple at $2 Trillion Leaves No Room for Error,The Wall Street Journal,2020,08,19,69,1,1,1
Publisher’s Report and Objective Journalism,The Wall Street Journal,2020,08,19,69,1,1,1
Michigan to Pay $600 Million in Flint Water Crisis Settlement,The Wall Street Journal,2020,08,19,69,1,1,1
Joe Biden Revives the Four-Corners Offense,The Wall Street Journal,2020,08,19,69,1,1,1
"U.S. Won’t Pursue Death Penalty Against Two Islamic Militants, Justice Department Tells British",The Wall Street Journal,2020,08,19,69,1,1,1
Bayern Munich Cruises Into Champions League Final,The Wall Street Journal,2020,08,19,69,1,1,1
Airbnb Files Confidentially for IPO With SEC,The Wall Street Journal,2020,08,19,69,1,1,1
U.S. Stocks Slip After S&P 500’s Record Close,The Wall Street Journal,2020,08,19,69,1,1,1
Retailers See E-Commerce Investments Pay Off Big as Coronavirus Keeps Shoppers Home,The Wall Street Journal,2020,08,19,69,1,1,1
John Ford’s First Rodeos,The Wall Street Journal,2020,08,19,69,1,1,1
Target Posts Record Growth as Pandemic Fuels E-Commerce,The Wall Street Journal,2020,08,19,69,1,1,1
Amtrak Blamed for Cost Overruns for New York’s Moynihan Station,The Wall Street Journal,2020,08,19,69,1,1,1
New U.S. Covid-19 Cases Jump as Fears Grow Over Campus Spread,The Wall Street Journal,2020,08,19,69,1,1,1
The Latest Pain Trade on Wall Street: Banks,The Wall Street Journal,2020,08,19,69,1,1,1
"After Mali Coup, Mutineers Pledge Fresh Elections",The Wall Street Journal,2020,08,19,69,1,1,1
"‘Sam Gilliam’ Review: Flowing Color, Billowing Canvas",The Wall Street Journal,2020,08,19,69,1,1,1
The Russian Grassy Knoll,The Wall Street Journal,2020,08,19,69,1,1,1
"Crackdown on Gun Crime Has Brought 1,400 Arrests So Far",The Wall Street Journal,2020,08,19,69,1,1,1
Trump Praises QAnon Followers as ‘People That Love Our Country’,The Wall Street Journal,2020,08,19,69,1,1,1
John Kerry’s Fantasy World,The Wall Street Journal,2020,08,19,69,1,1,1
Wildfires Tear Across California,The Wall Street Journal,2020,08,19,69,1,1,1
Apple Surges to $2 Trillion Market Value,The Wall Street Journal,2020,08,19,69,1,1,1
Next Steps on Coronavirus Stimulus Divide Both Parties,The Wall Street Journal,2020,08,19,69,1,1,1
U.S. Risks Diplomatic Isolation With Bid to Reimpose U.N. Sanctions on Iran,The Wall Street Journal,2020,08,19,69,1,1,1
Company Write-Downs Surge as Business Slows During Covid-19,The Wall Street Journal,2020,08,19,69,1,1,1
Fund’s Woes Highlight Risks Lurking in Commodity ETFs,The Wall Street Journal,2020,08,19,69,1,1,1
Offshore Drilling Contractor Valaris Files for Bankruptcy in the U.S.,The Wall Street Journal,2020,08,19,69,1,1,1
Why Would States Limit Hospital-Bed Supply?,The Wall Street Journal,2020,08,19,69,1,1,1
There’s Little Democratic Center Left to Hold,The Wall Street Journal,2020,08,19,69,1,1,1
Facebook Removes QAnon Groups,The Wall Street Journal,2020,08,19,69,1,1,1
Insurance Executive Greg Lindberg Sentenced to Seven Years and Three Months in Prison,The Wall Street Journal,2020,08,19,69,1,1,1
Fed Sees Need for Additional Support but Is Vague on Timing,The Wall Street Journal,2020,08,19,69,1,1,1
‘Promised Land’ Review: A Short-Lived Consensus,The Wall Street Journal,2020,08,19,69,1,1,1
Nvidia Posts Record Sales as Pandemic Sustains Chip Demand,The Wall Street Journal,2020,08,19,69,1,1,1
New York Teachers Union Threatens Strike if Schools Reopen Without Safety Measures,The Wall Street Journal,2020,08,19,69,1,1,1
Kamala Harris and the Anarchists,The Wall Street Journal,2020,08,19,69,1,1,1
Senate Report Faults FBI’s Handling of 2016 Election Probes,The Wall Street Journal,2020,08,19,69,1,1,1
Joe Biden’s Aviators: A Fashion (and Political) Statement,The Wall Street Journal,2020,08,19,69,1,1,1
Harvard Board Gains Backers of Fossil Fuel Divestment,The Wall Street Journal,2020,08,21,70,1,1,1
A Prime Minister-Like President: Good Idea,The Wall Street Journal,2020,08,21,70,1,1,1
The Battle Over Snapback Sanctions,The Wall Street Journal,2020,08,21,70,1,1,1
The Normalcy of Trump’s Republican Party,The Wall Street Journal,2020,08,21,70,1,1,1
S&P 500 Notches Longest Weekly Winning Streak of 2020,The Wall Street Journal,2020,08,21,70,1,1,1
The Last Race Card?,The Wall Street Journal,2020,08,21,70,1,1,1
Covid-19 Pay Cuts Are Coming to an End at Some Companies,The Wall Street Journal,2020,08,21,70,1,1,1
SEC Boosting Privacy for Big Market-Surveillance Database,The Wall Street Journal,2020,08,21,70,1,1,1
Texas-Based Driller Arena Energy Files for Bankruptcy,The Wall Street Journal,2020,08,21,70,1,1,1
Trump Holds Private Funeral for His Brother at White House,The Wall Street Journal,2020,08,21,70,1,1,1
Capital-Gains Rate Matters To Non-Wealthy Americans,The Wall Street Journal,2020,08,21,70,1,1,1
"Lowe’s, Oracle, American Airlines: Stocks That Defined the Week",The Wall Street Journal,2020,08,21,70,1,1,1
Staff Press Facebook to Change Policies on India Hate Speech,The Wall Street Journal,2020,08,21,70,1,1,1
"Peter Thiel’s Palantir Shows Steep Losses, and Some Hope, Ahead of Listing",The Wall Street Journal,2020,08,21,70,1,1,1
Democrats Make This Nonnative Restless,The Wall Street Journal,2020,08,21,70,1,1,1
A New Look at Germany’s Jewish Past,The Wall Street Journal,2020,08,21,70,1,1,1
Mexican President Faces Hard Questions Over Videos of Brother,The Wall Street Journal,2020,08,21,70,1,1,1
Some Chicago Residents Are Clashing With Protesters Over Defunding Police,The Wall Street Journal,2020,08,21,70,1,1,1
Lawsuit Claims U.S. WeChat Ban Is Unconstitutional,The Wall Street Journal,2020,08,21,70,1,1,1
"David Pecker, CEO of National Enquirer’s Parent, Steps Down",The Wall Street Journal,2020,08,21,70,1,1,1
‘The Habsburgs: To Rule the World’ Review: An Ideal Empire,The Wall Street Journal,2020,08,21,70,1,1,1
Why Are There Still Not Enough Paper Towels?,The Wall Street Journal,2020,08,21,70,1,1,1
"Natural Gas Prices Are on Fire, but Producers Are Holding Back",The Wall Street Journal,2020,08,21,70,1,1,1
How ‘Sticky’ Are Those Biden Republicans?,The Wall Street Journal,2020,08,21,70,1,1,1
"After Democrats Nominate Biden, Spotlight Shifts to Trump, RNC",The Wall Street Journal,2020,08,21,70,1,1,1
Lori Loughlin Sentenced to Two Months in College-Admissions Scandal,The Wall Street Journal,2020,08,21,70,1,1,1
California Wildfires Continue to Rage Across State,The Wall Street Journal,2020,08,21,70,1,1,1
Israel and U.A.E. Get Down to Business,The Wall Street Journal,2020,08,21,70,1,1,1
Home-Improvement Stocks Stay the Course Amid Nesting During Covid-19,The Wall Street Journal,2020,08,21,70,1,1,1
Big Theater Chains Tout Safe-Moviegoing Measures,The Wall Street Journal,2020,08,21,70,1,1,1
Kamala Flunks Article VI’s No Religious Test Provision,The Wall Street Journal,2020,08,21,70,1,1,1
Curtiss-Wright Discloses Possible Russia Sanctions Violations,The Wall Street Journal,2020,08,21,70,1,1,1
Colleges Worried About Covid-19 Cases Tell Students to Stop Partying,The Wall Street Journal,2020,08,21,70,1,1,1
Lifestyles of the Rich and Populist,The Wall Street Journal,2020,08,21,70,1,1,1
A Mail-Voting Redo in New Jersey,The Wall Street Journal,2020,08,21,70,1,1,1
Vista Equity’s Robert Smith Under Federal Tax Probe,The Wall Street Journal,2020,08,21,70,1,1,1
Seattle Mayor Vetoes City Budget That Proposed Cuts to Police,The Wall Street Journal,2020,08,21,70,1,1,1
‘The Churchill Complex’ Review: Anglo-American Attitudes,The Wall Street Journal,2020,08,21,70,1,1,1
Facebook CMO Antonio Lucio to Exit,The Wall Street Journal,2020,08,21,70,1,1,1
Lawmakers Urge More Lending to U.S. Firms Hit by Coronavirus Fallout,The Wall Street Journal,2020,08,21,70,1,1,1
Biden Plans to Cancel a Big Portion of Student Loan Debt,The Wall Street Journal,2020,08,21,70,1,1,1
Democratic Convention Draws Over 24.6 Million Viewers as Biden Accepts Nomination,The Wall Street Journal,2020,08,21,70,1,1,1
Postmaster General Louis DeJoy Defends Changes Before Senate Committee,The Wall Street Journal,2020,08,21,70,1,1,1
‘A Dominant Character’ Review: The Most Problematic Polymath,The Wall Street Journal,2020,08,21,70,1,1,1
"New Coronavirus Cases Below 50,000 in U.S. for Sixth Straight Day",The Wall Street Journal,2020,08,21,70,1,1,1
Joe Biden’s Me-Too Covid Plan,The Wall Street Journal,2020,08,21,70,1,1,1
Home Sales Reach Lofty Heights,The Wall Street Journal,2020,08,21,70,1,1,1
FDA’s Authority to Regulate Lab Tests Is Curtailed,The Wall Street Journal,2020,08,21,70,1,1,1
Covid Summer Drew This Tourist off the Beaten Path,The Wall Street Journal,2020,08,21,70,1,1,1
Counting the Cost of Britain’s Lockdown,The Wall Street Journal,2020,08,21,70,1,1,1
Government Reviewer of Bolton Book Describes Unprecedented White House Intervention,The Wall Street Journal,2020,09,23,71,1,1,1
Acting DHS Chief’s Confirmation Hearing Brings Pointed Questioning,The Wall Street Journal,2020,09,23,71,1,1,1
New York’s MTA Wants to Borrow Up to $2.9 Billion From Federal Reserve,The Wall Street Journal,2020,09,23,71,1,1,1
What Evidence Is There of Big Tech’s Harm?,The Wall Street Journal,2020,09,23,71,1,1,1
A Robot Beats Humans at Their Own Game—This Time on the Ice,The Wall Street Journal,2020,09,23,71,1,1,1
How to Make a Really Beautiful Rice Bowl,The Wall Street Journal,2020,09,23,71,1,1,1
Ruth Bader Ginsburg and Her Replacement,The Wall Street Journal,2020,09,23,71,1,1,1
SEC Votes to Amend Whistleblower-Award Rules,The Wall Street Journal,2020,09,23,71,1,1,1
Fed Officials Step Up Calls for More Government Spending to Speed Economic Recovery,The Wall Street Journal,2020,09,23,71,1,1,1
California to Ban Sales of New Gas-Powered Cars Starting in 2035,The Wall Street Journal,2020,09,23,71,1,1,1
Trudeau Pivots From Scandal With Rebuild of Canadian Economy,The Wall Street Journal,2020,09,23,71,1,1,1
Pompeo Warns About Chinese Influence in Wisconsin Visit,The Wall Street Journal,2020,09,23,71,1,1,1
Brooklyn Redevelopment Proposal Withdrawn After Local Backlash,The Wall Street Journal,2020,09,23,71,1,1,1
Justice for Breonna Taylor,The Wall Street Journal,2020,09,23,71,1,1,1
Nikola’s Talks With Energy Firms Stalled Following Short-Seller Report,The Wall Street Journal,2020,09,23,71,1,1,1
"WeWork Sells Majority Stake in China Business, Cutting Costs",The Wall Street Journal,2020,09,23,71,1,1,1
Enterprise Tech Efforts Move Beyond Survival Mode,The Wall Street Journal,2020,09,23,71,1,1,1
"Hunter Biden, Andrew Cuomo and the Russian Billionaire",The Wall Street Journal,2020,09,23,71,1,1,1
Justice Ruth Bader Ginsburg Commemorations Begin in Washington,The Wall Street Journal,2020,09,23,71,1,1,1
Photos: Justice Ruth Bader Ginsburg Commemorations,The Wall Street Journal,2020,09,23,71,1,1,1
Evans Says He Supports Fed’s Low-Rate Guidance,The Wall Street Journal,2020,09,23,71,1,1,1
Biden Can’t Duck Trump’s Court,The Wall Street Journal,2020,09,23,71,1,1,1
JPMorgan Nears Deal to Settle Spoofing Probes,The Wall Street Journal,2020,09,23,71,1,1,1
Harvard Business School Pledges to Tackle Race Issues,The Wall Street Journal,2020,09,23,71,1,1,1
Hunter Biden’s Business,The Wall Street Journal,2020,09,23,71,1,1,1
‘Law & Leviathan’ Review: Self-Government Minus the Self,The Wall Street Journal,2020,09,23,71,1,1,1
Here We Go Again: Debates Start Tuesday,The Wall Street Journal,2020,09,23,71,1,1,1
"U.S. Coronavirus Cases Rise by Nearly 40,000",The Wall Street Journal,2020,09,23,71,1,1,1
A Triumph for Peace Is a Humiliation for the ‘Peace Industry’,The Wall Street Journal,2020,09,23,71,1,1,1
Jeffrey Katzenberg to Pay Near $30 Million for William P. Lauder’s Beverly Hills Home,The Wall Street Journal,2020,09,23,71,1,1,1
TikTok Asks Judge to Halt Trump’s Download Ban,The Wall Street Journal,2020,09,23,71,1,1,1
Are College Reopenings Fueling Covid-19's Spread?,The Wall Street Journal,2020,09,23,71,1,1,1
"Bank to Pay Record Fine for 23 Million Money-Laundering, Terror-Financing Breaches",The Wall Street Journal,2020,09,23,71,1,1,1
‘Belfast Blues’ Review: A Cautionary Tale of the Troubles,The Wall Street Journal,2020,09,23,71,1,1,1
No Need to Sweat Covid Vaccination Rates,The Wall Street Journal,2020,09,23,71,1,1,1
Violence Plagues Afghanistan as Peace Talks With Taliban Struggle to Take Off,The Wall Street Journal,2020,09,23,71,1,1,1
Doubling Down on a Modern Farmhouse Design on Long Island,The Wall Street Journal,2020,09,23,71,1,1,1
Stakeholders vs. Shareholders,The Wall Street Journal,2020,09,23,71,1,1,1
"University of California Accepted Less Qualified Students With Connections, Audit Says",The Wall Street Journal,2020,09,23,71,1,1,1
‘Shofuso and Modernism: Mid-Century Collaboration Between Japan and Philadelphia’ Review: A Cross-Cultural Home,The Wall Street Journal,2020,09,23,71,1,1,1
Notable & Quotable: Lisa Murkowski,The Wall Street Journal,2020,09,23,71,1,1,1
Dow Industrials Fall More Than 500 Points,The Wall Street Journal,2020,09,23,71,1,1,1
Trump Won’t Commit to Peaceful Transfer of Power After Election,The Wall Street Journal,2020,09,23,71,1,1,1
Procter & Gamble Calls for Change to Annual TV Ad-Buying Process,The Wall Street Journal,2020,09,23,71,1,1,1
"Good Vaccine Progress, Bad Politics",The Wall Street Journal,2020,09,23,71,1,1,1
Secrets of Wealthy Women Podcast Listeners: Share Your Thoughts,The Wall Street Journal,2020,09,23,71,1,1,1
Joe Biden’s Proposed Spending Comes With a High Cost,The Wall Street Journal,2020,09,23,71,1,1,1
SEC Raises Bar for Shareholder Resolutions,The Wall Street Journal,2020,09,23,71,1,1,1
Pandemic Tips New York City’s Martinique Hotel Into Bankruptcy,The Wall Street Journal,2020,09,23,71,1,1,1
DOJ to Seek Curbs on Immunity for Internet Companies,The Wall Street Journal,2020,09,23,71,1,1,1
Tampa Bay Lightning Win the Stanley Cup,The Wall Street Journal,2020,09,28,72,1,1,1
‘The New Map’ Review: Tapping the Untappable,The Wall Street Journal,2020,09,28,72,1,1,1
"Hertz CFO Steps Down After Less Than Two Months, Forfeits Bonus",The Wall Street Journal,2020,09,28,72,1,1,1
Ransomware Attack Hits Universal Health Services,The Wall Street Journal,2020,09,28,72,1,1,1
Notable & Quotable: ‘Trump Is Boring’,The Wall Street Journal,2020,09,28,72,1,1,1
United Trims Furlough Plans,The Wall Street Journal,2020,09,28,72,1,1,1
Global Coronavirus Deaths Surpass One Million,The Wall Street Journal,2020,09,28,72,1,1,1
Supreme Court Nominees in Our Controversial Times,The Wall Street Journal,2020,09,28,72,1,1,1
Pentagon Can Help Beat China in 5G,The Wall Street Journal,2020,09,28,72,1,1,1
Amy Coney Barrett and the Scalia Standard,The Wall Street Journal,2020,09,28,72,1,1,1
"McConnell Plan to Fill Court Seat Carries Electoral Risks, Rewards",The Wall Street Journal,2020,09,28,72,1,1,1
Pakistan to Weigh Reinstating Death Sentence on Accused Killer of WSJ Reporter,The Wall Street Journal,2020,09,28,72,1,1,1
Disney Sells Ad-Tech Firm TrueX to Gimbal,The Wall Street Journal,2020,09,28,72,1,1,1
Coronavirus Cases Rise in Parts of New York City,The Wall Street Journal,2020,09,28,72,1,1,1
Joe Biden and the Borking of Supreme Court Nominees,The Wall Street Journal,2020,09,28,72,1,1,1
Democrats Unveil $2.2 Trillion Coronavirus Stimulus Bill,The Wall Street Journal,2020,09,28,72,1,1,1
"Household Wealth Rose in Years Before Pandemic, Fed Says",The Wall Street Journal,2020,09,28,72,1,1,1
ESG Funds Are Competitive and Doing Good,The Wall Street Journal,2020,09,28,72,1,1,1
Officer Charged in Breonna Taylor Case Pleads Not Guilty,The Wall Street Journal,2020,09,28,72,1,1,1
Trump’s Unhappy Returns,The Wall Street Journal,2020,09,28,72,1,1,1
Possible China Blacklist Adds More Uncertainty for U.S. Businesses,The Wall Street Journal,2020,09,28,72,1,1,1
An Antiterror Opportunity in Sudan,The Wall Street Journal,2020,09,28,72,1,1,1
Maryland County to Pay $20 Million to Settle Suit Over Police Shooting,The Wall Street Journal,2020,09,28,72,1,1,1
Paris Attack Puts Focus on Threat From Islamic Antiblasphemy Groups,The Wall Street Journal,2020,09,28,72,1,1,1
"Science’s Goal Is Good Science, Not Diversity",The Wall Street Journal,2020,09,28,72,1,1,1
"Here's What You Need to Know About Amy Coney Barrett, Trump’s Supreme Court Pick",The Wall Street Journal,2020,09,28,72,1,1,1
‘Shiver’ by Jónsi Review: Earnestness Meets Electronics,The Wall Street Journal,2020,09,28,72,1,1,1
Opioid Victims Seek Chance to Take Purdue’s Owners to Court,The Wall Street Journal,2020,09,28,72,1,1,1
Florida Police Release New Details of Incident Involving Brad Parscale,The Wall Street Journal,2020,09,28,72,1,1,1
"Amy Coney Barrett and Joe Biden: Two Catholics, One Double Standard",The Wall Street Journal,2020,09,28,72,1,1,1
"Microsoft Office 365, Azure Cloud Disrupted by Service Issues",The Wall Street Journal,2020,09,28,72,1,1,1
Uber Wins Back License to Operate in London After Yearslong Battle,The Wall Street Journal,2020,09,28,72,1,1,1
Bidenomics May Repeat FDR’s Blunder,The Wall Street Journal,2020,09,28,72,1,1,1
Senators Set Up Meetings With Supreme Court Nominee Amy Coney Barrett,The Wall Street Journal,2020,09,28,72,1,1,1
Congress’s Covid Income Redistribution,The Wall Street Journal,2020,09,28,72,1,1,1
Caesars Makes $3.7 Billion Offer for U.K. Bookmaker William Hill,The Wall Street Journal,2020,09,28,72,1,1,1
The Story Becomes a Legend,The Wall Street Journal,2020,09,28,72,1,1,1
Hacker Releases Data on Las Vegas-Area Students After Officials Don’t Pay Ransom,The Wall Street Journal,2020,09,28,72,1,1,1
"Shale Merger Promises Big Payout, Just Not Yet",The Wall Street Journal,2020,09,28,72,1,1,1
Container Line CMA CGM Hit by Cyberattack,The Wall Street Journal,2020,09,28,72,1,1,1
The EU Isn’t Built to Lead,The Wall Street Journal,2020,09,28,72,1,1,1
Recreational Vehicle Sales Rise as New Buyers Take to the Highway,The Wall Street Journal,2020,09,28,72,1,1,1
California Wildfires Force Tens of Thousands to Evacuate,The Wall Street Journal,2020,09,28,72,1,1,1
EPA Raises Legal Questions About California Ban on Gas-Powered Cars,The Wall Street Journal,2020,09,28,72,1,1,1
New Limits Urged on Americans’ Sugar Consumption Amid Rising Obesity Concerns,The Wall Street Journal,2020,09,28,72,1,1,1
"Stocks Rally, Driven by Bank and Energy Sectors",The Wall Street Journal,2020,09,28,72,1,1,1
Hearing in ‘Fortnite’ Maker’s Apple Lawsuit Tests Antitrust Claims,The Wall Street Journal,2020,09,28,72,1,1,1
Here's What President Trump Said About His Tax Returns,The Wall Street Journal,2020,09,28,72,1,1,1
New York City Seeks Private Funding to Cover Cost of Presidential Election,The Wall Street Journal,2020,09,28,72,1,1,1
"U.S. Likely Exceeded Authority in TikTok Ban, Judge Says",The Wall Street Journal,2020,09,28,72,1,1,1
Thank These Nobel Laureates for Your Cellphone,The Wall Street Journal,2020,10,12,73,1,1,1
Amy Coney Barrett Should Refuse to Recuse,The Wall Street Journal,2020,10,12,73,1,1,1
What You Need to Know About Covid-19 and Pregnancy,The Wall Street Journal,2020,10,12,73,1,1,1
Why Trump Doesn’t Need to Wear a Mask,The Wall Street Journal,2020,10,12,73,1,1,1
Zoom Will Need to Start Phoning It In,The Wall Street Journal,2020,10,12,73,1,1,1
"Congrats, Illinois, You’ll Be 47th!",The Wall Street Journal,2020,10,12,73,1,1,1
Facebook Bans Content Denying the Holocaust on Its Platforms,The Wall Street Journal,2020,10,12,73,1,1,1
California Election Official Demands State GOP Remove Ballot Drop Boxes,The Wall Street Journal,2020,10,12,73,1,1,1
"McDonald’s, Chipotle and Domino’s Are Booming While Neighborhood Restaurants Struggle",The Wall Street Journal,2020,10,12,73,1,1,1
Billy Beane Set to Leave Baseball Behind in Fenway Sports Deal,The Wall Street Journal,2020,10,12,73,1,1,1
A World of Geopolitical Opportunity,The Wall Street Journal,2020,10,12,73,1,1,1
"Covid-19 Cases Climb in New Jersey, Worrying Health Officials",The Wall Street Journal,2020,10,12,73,1,1,1
Wisconsin Says Foxconn Doesn’t Qualify for Subsidies,The Wall Street Journal,2020,10,12,73,1,1,1
Construction Magnate Gives $300 Million to Alma Mater,The Wall Street Journal,2020,10,12,73,1,1,1
Public-Health Experts Rethink Lockdowns as Covid Cases Surge,The Wall Street Journal,2020,10,12,73,1,1,1
A Whimsical Home on Southampton’s Meadow Lane,The Wall Street Journal,2020,10,12,73,1,1,1
Here's What Leaving Silicon Valley Could Mean for Tech Workers' Pay,The Wall Street Journal,2020,10,12,73,1,1,1
CEOs Increasingly See Sustainability as Path to Profitability,The Wall Street Journal,2020,10,12,73,1,1,1
‘The Luckiest Man’ Review: Remembering a Maverick,The Wall Street Journal,2020,10,12,73,1,1,1
Amy Coney Barrett and the Ivies,The Wall Street Journal,2020,10,12,73,1,1,1
Natural Gas Surges as Traders Brace for Cold Winter,The Wall Street Journal,2020,10,12,73,1,1,1
PC Demand During Pandemic Fuels Strongest U.S. Market Growth in a Decade,The Wall Street Journal,2020,10,12,73,1,1,1
New U.S. Coronavirus Infections Fall but Remain Elevated in Midwest,The Wall Street Journal,2020,10,12,73,1,1,1
Tech Stocks Power Markets Higher,The Wall Street Journal,2020,10,12,73,1,1,1
Trump Tests Negative for Covid-19 on Consecutive Days,The Wall Street Journal,2020,10,12,73,1,1,1
What Happens When Employers Shorten the Workweek?,The Wall Street Journal,2020,10,12,73,1,1,1
Cuomo Unveils Statue of Mother Cabrini in New York City,The Wall Street Journal,2020,10,12,73,1,1,1
Now They’re After Lincoln,The Wall Street Journal,2020,10,12,73,1,1,1
"Republicans, Democrats Clash at Confirmation Hearing for Amy Coney Barrett",The Wall Street Journal,2020,10,12,73,1,1,1
Dr. Fauci Protests Too Much,The Wall Street Journal,2020,10,12,73,1,1,1
Trump’s Past Tax Records Are Irrelevant Now,The Wall Street Journal,2020,10,12,73,1,1,1
Nobel Prize in Economics Is Awarded for Invention of New Auction Formats,The Wall Street Journal,2020,10,12,73,1,1,1
Coronavirus Stimulus Spending Consensus Eludes Global Leaders,The Wall Street Journal,2020,10,12,73,1,1,1
"New York Can Stop a Second Wave of Covid-19, Gov. Cuomo Says",The Wall Street Journal,2020,10,12,73,1,1,1
A Big Montecito Estate Sells for Little Over Half Its Original $125 Million Asking Price,The Wall Street Journal,2020,10,12,73,1,1,1
Grand Central Oyster Bar Closes After Reopening at Limited Capacity,The Wall Street Journal,2020,10,12,73,1,1,1
Purdue Responds on Judge Amy Coney Barrett’s Title IX Opinion,The Wall Street Journal,2020,10,12,73,1,1,1
"Bed Bath & Beyond CFO Looks to Declutter Shelves, Reduce Working Capital",The Wall Street Journal,2020,10,12,73,1,1,1
Twilio to Acquire Customer-Data Firm for $3.2 Billion,The Wall Street Journal,2020,10,12,73,1,1,1
"‘Anime, Trauma and Divorce’ by Open Mike Eagle Review: Life Gone Wrong",The Wall Street Journal,2020,10,12,73,1,1,1
Southwest Airlines to Challenge Rivals at O’Hare and in Houston,The Wall Street Journal,2020,10,12,73,1,1,1
Is the Cure for Racism Really More Racism?,The Wall Street Journal,2020,10,12,73,1,1,1
Surging Online Sales Drive Growth for Shopify’s Fulfillment Service,The Wall Street Journal,2020,10,12,73,1,1,1
Election 2020 and ‘the Invisible’,The Wall Street Journal,2020,10,12,73,1,1,1
Wisconsin Judge Upholds Governor’s Mask Order,The Wall Street Journal,2020,10,12,73,1,1,1
Disney Elevates Streaming Unit in Reorganization,The Wall Street Journal,2020,10,12,73,1,1,1
Many Corporate Boards Still Face Shortage of Tech Expertise,The Wall Street Journal,2020,10,12,73,1,1,1
"Trump, Biden Campaign Travels Show Expanded Battleground Map",The Wall Street Journal,2020,10,12,73,1,1,1
Do Babies Need to Eat Meat?,The Wall Street Journal,2020,10,12,73,1,1,1
Covid-19 Reinfection Documented in Nevada Adds to Questions on Virus Immunity,The Wall Street Journal,2020,10,12,73,1,1,1
Requirements for H-1B Visa Shouldn’t Be Overly Narrow,The Wall Street Journal,2020,10,13,74,1,1,1
Investors Prepare for Higher Treasury Yields as Election Looms,The Wall Street Journal,2020,10,13,74,1,1,1
U.S. Covid-19 Hospitalizations Hit Highest Level in Nearly Six Weeks,The Wall Street Journal,2020,10,13,74,1,1,1
Q&A With AMC’s Top Executive on Movie Theaters’ Plight Amid Coronavirus,The Wall Street Journal,2020,10,13,74,1,1,1
"Changing Meaning of Tolerance, and Its Lack",The Wall Street Journal,2020,10,13,74,1,1,1
Will Amazon Suppress the True Michael Brown Story?,The Wall Street Journal,2020,10,13,74,1,1,1
Theranos Founder Elizabeth Holmes Loses Bid to Dismiss Criminal Charges,The Wall Street Journal,2020,10,13,74,1,1,1
Teladoc Sues Rival Over Hospital Robot Patents,The Wall Street Journal,2020,10,13,74,1,1,1
Can You Ask Your Boss for Child Care Flexibility Without Hurting Your Career?,The Wall Street Journal,2020,10,13,74,1,1,1
Trump’s Drug-Discount Cards Expected to Reach Medicare Recipients After Election,The Wall Street Journal,2020,10,13,74,1,1,1
Business Insider Parent Nears Deal to Buy Controlling Stake in Morning Brew,The Wall Street Journal,2020,10,13,74,1,1,1
Sheldon Whitehouse Does Glenn Beck,The Wall Street Journal,2020,10,13,74,1,1,1
Halloween 2020: Candy Chutes. Quarantined Books. Virtual Costume Contests.,The Wall Street Journal,2020,10,13,74,1,1,1
Exiled Chinese Businessman’s Manhattan Apartment Is Put in Bankruptcy,The Wall Street Journal,2020,10,13,74,1,1,1
Mail Voting Done Better,The Wall Street Journal,2020,10,13,74,1,1,1
Supreme Court Allows Trump Administration to End Census Count Early,The Wall Street Journal,2020,10,13,74,1,1,1
Group Discussed Kidnapping Virginia Gov. Ralph Northam,The Wall Street Journal,2020,10,13,74,1,1,1
"BlackRock’s Profit Climbs on Steady Inflows, Higher Fee Revenue",The Wall Street Journal,2020,10,13,74,1,1,1
Theater Chain AMC Says It Could Run Out of Cash by Year-End,The Wall Street Journal,2020,10,13,74,1,1,1
New York City Police Seek Input on Reforms After Summer Protests,The Wall Street Journal,2020,10,13,74,1,1,1
Is There Still Hope for the Trump Campaign?,The Wall Street Journal,2020,10,13,74,1,1,1
Study of Eli Lilly Covid-19 Drug Paused Due to Safety Concern,The Wall Street Journal,2020,10,13,74,1,1,1
Capital Group Boosts Stake in Deutsche Bank,The Wall Street Journal,2020,10,13,74,1,1,1
What Is the Minimum Wage Really About?,The Wall Street Journal,2020,10,13,74,1,1,1
Apple’s New iPhones Aim High and Wide,The Wall Street Journal,2020,10,13,74,1,1,1
Urban Outfitters Promotes CFO to COO as Part of Executive Shuffle,The Wall Street Journal,2020,10,13,74,1,1,1
"Pharmaceutical, Biotech and Banking Companies Lead the Way in Social Responsibility",The Wall Street Journal,2020,10,13,74,1,1,1
"Squarespace Taps New CFO to Improve Forecasting, Reporting as Company Weighs IPO",The Wall Street Journal,2020,10,13,74,1,1,1
These Are the World's 10 Most Sustainably Managed Companies,The Wall Street Journal,2020,10,13,74,1,1,1
Virginia’s Voter-Registration Site Goes Offline on Last Day to Register,The Wall Street Journal,2020,10,13,74,1,1,1
"How Do Real-Estate Agents Show Homes During Covid? With Face Masks, Gloves and Some Ingenuity",The Wall Street Journal,2020,10,13,74,1,1,1
"Boeing Subsidies Merit EU Tariffs on $4 Billion in U.S. Goods, WTO Rules",The Wall Street Journal,2020,10,13,74,1,1,1
Racism and Continuing U.S. Racial Disparities,The Wall Street Journal,2020,10,13,74,1,1,1
Amy Coney Barrett Faces Lawmakers’ Questions,The Wall Street Journal,2020,10,13,74,1,1,1
Treasury Unit Warns Banks of Unemployment Fraud,The Wall Street Journal,2020,10,13,74,1,1,1
Trump Renews Criticism of Dr. Anthony Fauci,The Wall Street Journal,2020,10,13,74,1,1,1
Companies Grapple With Sustainability Data,The Wall Street Journal,2020,10,13,74,1,1,1
J&J Vaccine Pause Shows Challenges Still Ahead for Covid-19 Shots,The Wall Street Journal,2020,10,13,74,1,1,1
Who’s Afraid of Amy Coney Barrett?,The Wall Street Journal,2020,10,13,74,1,1,1
When Democrats Were Deregulators,The Wall Street Journal,2020,10,13,74,1,1,1
The Korean War’s Lesson for Taiwan,The Wall Street Journal,2020,10,13,74,1,1,1
Under 45? You're More Likely to Get Covid-19,The Wall Street Journal,2020,10,13,74,1,1,1
An October Day at Walter Reed Hospital,The Wall Street Journal,2020,10,13,74,1,1,1
"Lakers Fans, Global Bureaucrats Oppose Lockdowns",The Wall Street Journal,2020,10,13,74,1,1,1
Apple Reveals Four iPhone 12 Models With 5G Capability,The Wall Street Journal,2020,10,13,74,1,1,1
U.S. Stocks End Lower as Earnings Season Begins,The Wall Street Journal,2020,10,13,74,1,1,1
Business Doesn’t Stop for the Election,The Wall Street Journal,2020,10,13,74,1,1,1
Alternative Meat Producer Raises Additional $135 Million to Drive Growth,The Wall Street Journal,2020,10,13,74,1,1,1
‘China’s Good War’ Review: Present at the Creation,The Wall Street Journal,2020,10,13,74,1,1,1
The ESG Investor’s Challenges,The Wall Street Journal,2020,10,13,74,1,1,1
Google in the Antitrust Dock,The Wall Street Journal,2020,10,20,75,1,1,1
Lightning Will Have to Strike Twice for Trump to Win,The Wall Street Journal,2020,10,20,75,1,1,1
Snapchat Nears 250 Million Daily Users as Advertisers Lift Spending,The Wall Street Journal,2020,10,20,75,1,1,1
"At These Prices, Procter Is a Gamble",The Wall Street Journal,2020,10,20,75,1,1,1
The Case for and Against Court Packing,The Wall Street Journal,2020,10,20,75,1,1,1
End the School Shutdown,The Wall Street Journal,2020,10,20,75,1,1,1
Marine General Is Relieved of Command for Repeating Racial Slur,The Wall Street Journal,2020,10,20,75,1,1,1
"Top Universities Took Billions in Unreported Foreign Funds, U.S. Finds",The Wall Street Journal,2020,10,20,75,1,1,1
University of Miami Becomes Latest Battleground Over Facial Recognition,The Wall Street Journal,2020,10,20,75,1,1,1
"Harvey Weinstein’s Victims Should Vote on Settlement Offer, Judge Says",The Wall Street Journal,2020,10,20,75,1,1,1
Creditors Brace for Possible Debt Restructuring at Sinclair Sports Unit,The Wall Street Journal,2020,10,20,75,1,1,1
Lockheed Martin Plans to Deliver New Presidential Helicopter Next Year,The Wall Street Journal,2020,10,20,75,1,1,1
NASA’s Osiris-REx Mission Aims to Return Samples From Asteroid’s Surface,The Wall Street Journal,2020,10,20,75,1,1,1
Breonna Taylor Grand Juror Says Jury Wasn’t Given Option to Consider Additional Charges,The Wall Street Journal,2020,10,20,75,1,1,1
Suing Google Won’t Help Consumers,The Wall Street Journal,2020,10,20,75,1,1,1
Apollo Board Panel to Review Leon Black Ties With Jeffrey Epstein,The Wall Street Journal,2020,10,20,75,1,1,1
Berkshire to Pay $4.1 Million to Settle Allegations of Violating U.S. Sanctions on Iran,The Wall Street Journal,2020,10,20,75,1,1,1
Netflix Subscriber Growth Slows Amid Heightened Competition,The Wall Street Journal,2020,10,20,75,1,1,1
Stocks Jump on Optimism on Stimulus,The Wall Street Journal,2020,10,20,75,1,1,1
A Laptop Window on the Oligarchy,The Wall Street Journal,2020,10,20,75,1,1,1
New U.S. Coronavirus Cases March Higher,The Wall Street Journal,2020,10,20,75,1,1,1
A Debate Downgrade for Foreign Policy,The Wall Street Journal,2020,10,20,75,1,1,1
‘Private Lives Public Spaces’ Review: An Alternative Cinema History,The Wall Street Journal,2020,10,20,75,1,1,1
Victorious ACB,The Wall Street Journal,2020,10,20,75,1,1,1
Pioneer Natural Resources to Buy Parsley Energy for $4.5 Billion,The Wall Street Journal,2020,10,20,75,1,1,1
The Bidens and China Business,The Wall Street Journal,2020,10,20,75,1,1,1
DOJ Files Google Antitrust Lawsuit,The Wall Street Journal,2020,10,20,75,1,1,1
U.S. v. Google: A Guide to the Government’s Lawsuit,The Wall Street Journal,2020,10,20,75,1,1,1
Make U.S. Railroads More Price Competitive,The Wall Street Journal,2020,10,20,75,1,1,1
Nigerian Protesters Killed as Soldiers Open Fire in Lagos,The Wall Street Journal,2020,10,20,75,1,1,1
How Biden Will End Fracking Without a Ban,The Wall Street Journal,2020,10,20,75,1,1,1
GOP Fundraiser Elliott Broidy Pleads Guilty in Case Linked to 1MDB Fund,The Wall Street Journal,2020,10,20,75,1,1,1
The German Marshall Fund Defends Report,The Wall Street Journal,2020,10,20,75,1,1,1
NYPD Plans Bigger Presence at Voting Sites on Election Day,The Wall Street Journal,2020,10,20,75,1,1,1
How Asian Countries Are Keeping Covid-19 Under Control,The Wall Street Journal,2020,10,20,75,1,1,1
There’s a Sale at Albertsons,The Wall Street Journal,2020,10,20,75,1,1,1
‘White Market Drugs’ Review: Addiction by Prescription,The Wall Street Journal,2020,10,20,75,1,1,1
Netflix Plot Twist Was Foreshadowed,The Wall Street Journal,2020,10,20,75,1,1,1
The Supreme Court’s Election Dodge,The Wall Street Journal,2020,10,20,75,1,1,1
Richard Branson Targets More Funds for Satellite-Launch Venture,The Wall Street Journal,2020,10,20,75,1,1,1
"Goldman to Pay $2.8 Billion, Admit Wrongdoing to Settle 1MDB Charges",The Wall Street Journal,2020,10,20,75,1,1,1
U.S. Should Recognize Taiwan as Sovereign,The Wall Street Journal,2020,10,20,75,1,1,1
Trump Urges Barr to Initiate Investigation Into Joe Biden and Son,The Wall Street Journal,2020,10,20,75,1,1,1
Disney Denounces California’s Theme-Park Reopening Plans,The Wall Street Journal,2020,10,20,75,1,1,1
"U.S. Spy Agency Warns That Chinese Hackers Target Military, Defense Industry",The Wall Street Journal,2020,10,20,75,1,1,1
"Goodbye, ‘Bye Bye Birdie’",The Wall Street Journal,2020,10,20,75,1,1,1
Presidential Debates Must Follow FEC Law,The Wall Street Journal,2020,10,20,75,1,1,1
Justice Department Presses to Curtail Purdue Pharma Bankruptcy Probe,The Wall Street Journal,2020,10,20,75,1,1,1
Coronavirus Delays Replacement of Statue Removed From Central Park,The Wall Street Journal,2020,10,20,75,1,1,1
GMC’s All-Electric Hummer Pickup Highlights GM’s New Strategy on EVs,The Wall Street Journal,2020,10,20,75,1,1,1
China to Sanction U.S. Arms Makers Over Sales to Taiwan,The Wall Street Journal,2020,10,26,76,1,1,1
Biden’s Plan Will Strengthen Social Security,The Wall Street Journal,2020,10,26,76,1,1,1
Saving Private Biden,The Wall Street Journal,2020,10,26,76,1,1,1
Newark Imposes Covid-19 Restrictions on Businesses,The Wall Street Journal,2020,10,26,76,1,1,1
"NIH Halts Study Exploring Treating Covid-19 With Lilly Antibody, Remdesivir",The Wall Street Journal,2020,10,26,76,1,1,1
Sheldon Adelson’s Las Vegas Sands Considers Sale of Casinos in Namesake City,The Wall Street Journal,2020,10,26,76,1,1,1
Justice Barrett Joins the Court,The Wall Street Journal,2020,10,26,76,1,1,1
Voting by Mail? How to Track Your Election Ballot,The Wall Street Journal,2020,10,26,76,1,1,1
Trump’s Google Lawsuit Could Prove a Poison Pill for Biden,The Wall Street Journal,2020,10,26,76,1,1,1
Notable & Quotable: A Footnote to a Biden Endorsement,The Wall Street Journal,2020,10,26,76,1,1,1
Trump and Biden Take Different Tacks in Campaign’s Final Week,The Wall Street Journal,2020,10,26,76,1,1,1
Doug Jones Faces Long Odds in Keeping Alabama Senate Seat,The Wall Street Journal,2020,10,26,76,1,1,1
"Russian Airstrikes Kill Dozens of Turkey-Backed Fighters in Syria, Rebels Say",The Wall Street Journal,2020,10,26,76,1,1,1
"Study Shows Covid-19 Antibodies Waning Over Time, Suggesting Immunity Might Wear Off",The Wall Street Journal,2020,10,26,76,1,1,1
Let the Private Sector Compete to Charge EVs,The Wall Street Journal,2020,10,26,76,1,1,1
Global Insurer AIG to Divest Life-Insurance Business,The Wall Street Journal,2020,10,26,76,1,1,1
"New York’s Mayor Says Early Voting Sites Need More Staff, Machines",The Wall Street Journal,2020,10,26,76,1,1,1
What in the World if Trump Wins?,The Wall Street Journal,2020,10,26,76,1,1,1
Investors Pare Bets on Postelection Currency Volatility,The Wall Street Journal,2020,10,26,76,1,1,1
"BuzzFeed Expects to Break Even, Thanks to Heavy Cost Cuts",The Wall Street Journal,2020,10,26,76,1,1,1
The Senate’s Oil Transitioners,The Wall Street Journal,2020,10,26,76,1,1,1
That Big Trump Jobs Boom Was No Illusion,The Wall Street Journal,2020,10,26,76,1,1,1
China Is Far Behind on U.S. Purchases Under Trade Deal,The Wall Street Journal,2020,10,26,76,1,1,1
Need a Pandemic Puppy ASAP? Call the Bernedoodle Delivery People,The Wall Street Journal,2020,10,26,76,1,1,1
"Man Kills Woman, Then Himself on Busy Manhattan Street",The Wall Street Journal,2020,10,26,76,1,1,1
New York City Students Get One More Shot to Take In-Person Classes,The Wall Street Journal,2020,10,26,76,1,1,1
Thoma Bravo Raises $22.8 Billion in Record Tech-Fundraising Haul,The Wall Street Journal,2020,10,26,76,1,1,1
SAP Casts a Cloud Over Software,The Wall Street Journal,2020,10,26,76,1,1,1
Blackstone Raises $8 Billion for Second Long-Life Fund,The Wall Street Journal,2020,10,26,76,1,1,1
More Water on the Moon? New Finding Deepens Puzzle,The Wall Street Journal,2020,10,26,76,1,1,1
Don’t Write Off Teachers’ Reasonable Fears of Covid,The Wall Street Journal,2020,10,26,76,1,1,1
Singing at a Social Distance,The Wall Street Journal,2020,10,26,76,1,1,1
How 50 Cent Becomes 20 Cent,The Wall Street Journal,2020,10,26,76,1,1,1
Behold the Mighty Ant,The Wall Street Journal,2020,10,26,76,1,1,1
"U.S. Sanctions Iran’s Petroleum Ministry, National Iranian Oil Company, Tanker Subsidiary",The Wall Street Journal,2020,10,26,76,1,1,1
"Protesters Sue New York City Mayor, Police Officials Over Handling of Protests",The Wall Street Journal,2020,10,26,76,1,1,1
How Do States Verify Signatures on Mail-In Ballots?,The Wall Street Journal,2020,10,26,76,1,1,1
Election Officials Warn of Widespread Suspicious Email Campaign,The Wall Street Journal,2020,10,26,76,1,1,1
Nevada Does a California,The Wall Street Journal,2020,10,26,76,1,1,1
‘Magic Oneohtrix Point Never’ Review: An Ode to Radio With No Dead Air,The Wall Street Journal,2020,10,26,76,1,1,1
"Oil Drops on Covid-19 Resurgence, Extra Libyan Crude",The Wall Street Journal,2020,10,26,76,1,1,1
Hospital Merger Seeks to Create Regional Giant in the West,The Wall Street Journal,2020,10,26,76,1,1,1
‘The Last Sovereigns’ Review: Across the Medicine Line,The Wall Street Journal,2020,10,26,76,1,1,1
We May Get a Conservative Chief Justice,The Wall Street Journal,2020,10,26,76,1,1,1
How Covid-Safe Is Dining in a Restaurant’s Outdoor Tent?,The Wall Street Journal,2020,10,26,76,1,1,1
How Nicole Kidman Convinced Hugh Grant to Star With Her in ‘The Undoing’,The Wall Street Journal,2020,10,26,76,1,1,1
"Dow Falls 650 Points on Virus Uptick, Fading Stimulus Hopes",The Wall Street Journal,2020,10,26,76,1,1,1
A Key to Healthier Adult Diets: Healthier Baby Diets,The Wall Street Journal,2020,10,26,76,1,1,1
Supreme Court Rejects Pandemic-Spurred Voting Changes in Wisconsin,The Wall Street Journal,2020,10,26,76,1,1,1
"Spooked (Tuesday Crossword, October 27)",The Wall Street Journal,2020,10,26,76,1,1,1
"Bayer, BASF Weedkillers Cleared by EPA for Another Five Years",The Wall Street Journal,2020,10,27,77,1,1,1
"Fraud-Detection Startup NS8 Files for Bankruptcy, Paving Way for Litigation",The Wall Street Journal,2020,10,27,77,1,1,1
"Stock Investors’ Bets Eye a Biden Victory, Robust Stimulus",The Wall Street Journal,2020,10,27,77,1,1,1
Dodd-Frank Undermines the Fight Against Covid,The Wall Street Journal,2020,10,27,77,1,1,1
U.S. Sprinter Christian Coleman Hit With Two-Year Ban for Missed Doping Tests,The Wall Street Journal,2020,10,27,77,1,1,1
A Rule for Cleaner Dishes,The Wall Street Journal,2020,10,27,77,1,1,1
Microsoft Continues to Ride Virus-Fueled Demand for Cloud,The Wall Street Journal,2020,10,27,77,1,1,1
"The Covid Thanksgiving: Outdoor Heaters, Virtual Meals, Grandma Stays Home",The Wall Street Journal,2020,10,27,77,1,1,1
Trump Mostly Plays Defense as Biden Looks to Expand Electoral Map,The Wall Street Journal,2020,10,27,77,1,1,1
Coping With the Covid Winter,The Wall Street Journal,2020,10,27,77,1,1,1
Nxivm Founder Keith Raniere Sentenced to 120 Years,The Wall Street Journal,2020,10,27,77,1,1,1
Facebook Warns of Foreign Operators Exaggerating Election-Interference Abilities,The Wall Street Journal,2020,10,27,77,1,1,1
Tamer Tales of Terror,The Wall Street Journal,2020,10,27,77,1,1,1
T-Mobile Makes Another Bid for Pay-TV Viewers,The Wall Street Journal,2020,10,27,77,1,1,1
Is Electronic Officiating Bad for Sports?,The Wall Street Journal,2020,10,27,77,1,1,1
Pfizer Says Covid-19 Vaccine Late-Stage Trial Almost Fully Enrolled,The Wall Street Journal,2020,10,27,77,1,1,1
The Riots in Philadelphia,The Wall Street Journal,2020,10,27,77,1,1,1
Hong Kong Activist Arrested Near U.S. Consulate,The Wall Street Journal,2020,10,27,77,1,1,1
Why Trump and Biden Are Emphasizing Relationships With Historically Black Colleges,The Wall Street Journal,2020,10,27,77,1,1,1
Trump Weighs Executive Order to Show Support for Fracking,The Wall Street Journal,2020,10,27,77,1,1,1
Beam Suntory to Pay $19 Million to Settle Bribery Probe,The Wall Street Journal,2020,10,27,77,1,1,1
"Expect the Unexpected (Wednesday Crossword, October 28)",The Wall Street Journal,2020,10,27,77,1,1,1
Dodgers Win World Series and Enter Covid-19 Chaos,The Wall Street Journal,2020,10,27,77,1,1,1
France Emerges as Covid-19 Epicenter as Cases Surge Across Europe,The Wall Street Journal,2020,10,27,77,1,1,1
How to Make Baseball More Exciting,The Wall Street Journal,2020,10,27,77,1,1,1
‘The Company’ Review: Conquering Canada,The Wall Street Journal,2020,10,27,77,1,1,1
"With Justice Barrett, Is the End Near for Racial Preferences?",The Wall Street Journal,2020,10,27,77,1,1,1
The Economic Revival Continues,The Wall Street Journal,2020,10,27,77,1,1,1
Zeta Is Expected to Regain Hurricane Strength as It Moves Toward Louisiana,The Wall Street Journal,2020,10,27,77,1,1,1
"Eli Lilly Earnings, Halted Covid-19 Drug Trial Disappoint Investors",The Wall Street Journal,2020,10,27,77,1,1,1
"Dow, S&P 500 Slide After Big Selloff",The Wall Street Journal,2020,10,27,77,1,1,1
The Big Choice,The Wall Street Journal,2020,10,27,77,1,1,1
Callaway Golf to Buy Rest of Topgolf,The Wall Street Journal,2020,10,27,77,1,1,1
Supreme Court Ballot Wisdom,The Wall Street Journal,2020,10,27,77,1,1,1
SoCal Edison Says It May Have Caused Orange County Wildfire,The Wall Street Journal,2020,10,27,77,1,1,1
New Yorkers Urged to Avoid Travel During Holiday Season,The Wall Street Journal,2020,10,27,77,1,1,1
Harley-Davidson’s Profit Surges on Leaner Production,The Wall Street Journal,2020,10,27,77,1,1,1
New York’s MTA Urged to Spare Regular Transit Commuters From Fare Raises,The Wall Street Journal,2020,10,27,77,1,1,1
Visa’s Planned Purchase of Plaid Faces Antitrust Scrutiny at the Justice Department,The Wall Street Journal,2020,10,27,77,1,1,1
Wildfires Prompt Evacuations in Orange County,The Wall Street Journal,2020,10,27,77,1,1,1
"Caterpillar, 3M Flag Falling Sales to Businesses",The Wall Street Journal,2020,10,27,77,1,1,1
Struggling Rental Market Could Usher in Next American Housing Crisis,The Wall Street Journal,2020,10,27,77,1,1,1
50 First Dates With Covid and Biden,The Wall Street Journal,2020,10,27,77,1,1,1
"Lawmakers Want to Protect Local Newspapers From Google, Facebook",The Wall Street Journal,2020,10,27,77,1,1,1
Covid-19 Antibodies Study Shows Decline Over Time,The Wall Street Journal,2020,10,27,77,1,1,1
Etsy Bet on Face Masks. So Far It Is Paying Off.,The Wall Street Journal,2020,10,27,77,1,1,1
Justice Department Calls for Limits on Legal Immunity for Platforms,The Wall Street Journal,2020,10,27,77,1,1,1
Lee Statue in Virginia to Stay Put Until Lawsuit Is Resolved,The Wall Street Journal,2020,10,27,77,1,1,1
I Owe My Life to the A-Bomb,The Wall Street Journal,2020,10,27,77,1,1,1
Proposal Would Broaden Transactions Recorded Under Anti-Money-Laundering Rule,The Wall Street Journal,2020,10,27,77,1,1,1
America Disappoints the New York Times Again,The Wall Street Journal,2020,11,05,78,1,1,1
"‘Art’ and ‘Same Time, Next Year’ Reviews: Looking for Laughs Without an Audience",The Wall Street Journal,2020,11,05,78,1,1,1
Traders Settle Case Tied to Hack of SEC’s Corporate Database,The Wall Street Journal,2020,11,05,78,1,1,1
Susan Collins and Majorities,The Wall Street Journal,2020,11,05,78,1,1,1
Postal Service Is Ordered to Search for Remaining Ballots,The Wall Street Journal,2020,11,05,78,1,1,1
Pelosi Faces Lawmakers Frustrated Over Loss of House Seats,The Wall Street Journal,2020,11,05,78,1,1,1
U.K.’s SFO Investigating Plane Maker Bombardier Over Possible Bribery,The Wall Street Journal,2020,11,05,78,1,1,1
Foursquare CEO David Shim Steps Down,The Wall Street Journal,2020,11,05,78,1,1,1
"Toyota Gains From Revived Car Market in U.S., China",The Wall Street Journal,2020,11,05,78,1,1,1
‘Proxima’: Laws of Emotion,The Wall Street Journal,2020,11,05,78,1,1,1
"‘A Teacher’ Review: Provocative Premise, Dull Drama",The Wall Street Journal,2020,11,05,78,1,1,1
Trump Administration Set to Sanction Top Pro-Hezbollah Politician,The Wall Street Journal,2020,11,05,78,1,1,1
"Publishers of WSJ, New York Times Ride Subscription Growth to Higher Profits",The Wall Street Journal,2020,11,05,78,1,1,1
Legalizing Marijuana Back in Spotlight in New York as New Jersey Passes Referendum,The Wall Street Journal,2020,11,05,78,1,1,1
"Peloton, Pizza and Videogames Grow in Stay-at-Home World",The Wall Street Journal,2020,11,05,78,1,1,1
"Facebook Imposes Limits on Election Content, Bans ‘Stop the Steal’",The Wall Street Journal,2020,11,05,78,1,1,1
Justice Department Seizes $1 Billion of Bitcoin Tied to Silk Road Website,The Wall Street Journal,2020,11,05,78,1,1,1
‘Pundit’: From Religious Sage to Political Bloviator,The Wall Street Journal,2020,11,05,78,1,1,1
‘Made Men’ Review: ‘How Am I Funny?’,The Wall Street Journal,2020,11,05,78,1,1,1
‘Let Him Go’: Drama Gone Missing,The Wall Street Journal,2020,11,05,78,1,1,1
Joe Biden’s Non-Mandate,The Wall Street Journal,2020,11,05,78,1,1,1
"Fresh Start (Friday Crossword, November 6)",The Wall Street Journal,2020,11,05,78,1,1,1
"Stocks Climb, Extending Big Weekly Rally",The Wall Street Journal,2020,11,05,78,1,1,1
Philadelphia’s Antireligious Cruelty,The Wall Street Journal,2020,11,05,78,1,1,1
Zoetis CFO Boosts Third-Party Orders as Pet Owners Drive Sales,The Wall Street Journal,2020,11,05,78,1,1,1
"Judge Orders SBA to Release Names of All PPP Borrowers, Loan Amounts",The Wall Street Journal,2020,11,05,78,1,1,1
"Oh, Money Buys Elections?",The Wall Street Journal,2020,11,05,78,1,1,1
T-Mobile Picks Up Pace of Its Cost-Cutting Program,The Wall Street Journal,2020,11,05,78,1,1,1
Control of U.S. Senate Hinges on Georgia Results,The Wall Street Journal,2020,11,05,78,1,1,1
Kosovo President Resigns Amid War-Crimes Charges,The Wall Street Journal,2020,11,05,78,1,1,1
‘Industry’ Review: Battle of the New Recruits,The Wall Street Journal,2020,11,05,78,1,1,1
South Dakota Needs to Push Mask Wearing,The Wall Street Journal,2020,11,05,78,1,1,1
"For Uber, Coronavirus Pandemic Is Still Weighing on Rides Business",The Wall Street Journal,2020,11,05,78,1,1,1
Surging Online Sales Boost XPO Logistics Results,The Wall Street Journal,2020,11,05,78,1,1,1
Steel Tariffs Helped the U.S. Steel Industry,The Wall Street Journal,2020,11,05,78,1,1,1
Tropical Depression Eta Brings Devastation to Central America,The Wall Street Journal,2020,11,05,78,1,1,1
Bestselling Books Week Ended October 31,The Wall Street Journal,2020,11,05,78,1,1,1
AIG’s Net Income Fell in Third Quarter,The Wall Street Journal,2020,11,05,78,1,1,1
America Chooses Divided Government,The Wall Street Journal,2020,11,05,78,1,1,1
Election 2020: Trump’s Lawsuits Are Getting Mixed Results,The Wall Street Journal,2020,11,05,78,1,1,1
2020’s Biggest Election Losers,The Wall Street Journal,2020,11,05,78,1,1,1
Another Election Goes to Court,The Wall Street Journal,2020,11,05,78,1,1,1
A Still-Divided U.S. Makes Confronting China Harder,The Wall Street Journal,2020,11,05,78,1,1,1
A Democratic Flop in the States,The Wall Street Journal,2020,11,05,78,1,1,1
Fading Hopes of Big U.S. Spending Pull Down Yields Overseas,The Wall Street Journal,2020,11,05,78,1,1,1
"Fed Says Virus Poses Considerable Risks, Maintains Low-Rate Pledges",The Wall Street Journal,2020,11,05,78,1,1,1
New York Judges Sue Over Forced Retirements,The Wall Street Journal,2020,11,05,78,1,1,1
They’d Rather Be Canadians,The Wall Street Journal,2020,11,05,78,1,1,1
Video Games and Your Information Privacy,The Wall Street Journal,2020,11,05,78,1,1,1
Beijing Strangles Hong Kong Even Tighter,The Wall Street Journal,2020,11,05,78,1,1,1
‘Metropolis’ Review: Towering Achievement,The Wall Street Journal,2020,11,06,79,1,1,1
"Azerbaijan Makes Gains in Conflict With Armenia, Setting Back Peace Efforts",The Wall Street Journal,2020,11,06,79,1,1,1
Remembering the Radio Revolution,The Wall Street Journal,2020,11,06,79,1,1,1
Antibribery Group Presses Netherlands to Strengthen Whistleblower Protections,The Wall Street Journal,2020,11,06,79,1,1,1
From eBay to Google Images: 7 Expert Tips to Master Online Shopping,The Wall Street Journal,2020,11,06,79,1,1,1
"U.S. Sanctions Lebanese Politician in Effort to Undermine Hezbollah, Rein in Corruption",The Wall Street Journal,2020,11,06,79,1,1,1
Judge Tosses Defamation Suit Against Jeff Bezos,The Wall Street Journal,2020,11,06,79,1,1,1
"Why Italy’s Bergamo, a Symbol of the Covid-19 Pandemic, Fares Better Now",The Wall Street Journal,2020,11,06,79,1,1,1
Fiction’s Been Part of American Democracy,The Wall Street Journal,2020,11,06,79,1,1,1
Trump Says He Will Keep Fighting as Aides Doubt Path Forward,The Wall Street Journal,2020,11,06,79,1,1,1
New York Accuses Sotheby’s of Aiding Art Collector in Evading Sales Tax,The Wall Street Journal,2020,11,06,79,1,1,1
The ACLU’s Betrayal of Athletic Girls,The Wall Street Journal,2020,11,06,79,1,1,1
U.S. Bond Yields Rise as Biden Pulls Ahead,The Wall Street Journal,2020,11,06,79,1,1,1
Georgia’s Battleground Status Signals Changing Electoral Map in the South,The Wall Street Journal,2020,11,06,79,1,1,1
"Zip Code (Saturday Cryptic Puzzle, November 7)",The Wall Street Journal,2020,11,06,79,1,1,1
Stimulus Fight Reboots After Election Day,The Wall Street Journal,2020,11,06,79,1,1,1
Traveling for Thanksgiving? Here’s How to Stay Safe,The Wall Street Journal,2020,11,06,79,1,1,1
Stocks Finish Best Week Since April,The Wall Street Journal,2020,11,06,79,1,1,1
How Florida Became America’s Vote-Counting Model,The Wall Street Journal,2020,11,06,79,1,1,1
This Election Was Full of Surprises,The Wall Street Journal,2020,11,06,79,1,1,1
Return to Normalcy? Not on the Streets of Philadelphia,The Wall Street Journal,2020,11,06,79,1,1,1
"Animal Lovers (Saturday Crossword, November 7)",The Wall Street Journal,2020,11,06,79,1,1,1
Artificial Intelligence Shows Potential to Gauge Voter Sentiment,The Wall Street Journal,2020,11,06,79,1,1,1
The Jobs Keep Coming,The Wall Street Journal,2020,11,06,79,1,1,1
‘The Indomitable Florence Finch’ Review: A Ration of Courage,The Wall Street Journal,2020,11,06,79,1,1,1
What CEOs Are Seeing and Saying About Covid and the Economy,The Wall Street Journal,2020,11,06,79,1,1,1
Let the Trump Revisionism Begin,The Wall Street Journal,2020,11,06,79,1,1,1
Job Gains Benefit Hispanic Men,The Wall Street Journal,2020,11,06,79,1,1,1
Soaring Spaces and Hard Topics,The Wall Street Journal,2020,11,06,79,1,1,1
Drop in Jobless Rate Shows Healing U.S. Labor Market,The Wall Street Journal,2020,11,06,79,1,1,1
What to Watch: Escape to Venice with Julia Stiles in the Art-World Thriller ‘Riviera’,The Wall Street Journal,2020,11,06,79,1,1,1
Democratic Fundraising Powerhouses Falter in Senate Races,The Wall Street Journal,2020,11,06,79,1,1,1
"Wendy's, Pizza Hut Franchisee NPC Looks to Sell Itself to Operator of Panera Stores",The Wall Street Journal,2020,11,06,79,1,1,1
Crate and Barrel Pairs Up With Dr. Jane Goodall to Create Kids’ Furniture,The Wall Street Journal,2020,11,06,79,1,1,1
Revolt Against the Illinois Machine,The Wall Street Journal,2020,11,06,79,1,1,1
Voting Means Earning the Right to Complain,The Wall Street Journal,2020,11,06,79,1,1,1
It’s Hard to Get Accurate Numbers on Covid,The Wall Street Journal,2020,11,06,79,1,1,1
Intel’s Success Came With Making Its Own Chips. Until Now.,The Wall Street Journal,2020,11,06,79,1,1,1
Trump Allies Push Forward With Election Lawsuits,The Wall Street Journal,2020,11,06,79,1,1,1
China Irate After U.S. Removes ‘Terrorist’ Label From Separatist Group,The Wall Street Journal,2020,11,06,79,1,1,1
House Democrats Stay On Track for Narrower Majority,The Wall Street Journal,2020,11,06,79,1,1,1
The Presidential Endgame,The Wall Street Journal,2020,11,06,79,1,1,1
"Uber, GM, Alibaba: Stocks That Defined the Week",The Wall Street Journal,2020,11,06,79,1,1,1
‘Metazoa’ Review: Marine Minds,The Wall Street Journal,2020,11,06,79,1,1,1
WhatsApp Wants to Host Your Intimate Chats. Don’t Fret—They’ll Be Deleted in a Week.,The Wall Street Journal,2020,11,06,79,1,1,1
Marriott Returns to Profitability as It Sheds Costs,The Wall Street Journal,2020,11,06,79,1,1,1
Gold Hasn’t Behaved Like a Haven Recently,The Wall Street Journal,2020,11,06,79,1,1,1
Can We Trust the Process in Philadelphia?,The Wall Street Journal,2020,11,06,79,1,1,1
Republican Van Drew Holds On to South Jersey House Seat,The Wall Street Journal,2020,11,06,79,1,1,1
Milton Friedman’s Excellent TV Adventure,The Wall Street Journal,2020,11,06,79,1,1,1
Giuliani Claims in Court That Pennsylvania Election Was Stolen,The Wall Street Journal,2020,11,17,80,1,1,1
"For Walmart’s Post-Covid Outlook, No Plus Is a Minus",The Wall Street Journal,2020,11,17,80,1,1,1
Will Biden Help Cuba’s Trafficked Doctors?,The Wall Street Journal,2020,11,17,80,1,1,1
Democrats Seek Pandemic-Aid Talks With McConnell This Week,The Wall Street Journal,2020,11,17,80,1,1,1
Debating the Wisdom of Contesting the Election,The Wall Street Journal,2020,11,17,80,1,1,1
Aramco Raises $8 Billion Bond to Fund Dividend Pledge,The Wall Street Journal,2020,11,17,80,1,1,1
Retail Sales Climbed at a Slower Pace in October,The Wall Street Journal,2020,11,17,80,1,1,1
Newsom Gets His BLM Orders,The Wall Street Journal,2020,11,17,80,1,1,1
Retailers Brace for Hefty Holiday Returns of Oversize Goods,The Wall Street Journal,2020,11,17,80,1,1,1
"Mars, Looking for Bar Boost, Plans to Buy Kind’s North America Unit",The Wall Street Journal,2020,11,17,80,1,1,1
Judy Shelton’s Heresy,The Wall Street Journal,2020,11,17,80,1,1,1
Demand for New Fences Meets a Nationwide Lumber Shortage,The Wall Street Journal,2020,11,17,80,1,1,1
"Michigan Panel Reverses Itself, Certifies Detroit-Area Election Results",The Wall Street Journal,2020,11,17,80,1,1,1
Tesla Rival Nio Posts Sharply Higher Sales,The Wall Street Journal,2020,11,17,80,1,1,1
Unilever Wants Bigger Bite of Plant-Based Market,The Wall Street Journal,2020,11,17,80,1,1,1
Purdue Gets Chapter 11 Approval of Justice Department Opioid Settlement,The Wall Street Journal,2020,11,17,80,1,1,1
Iowa Sen. Chuck Grassley Tests Positive for Covid-19,The Wall Street Journal,2020,11,17,80,1,1,1
"IT Snafus Added Confusion to Migrant Family Reunification, Watchdog Says",The Wall Street Journal,2020,11,17,80,1,1,1
Antibribery Group Praises U.S. Enforcement Against Foreign Bribery,The Wall Street Journal,2020,11,17,80,1,1,1
"Zuckerberg, Dorsey Tout Progress in Combating Political Misinformation",The Wall Street Journal,2020,11,17,80,1,1,1
"Do the Splits (Wednesday Crossword, November 18)",The Wall Street Journal,2020,11,17,80,1,1,1
Republicans Re-Elect Kevin McCarthy as House Minority Leader,The Wall Street Journal,2020,11,17,80,1,1,1
A Vaccine Is Already Helping,The Wall Street Journal,2020,11,17,80,1,1,1
Justice Department Finds Constitutional Violations in Massachusetts Prisons,The Wall Street Journal,2020,11,17,80,1,1,1
Honda Looks to New Civic to Help Keep Its Edge in Sedan Market,The Wall Street Journal,2020,11,17,80,1,1,1
One Agency for Antitrust,The Wall Street Journal,2020,11,17,80,1,1,1
Amazon Launches Online Pharmacy,The Wall Street Journal,2020,11,17,80,1,1,1
Shootings in New York City Nearly Double,The Wall Street Journal,2020,11,17,80,1,1,1
Business Roundtable Chief Urges Biden to Ease Trump’s Tariffs on China,The Wall Street Journal,2020,11,17,80,1,1,1
Nervous About Get-Togethers Because of Rising Covid Cases? Here’s How to Say No Gracefully,The Wall Street Journal,2020,11,17,80,1,1,1
U.S. to Hand Back to Mexico Ex-Defense Minister Accused of Drug Corruption,The Wall Street Journal,2020,11,17,80,1,1,1
Another Obama Lecture,The Wall Street Journal,2020,11,17,80,1,1,1
Falling ‘Real’ Yields Drive Investors to Junk Bonds,The Wall Street Journal,2020,11,17,80,1,1,1
What Tesla’s Addition to the S&P 500 Means for Investors,The Wall Street Journal,2020,11,17,80,1,1,1
Rage Against the Voting Machine,The Wall Street Journal,2020,11,17,80,1,1,1
Republicans Fail to Advance Shelton’s Fed Board Candidacy,The Wall Street Journal,2020,11,17,80,1,1,1
Confirmation Mischief at the FCC,The Wall Street Journal,2020,11,17,80,1,1,1
Behind the Elite Hatred of Clarence Thomas,The Wall Street Journal,2020,11,17,80,1,1,1
Longtime AT&T Finance Chief John Stephens to Retire Next Spring,The Wall Street Journal,2020,11,17,80,1,1,1
Trump Fires Top Cybersecurity Official Who Defended Integrity of Election,The Wall Street Journal,2020,11,17,80,1,1,1
More Than a Third of New Jersey Residents Reluctant to Get Safe Covid-19 Vaccine,The Wall Street Journal,2020,11,17,80,1,1,1
Biden’s Tough Job: Uniting Americans,The Wall Street Journal,2020,11,17,80,1,1,1
"Trump Orders Pre-Inauguration Troop Withdrawals in Afghanistan, Iraq",The Wall Street Journal,2020,11,17,80,1,1,1
Palestinians Resume Ties With Israel Ahead of Biden Presidency,The Wall Street Journal,2020,11,17,80,1,1,1
Elon Musk’s Next Frontier,The Wall Street Journal,2020,11,17,80,1,1,1
New York City Stays Below Covid-19 Threshold for Shutting Schools,The Wall Street Journal,2020,11,17,80,1,1,1
‘The Mutant Project’ Review: An Unsettling Visit to the Future,The Wall Street Journal,2020,11,17,80,1,1,1
Lockdowns Have a Bright Side for Teens,The Wall Street Journal,2020,11,17,80,1,1,1
"Stocks Slip After Dow, S&P Hit Records",The Wall Street Journal,2020,11,17,80,1,1,1
Tropical Storm Iota Tears Across Nicaragua,The Wall Street Journal,2020,11,17,80,1,1,1
Ruby Tuesday Gets Approval for Bankruptcy Sale Process,The Wall Street Journal,2020,11,20,81,1,1,1
‘American Catholic’ Review: Doctrine and Democracy,The Wall Street Journal,2020,11,20,81,1,1,1
‘Wenger’ Review: Top Gunner,The Wall Street Journal,2020,11,20,81,1,1,1
Walmart Heirs Back Startup Developing $10 At-Home Covid-19 Tests,The Wall Street Journal,2020,11,20,81,1,1,1
Covid Out of Context,The Wall Street Journal,2020,11,20,81,1,1,1
Some Republicans Call for Trump to Back Up Claims of Fraud,The Wall Street Journal,2020,11,20,81,1,1,1
"Working on Commission (Saturday Crossword, November 21)",The Wall Street Journal,2020,11,20,81,1,1,1
PepsiCo Redesigns the Two-Liter Bottle for an Easier Pour,The Wall Street Journal,2020,11,20,81,1,1,1
Rod Lewis Sells Last Dollar Ranch for $17 Million,The Wall Street Journal,2020,11,20,81,1,1,1
"Walmart, Moderna, Amazon: Stocks That Defined the Week",The Wall Street Journal,2020,11,20,81,1,1,1
‘The Crown’ Takes on Margaret Thatcher’s Legacy—How Well Does It Do?,The Wall Street Journal,2020,11,20,81,1,1,1
"Payday Lenders, Gun Salesmen—and Taking Politics Out of Banking",The Wall Street Journal,2020,11,20,81,1,1,1
PPP Borrowers Are Asked to Justify Need for Loans Over $2 Million,The Wall Street Journal,2020,11,20,81,1,1,1
Harvard and Favoring Some Ethnic Groups Over Others,The Wall Street Journal,2020,11,20,81,1,1,1
Trump to Participate in Virtual G-20 Summit This Weekend,The Wall Street Journal,2020,11,20,81,1,1,1
The Duo That Defeated the ‘Diversity Industry’,The Wall Street Journal,2020,11,20,81,1,1,1
Toronto Raptors to Start NBA Season in Tampa,The Wall Street Journal,2020,11,20,81,1,1,1
Banks Can’t Deny Services to Entire Industries Under OCC Proposal,The Wall Street Journal,2020,11,20,81,1,1,1
Maritime Regulators to Investigate Container Shortage Impact on U.S. Exporters,The Wall Street Journal,2020,11,20,81,1,1,1
Thought at Liberty: Two Collections of the American Essay,The Wall Street Journal,2020,11,20,81,1,1,1
"Zurich Insurance in Talks to Acquire MetLife’s Car, Home Insurance Unit",The Wall Street Journal,2020,11,20,81,1,1,1
Steven Mnuchin’s Finest Hour,The Wall Street Journal,2020,11,20,81,1,1,1
Lumber Prices Rise Again,The Wall Street Journal,2020,11,20,81,1,1,1
School’s Out for Autumn in New York,The Wall Street Journal,2020,11,20,81,1,1,1
"‘An Onion in My Pocket’ Review: Zen Mind, Green Palate",The Wall Street Journal,2020,11,20,81,1,1,1
S&P 500 Suffers Weekly Loss as U.S. Stocks Slip,The Wall Street Journal,2020,11,20,81,1,1,1
Swiss Cheese Approach to Beating Epidemics,The Wall Street Journal,2020,11,20,81,1,1,1
U.S. Considers Moving Forces Out of Somalia,The Wall Street Journal,2020,11,20,81,1,1,1
"‘Pappyland’ Review: Distilled, My Heart",The Wall Street Journal,2020,11,20,81,1,1,1
Richard Nixon: An Example of Cross-Partisan Kindness,The Wall Street Journal,2020,11,20,81,1,1,1
Lessons of the 2020 Election: What Democrats and Republicans Must Now Do to Win,The Wall Street Journal,2020,11,20,81,1,1,1
Europe Hopes Mass Testing Could Ease Lockdowns Before Christmas,The Wall Street Journal,2020,11,20,81,1,1,1
Trump Partner Shelves Office Tower Sales Effort That Hoped to Raise $5 Billion,The Wall Street Journal,2020,11,20,81,1,1,1
Biden Team Faults Mnuchin for Letting Fed Aid Programs Lapse,The Wall Street Journal,2020,11,20,81,1,1,1
Georgia Certifies: Donald Trump Lost,The Wall Street Journal,2020,11,20,81,1,1,1
Colorado Targets Oil and Gas,The Wall Street Journal,2020,11,20,81,1,1,1
How a So-So Physics Student Finally Won His Nobel,The Wall Street Journal,2020,11,20,81,1,1,1
"Trump, the Republican Party and the Future",The Wall Street Journal,2020,11,20,81,1,1,1
"Fannie, Freddie Overseer Aims to End U.S. Control Before Trump Leaves",The Wall Street Journal,2020,11,20,81,1,1,1
Two Books on Our Woven World,The Wall Street Journal,2020,11,20,81,1,1,1
Trump’s Gift to Joe Biden,The Wall Street Journal,2020,11,20,81,1,1,1
Illinois Teen Charged in Protest Slayings Posts $2 Million Bail,The Wall Street Journal,2020,11,20,81,1,1,1
"The Journal Acrostic (Saturday, November 21)",The Wall Street Journal,2020,11,20,81,1,1,1
Notable & Quotable: Remus on Alito,The Wall Street Journal,2020,11,20,81,1,1,1
Michigan Lawmakers Tell Trump They See No Reason State’s Results Would Change,The Wall Street Journal,2020,11,20,81,1,1,1
"Pfizer, BioNTech Ask FDA to Authorize Their Covid-19 Vaccine",The Wall Street Journal,2020,11,20,81,1,1,1
Judge Sides With Steve Wynn Over Attempt to Bar Him From Las Vegas Casino Industry,The Wall Street Journal,2020,11,20,81,1,1,1
Media Banality Is a Covid Comorbidity,The Wall Street Journal,2020,11,20,81,1,1,1
Georgia Officials Certify Biden’s Victory Over Trump,The Wall Street Journal,2020,11,20,81,1,1,1
These 11 EV Startups Are Chasing Tesla. They Can’t All Win.,The Wall Street Journal,2020,11,20,81,1,1,1
Supreme Court’s Ruling Blocking Cuomo’s Covid-19 Order Could Affect Other Cases,The Wall Street Journal,2020,11,26,82,1,1,1
Child-Care Access Is Good Policy for Families,The Wall Street Journal,2020,11,26,82,1,1,1
Fly-Fishing the Ernest Hemingway Way,The Wall Street Journal,2020,11,26,82,1,1,1
"Covid-19 Crisis Could Set Back a Generation of Women, U.N. Report Finds",The Wall Street Journal,2020,11,26,82,1,1,1
Why Many Millennials and Gen Zers Avoid Dating at Work,The Wall Street Journal,2020,11,26,82,1,1,1
Disney Plans More Layoffs as Pandemic Hits Businesses,The Wall Street Journal,2020,11,26,82,1,1,1
TikTok Stars Proved Key in Strategy to  Fight U.S. Ban,The Wall Street Journal,2020,11,26,82,1,1,1
"In a Stay-at-Home Pandemic, a Sportswriter Finds a Silver Lining",The Wall Street Journal,2020,11,26,82,1,1,1
The Dollar Is Weak. Investors Bet It Will Slide Even More.,The Wall Street Journal,2020,11,26,82,1,1,1
German Prosecutors Examine Ernst & Young’s Role in Wirecard Collapse,The Wall Street Journal,2020,11,26,82,1,1,1
"With Slack, Salesforce Would Put Heat on Microsoft",The Wall Street Journal,2020,11,26,82,1,1,1
Hong Kong’s Government Misunderstands U.S. Oath,The Wall Street Journal,2020,11,26,82,1,1,1
Offices and Malls Will Look Different After Covid-19,The Wall Street Journal,2020,11,26,82,1,1,1
How the Snail-Mail Renaissance Is Soothing Americans Tired of Zoom,The Wall Street Journal,2020,11,26,82,1,1,1
Social Media’s Liability Shield Is Under Assault,The Wall Street Journal,2020,11,26,82,1,1,1
Mexico Arrests Alleged Mastermind of Attack That Killed American Women and Children,The Wall Street Journal,2020,11,26,82,1,1,1
Tried Tofurky? Maybe It’s Time for YamChops or Incogmeato,The Wall Street Journal,2020,11,26,82,1,1,1
"Virtual, Carbon-Free Book Burning for Non-PC Books",The Wall Street Journal,2020,11,26,82,1,1,1
‘Escape Artist’ Review: Great Expectations,The Wall Street Journal,2020,11,26,82,1,1,1
Backcountry Skiing: A Beginner’s Guide to the Sport of Covid Winter,The Wall Street Journal,2020,11,26,82,1,1,1
"Two by Two (Friday Crossword, November 27)",The Wall Street Journal,2020,11,26,82,1,1,1
Woke Capitalism in a Secular World,The Wall Street Journal,2020,11,26,82,1,1,1
CDC May Soon Shorten Advised Covid-19 Quarantine Time,The Wall Street Journal,2020,11,26,82,1,1,1
Japanese Restaurants Deliver $800 Sushi to Survive,The Wall Street Journal,2020,11,26,82,1,1,1
"Trump Says He Pardoned Michael Flynn, Ex-National Security Adviser",The Wall Street Journal,2020,11,26,82,1,1,1
Supreme Court Blocks New York’s Covid-19 Restrictions on Religious Services,The Wall Street Journal,2020,11,26,82,1,1,1
Hard to See Something Like the Draft Again,The Wall Street Journal,2020,11,26,82,1,1,1
"In Italy’s South, War Zone Doctors Are Called to the Rescue Amid Covid-19 Upsurge",The Wall Street Journal,2020,11,26,82,1,1,1
GOP Sees Georgia Senate Races as ‘Firewall’ After Trump’s Loss,The Wall Street Journal,2020,11,26,82,1,1,1
Carpeting Mogul Reaped Wall-to-Wall Profits,The Wall Street Journal,2020,11,26,82,1,1,1
Black Friday? What About Sock Friday?,The Wall Street Journal,2020,11,26,82,1,1,1
"With Baby Steps, Chinese Parents Test Strictness of the Two-Child Policy",The Wall Street Journal,2020,11,26,82,1,1,1
Iran Releases British-Australian Academic Jailed on Espionage Charges,The Wall Street Journal,2020,11,26,82,1,1,1
U.K.’s Centrica Seeks to Sell Liquefied Natural Gas Portfolio,The Wall Street Journal,2020,11,26,82,1,1,1
Bank of Korea Says Covid-19 Rise Won’t Derail Economic Recovery,The Wall Street Journal,2020,11,26,82,1,1,1
"The NFL’s Thanksgiving Has an Outbreak, Masks and an Enormous Crowd",The Wall Street Journal,2020,11,26,82,1,1,1
Remember Those Primitive Videocalls of Long Ago?,The Wall Street Journal,2020,11,26,82,1,1,1
Bestselling Books Week Ended November 21,The Wall Street Journal,2020,11,26,82,1,1,1
Numbers Puzzles,The Wall Street Journal,2020,11,26,82,1,1,1
Young Voters Helped Biden Beat Trump,The Wall Street Journal,2020,11,26,82,1,1,1
Trump Says He Will Leave Office if Electoral College Backs Biden,The Wall Street Journal,2020,11,26,82,1,1,1
Debating the Integrity of the 2020 Election,The Wall Street Journal,2020,11,26,82,1,1,1
Amazon Web Services Hit by Outage,The Wall Street Journal,2020,11,26,82,1,1,1
Ethiopian Forces Begin Decisive Battle in Tigray’s Capital,The Wall Street Journal,2020,11,26,82,1,1,1
New York’s Origami Tree Folds Into City’s Holiday Traditions,The Wall Street Journal,2020,11,26,82,1,1,1
Stock Futures Waver in Muted Holiday Trading,The Wall Street Journal,2020,11,26,82,1,1,1
"Sycamore Bids $540 Million for Ann Taylor, Other Ascena Brands",The Wall Street Journal,2020,11,26,82,1,1,1
A Speedy Recovery Depends on More Aid. Will Trump Deliver?,The Wall Street Journal,2020,11,26,82,1,1,1
"Edward Lazear, Economist and White House Adviser, Dies at 72",The Wall Street Journal,2020,11,26,82,1,1,1
The Truth About Chinese Bonds,The Wall Street Journal,2020,11,26,82,1,1,1
"Chick-fil-A Sues Poultry Suppliers, Alleging Price-Fixing",The Wall Street Journal,2020,12,06,83,1,1,1
Exxon Under Pressure From New Activist Fund,The Wall Street Journal,2020,12,06,83,1,1,1
The U.A.E. Needs U.S. Arms to Ward Off Iran,The Wall Street Journal,2020,12,06,83,1,1,1
"Airbnb Boosts IPO Range, Valuing Itself at Up to $42 Billion",The Wall Street Journal,2020,12,06,83,1,1,1
New York Area Hospitals Feel Better Prepared for Covid-19 Winter,The Wall Street Journal,2020,12,06,83,1,1,1
"The Death of Zappos’s Tony Hsieh: A Spiral of Alcohol, Drugs and Extreme Behavior",The Wall Street Journal,2020,12,06,83,1,1,1
What Andrea Bocelli and Cazzie David Are Waiting for,The Wall Street Journal,2020,12,06,83,1,1,1
Saudis and Israelis Publicly Clash Over Palestinian Rights,The Wall Street Journal,2020,12,06,83,1,1,1
‘Urgent’ Stimulus Package Isn’t That Urgent,The Wall Street Journal,2020,12,06,83,1,1,1
"Stocks Laugh at Economic Uncertainty, for Now",The Wall Street Journal,2020,12,06,83,1,1,1
"Long a Holdout From Restrictions, Sweden Ends Its Pandemic Experiment",The Wall Street Journal,2020,12,06,83,1,1,1
Georgia Rejects Trump’s Request to Reverse His Election Loss,The Wall Street Journal,2020,12,06,83,1,1,1
"‘One Billion Americans’ Review: More People, Fewer Problems",The Wall Street Journal,2020,12,06,83,1,1,1
Everest Gets an Altitude Adjustment: Nepal and China Agree on Height,The Wall Street Journal,2020,12,06,83,1,1,1
Google Spars With Barry Diller’s IAC,The Wall Street Journal,2020,12,06,83,1,1,1
Pompeo Is Set to Begin Domestic Chapter,The Wall Street Journal,2020,12,06,83,1,1,1
Europe Seeks to Boost Pandemic-Damaged Economy by Spending,The Wall Street Journal,2020,12,06,83,1,1,1
How to Give Shareholders a Say on Corporate Social Responsibility,The Wall Street Journal,2020,12,06,83,1,1,1
Chinese Arms Industry Ranks Second Behind U.S.,The Wall Street Journal,2020,12,06,83,1,1,1
A Weak Visa Case Against Facebook,The Wall Street Journal,2020,12,06,83,1,1,1
The Covid Risks in the Workplace Break Room,The Wall Street Journal,2020,12,06,83,1,1,1
Biden to Nominate Becerra as HHS Secretary,The Wall Street Journal,2020,12,06,83,1,1,1
"Inside the Retreat of Jamie Dinan’s York, a One-Time Star Hedge Fund",The Wall Street Journal,2020,12,06,83,1,1,1
"Rudy Giuliani Tests Positive for Covid-19, Admitted to Hospital",The Wall Street Journal,2020,12,06,83,1,1,1
Lawmakers Look to Short-Term Funding as Spending Talks Continue,The Wall Street Journal,2020,12,06,83,1,1,1
Fight for Upstate New York House Race Continues in Court,The Wall Street Journal,2020,12,06,83,1,1,1
"Economy Week Ahead: Inflation, Stimulus and Layoffs",The Wall Street Journal,2020,12,06,83,1,1,1
Schumer’s Wages of ‘Resistance’,The Wall Street Journal,2020,12,06,83,1,1,1
The Challenges—and Rewards—of Deferring College During Covid,The Wall Street Journal,2020,12,06,83,1,1,1
The Other Arizona Election Challenge,The Wall Street Journal,2020,12,06,83,1,1,1
What Are Contrary Indicators?,The Wall Street Journal,2020,12,06,83,1,1,1
Trump Runs the Stacey Abrams Playbook,The Wall Street Journal,2020,12,06,83,1,1,1
Holocaust Survivors Deserve Their Day in Court,The Wall Street Journal,2020,12,06,83,1,1,1
Should Star Athletes Get the Covid Vaccine Early?,The Wall Street Journal,2020,12,06,83,1,1,1
Biden to Select Rochelle Walensky to Lead the CDC,The Wall Street Journal,2020,12,06,83,1,1,1
Companies Could Face Pressure to Disclose More ESG Data,The Wall Street Journal,2020,12,06,83,1,1,1
The Curious Case of Mexican General Cienfuegos,The Wall Street Journal,2020,12,06,83,1,1,1
The GOP Needs to Have a Health-Care Plan,The Wall Street Journal,2020,12,06,83,1,1,1
Watchdog Finds No Wrongdoing in Kodak Deal,The Wall Street Journal,2020,12,06,83,1,1,1
"After 2020 Losses, Some Democrats Question Party’s Health-Care Focus",The Wall Street Journal,2020,12,06,83,1,1,1
U.S. Diplomats’ Illnesses Likely Tied to Pulsed Energy Attack,The Wall Street Journal,2020,12,06,83,1,1,1
Trial Lawyers vs. Arab-Israeli Peace,The Wall Street Journal,2020,12,06,83,1,1,1
Your Boss Can Restrict Your Holiday Plans in the Pandemic,The Wall Street Journal,2020,12,06,83,1,1,1
"Five Pricing Moves Companies Made in 2020, From Zoom to Peloton",The Wall Street Journal,2020,12,06,83,1,1,1
Should Investors Buy a Stock After a Split?,The Wall Street Journal,2020,12,06,83,1,1,1
A Stimulus Dollar Is Only a Dollar,The Wall Street Journal,2020,12,06,83,1,1,1
"First Cuomo, Now Newsom",The Wall Street Journal,2020,12,06,83,1,1,1
Who’ll Get the Covid Vaccine First?,The Wall Street Journal,2020,12,06,83,1,1,1
Ethiopia’s Once-Golden Economy Loses Its Luster,The Wall Street Journal,2020,12,06,83,1,1,1
"Georgia Sen. Loeffler, Challenger Warnock Spar in Debate With Senate Control at Stake",The Wall Street Journal,2020,12,06,83,1,1,1
"With Ski Resorts Closed Across Europe, Die-Hards Descend on Switzerland",The Wall Street Journal,2020,12,19,84,1,1,1
The World’s Largest Sovereign-Wealth Fund Weighs a More Active Approach,The Wall Street Journal,2020,12,19,84,1,1,1
Australia’s Covid-19 Defenses Have a Weakness: Aircrews,The Wall Street Journal,2020,12,19,84,1,1,1
"After Covid Took His Father, a Hospital Boss Leans on His Wisdom",The Wall Street Journal,2020,12,19,84,1,1,1
Judy Garland’s Good Tidings,The Wall Street Journal,2020,12,19,84,1,1,1
The Darker Side of Christmas,The Wall Street Journal,2020,12,19,84,1,1,1
Covid-19 Vaccines Are Slow to Reach Rural America,The Wall Street Journal,2020,12,19,84,1,1,1
Pepper...and Salt,The Wall Street Journal,2020,12,19,84,1,1,1
Joe Biden’s 5 Tech Priorities,The Wall Street Journal,2020,12,19,84,1,1,1
The Lawyer Trying to Keep Google From Being Broken Up,The Wall Street Journal,2020,12,19,84,1,1,1
Star Wars Novelists Seek Years of Missing Royalties From Disney,The Wall Street Journal,2020,12,19,84,1,1,1
The Venture Capitalist Harnessing a New Brand of Capitalism to Combat Poverty,The Wall Street Journal,2020,12,19,84,1,1,1
New York City Traffic Deaths Rise During Covid-19 Pandemic,The Wall Street Journal,2020,12,19,84,1,1,1
The Workout Olympic Skiers Use to Prepare for the Slopes,The Wall Street Journal,2020,12,19,84,1,1,1
Photos of the Week,The Wall Street Journal,2020,12,19,84,1,1,1
Covid-19 Vaccine Makers Tap Contractors to Produce Billions of Doses,The Wall Street Journal,2020,12,19,84,1,1,1
College Football’s 2020 Grid of Chaos,The Wall Street Journal,2020,12,19,84,1,1,1
French Prosecutors Bring Rape Charges Against Epstein Associate,The Wall Street Journal,2020,12,19,84,1,1,1
Pompeo Blames Russia for Hack as Trump Casts Doubt,The Wall Street Journal,2020,12,19,84,1,1,1
"This Ford Is Straight Out of the ’70s, 8-Track Included",The Wall Street Journal,2020,12,19,84,1,1,1
New Covid-19 Surge Sweeps Across Latin America,The Wall Street Journal,2020,12,19,84,1,1,1
U.K. Orders Fresh Lockdowns to Curb New Covid-19 Strain,The Wall Street Journal,2020,12,19,84,1,1,1
Wonder Woman’s Riskiest Mission Yet,The Wall Street Journal,2020,12,19,84,1,1,1
‘Salman Toor: How Will I Know’ Review: A Contemporary Painter’s Poignant Scenes,The Wall Street Journal,2020,12,19,84,1,1,1
"For Small Firms, Covid-19 Cuts Deeper; ‘It’s Getting Worse Every Day’",The Wall Street Journal,2020,12,19,84,1,1,1
Here’s a Market Forecast: 2021 Will Be Hard to Predict,The Wall Street Journal,2020,12,19,84,1,1,1
"Haim, Lindsey Buckingham and More Musicians on Their Favorite Songs of 2020",The Wall Street Journal,2020,12,19,84,1,1,1
Mammoth Iceberg Jeopardizes Millions of Penguins,The Wall Street Journal,2020,12,19,84,1,1,1
Photos: Wanna Feel Old?,The Wall Street Journal,2020,12,19,84,1,1,1
What We Know About New Covid-19 Strain in England,The Wall Street Journal,2020,12,19,84,1,1,1
Secretary of State Pick to Face GOP Scrutiny,The Wall Street Journal,2020,12,19,84,1,1,1
What to Wear to Get Ahead in Finance—According to HBO’s ‘Industry’,The Wall Street Journal,2020,12,19,84,1,1,1
George Pratt Shultz,The Wall Street Journal,2021,02,07,85,1,1,1
What Time Does the Super Bowl Start?,The Wall Street Journal,2021,02,07,85,1,1,1
Rough Landing Expected for the Glut of New Small-Rocket Makers,The Wall Street Journal,2021,02,07,85,1,1,1
"Slow Covid-19 Vaccine Rollout, New Variants Shift Some Business Plans",The Wall Street Journal,2021,02,07,85,1,1,1
"Economy Week Ahead: Inflation, Unemployment and GDP",The Wall Street Journal,2021,02,07,85,1,1,1
The Constitution Doesn’t Bar Trump’s Impeachment Trial,The Wall Street Journal,2021,02,07,85,1,1,1
The Case for Plain Vanilla Gets Its Day in Court,The Wall Street Journal,2021,02,07,85,1,1,1
"A (Ridiculous) Proposal: Tom Brady, in the NFL, at Age 70…On the Raiders",The Wall Street Journal,2021,02,07,85,1,1,1
"See America With an RV, Not Twitter",The Wall Street Journal,2021,02,07,85,1,1,1
"As Biden Decides What to Do With Border Wall, Landowners Are in Limbo",The Wall Street Journal,2021,02,07,85,1,1,1
"Covid-19’s Hit to State, Local Revenues Smaller Than Many Feared",The Wall Street Journal,2021,02,07,85,1,1,1
"Indian Glacier in Himalayan Valley Crumbles, Causing Flash Flooding",The Wall Street Journal,2021,02,07,85,1,1,1
"Inside Repossi’s New Monaco Store, Where the Jewelry Seems Extra-Shiny",The Wall Street Journal,2021,02,07,85,1,1,1
The Tampa Bay Buccaneers Win the Super Bowl,The Wall Street Journal,2021,02,07,85,1,1,1
Silver Billionaire Thomas Kaplan Welcomes Trading Frenzy,The Wall Street Journal,2021,02,07,85,1,1,1
Investors Hit Reset in a Bizarre Market,The Wall Street Journal,2021,02,07,85,1,1,1
The New Rules for Night Owl Workers,The Wall Street Journal,2021,02,07,85,1,1,1
Everybody Wants Muni Paper,The Wall Street Journal,2021,02,07,85,1,1,1
Can You Count On Your Employer to Help You Get the Covid-19 Vaccine?,The Wall Street Journal,2021,02,07,85,1,1,1
"Chicago, San Francisco Reach Tentative Deals With Teachers Unions on Reopening Schools",The Wall Street Journal,2021,02,07,85,1,1,1
The Supreme Court Steps Up Again,The Wall Street Journal,2021,02,07,85,1,1,1
Super Bowl Ads Go for Comedic Catharsis,The Wall Street Journal,2021,02,07,85,1,1,1
What to Do When There’s a Covid-19 Vaccine Glut,The Wall Street Journal,2021,02,07,85,1,1,1
"Vaccine Promises Fall Short for Many Doctors, Elderly in Europe",The Wall Street Journal,2021,02,07,85,1,1,1
Battle Over Upstate Congressional Seat Shows New York’s Election Problems,The Wall Street Journal,2021,02,07,85,1,1,1
Reconnect With the Work Friends You Miss,The Wall Street Journal,2021,02,07,85,1,1,1
Unity and Vision Elude the Fractured GOP,The Wall Street Journal,2021,02,07,85,1,1,1
We Don’t Need Another Patriot Act,The Wall Street Journal,2021,02,07,85,1,1,1
Tightening Oil Supplies Inject New Momentum Into Price Rally,The Wall Street Journal,2021,02,07,85,1,1,1
"China’s Economy Isn’t Out of the Woods, Despite a Strong 2020",The Wall Street Journal,2021,02,07,85,1,1,1
"The Wisdom of George Shultz, 1920-2021",The Wall Street Journal,2021,02,07,85,1,1,1
What’s the Pro Move for Roasting Chicken?,The Wall Street Journal,2021,02,07,85,1,1,1
Mediocrity Is Now Mandatory,The Wall Street Journal,2021,02,07,85,1,1,1
Long Bonds Won’t Help Underfunded Plans,The Wall Street Journal,2021,02,07,85,1,1,1
Phone Protection Plans: Who Should Buy Them,The Wall Street Journal,2021,02,07,85,1,1,1
Connecticut Democrats Push Governor to Raise Taxes,The Wall Street Journal,2021,02,07,85,1,1,1
Rollout of AstraZeneca Covid-19 Vaccine Halted in South Africa,The Wall Street Journal,2021,02,07,85,1,1,1
Elliott Management Explores Raising a SPAC,The Wall Street Journal,2021,02,07,85,1,1,1
Apple’s Electric-Vehicle Talks With Hyundai Break Down,The Wall Street Journal,2021,02,07,85,1,1,1
"George Shultz, Secretary of State Under Reagan, Dies at 100",The Wall Street Journal,2021,02,07,85,1,1,1
Biden Puts Democratic Unions Ahead of Children,The Wall Street Journal,2021,02,07,85,1,1,1
Biden’s Troubling Latin Agenda,The Wall Street Journal,2021,02,07,85,1,1,1
India-Focused ETFs Could Be Poised for a Rebound,The Wall Street Journal,2021,02,07,85,1,1,1
"Publishers, Free Speech and Common Business Decisions",The Wall Street Journal,2021,02,07,85,1,1,1
Jamie Raskin Leads Democrats in Trump’s Second Impeachment Trial,The Wall Street Journal,2021,02,07,85,1,1,1
"From Amanda Gorman to the Weeknd, a Super Bowl Spectacle",The Wall Street Journal,2021,02,07,85,1,1,1
Senate Democrats See Short Trump Trial Amid Covid-19 Stimulus Push,The Wall Street Journal,2021,02,07,85,1,1,1
‘Kill Switch’ Review: When 51 Votes Aren’t Enough,The Wall Street Journal,2021,02,07,85,1,1,1
Biden Won’t Lift Sanctions to Bring Tehran Back to Negotiating Table,The Wall Street Journal,2021,02,07,85,1,1,1
Biden Goes Party Line on $1.9 Trillion,The Wall Street Journal,2021,02,07,85,1,1,1
"Biden Allies to Launch Advocacy Group to Promote Covid-19 Relief Plan, Other Policies",The Wall Street Journal,2021,02,17,86,1,1,1
"In Texas, Families Take Risks to Stay Warm",The Wall Street Journal,2021,02,17,86,1,1,1
A Covid Bill’s Hidden Tax Increase,The Wall Street Journal,2021,02,17,86,1,1,1
Fed Officials Saw Easy-Money Policies Remaining in Place,The Wall Street Journal,2021,02,17,86,1,1,1
Biden’s Endless Winter,The Wall Street Journal,2021,02,17,86,1,1,1
Trump Smears Don’t Diminish McConnell,The Wall Street Journal,2021,02,17,86,1,1,1
Nasdaq Slumps as Tech Shares Fall,The Wall Street Journal,2021,02,17,86,1,1,1
"Off the Plate (Thursday Crossword, February 18)",The Wall Street Journal,2021,02,17,86,1,1,1
Democrats Face Intraparty Fight on Minimum Wage,The Wall Street Journal,2021,02,17,86,1,1,1
U.S. Agents Seize 10 Million Counterfeit N95 Face Masks,The Wall Street Journal,2021,02,17,86,1,1,1
The Risks of Skimping on Covid Relief,The Wall Street Journal,2021,02,17,86,1,1,1
South Carolina Passes ‘Fetal Heartbeat’ Abortion Legislation,The Wall Street Journal,2021,02,17,86,1,1,1
J.B. Hunt Enlists Google to Match Carriers With Shippers,The Wall Street Journal,2021,02,17,86,1,1,1
The Intercession of the Grateful Dead,The Wall Street Journal,2021,02,17,86,1,1,1
"Retail Sales Rose Strongly in January, Driven by Stimulus",The Wall Street Journal,2021,02,17,86,1,1,1
New York Schools Replace Gifted Test With Lottery,The Wall Street Journal,2021,02,17,86,1,1,1
U.S. Charges Three Executives in Navy Contractor Dumping Case in Japan,The Wall Street Journal,2021,02,17,86,1,1,1
HP Makes Its Interim Finance Chief Permanent,The Wall Street Journal,2021,02,17,86,1,1,1
Americans in Ghosn Escape Case Ask U.S. to Halt Extradition,The Wall Street Journal,2021,02,17,86,1,1,1
Facebook to Prohibit Sharing of News Content in Australia,The Wall Street Journal,2021,02,17,86,1,1,1
"Vaccine Delays in Poor Nations
		
			
		
	Risk Prolonging Pandemic",The Wall Street Journal,2021,02,17,86,1,1,1
"New Winter Storm Threatens Fragile Electrical Grids in Texas, Other Parts of U.S.",The Wall Street Journal,2021,02,17,86,1,1,1
Saudi Arabia Set to Raise Oil Output Amid Recovery in Prices,The Wall Street Journal,2021,02,17,86,1,1,1
Melvin Capital Was Short GameStop Since 2014,The Wall Street Journal,2021,02,17,86,1,1,1
Emmanuel Macron and the Woke,The Wall Street Journal,2021,02,17,86,1,1,1
‘I’m Like a SPAC—What the Hell Is That?’: Rap Explains Hot Finance Trend,The Wall Street Journal,2021,02,17,86,1,1,1
Theranos Lab Chief Says He Found Blood-Test Tech Didn’t Work,The Wall Street Journal,2021,02,17,86,1,1,1
Do Schools Spread Covid-19? What You Need to Know,The Wall Street Journal,2021,02,17,86,1,1,1
Two Boeing Directors to Step Down From Board,The Wall Street Journal,2021,02,17,86,1,1,1
Why a Ski Vacation During Covid Is Worth the Hassle,The Wall Street Journal,2021,02,17,86,1,1,1
NASA’s Mars Perseverance Mission on Track for Ambitious Landing,The Wall Street Journal,2021,02,17,86,1,1,1
GameStop Frenzy Prompts SEC to Weigh More Short Sale Transparency,The Wall Street Journal,2021,02,17,86,1,1,1
"Biden, Netanyahu Hold Their First Phone Call of Biden’s Presidency",The Wall Street Journal,2021,02,17,86,1,1,1
Texas Spins Into the Wind,The Wall Street Journal,2021,02,17,86,1,1,1
‘Dress Codes’ Review: From Frock Coat to Flip-Flops,The Wall Street Journal,2021,02,17,86,1,1,1
"Following Big-Ticket Deal Next Door, a Palm Beach Property Lists for $84 Million",The Wall Street Journal,2021,02,17,86,1,1,1
Treasury Yields Stabilize After Big Jump,The Wall Street Journal,2021,02,17,86,1,1,1
"Oil Prices Are Up, but Frackers Stay on the Sidelines—for Now",The Wall Street Journal,2021,02,17,86,1,1,1
Google to Pay News Corp for Access to Its Publications’ Content,The Wall Street Journal,2021,02,17,86,1,1,1
Dozens Missing in Nigeria’s Latest School Kidnapping,The Wall Street Journal,2021,02,17,86,1,1,1
Brazil Turns Sleepy Town Into Global Covid-19 Experiment,The Wall Street Journal,2021,02,17,86,1,1,1
What to Watch: Four New Releases to Stream This Week,The Wall Street Journal,2021,02,17,86,1,1,1
Five New York City Students Have Died by Suicide This School Year,The Wall Street Journal,2021,02,17,86,1,1,1
"Biden, Union Leaders Huddle on Infrastructure Plan",The Wall Street Journal,2021,02,17,86,1,1,1
"Texas Winter Storm Strikes Chip Makers, Compounding Supply Woes",The Wall Street Journal,2021,02,17,86,1,1,1
Cuomo Fires Back at Critic Over Nursing-Home Deaths,The Wall Street Journal,2021,02,17,86,1,1,1
Rush Limbaugh,The Wall Street Journal,2021,02,17,86,1,1,1
Covid Catches Andrew Cuomo,The Wall Street Journal,2021,02,17,86,1,1,1
An American Belt and Road Initiative?,The Wall Street Journal,2021,02,17,86,1,1,1
"North Korea Turns to Cryptocurrency Schemes in Global Heists, U.S. Says",The Wall Street Journal,2021,02,17,86,1,1,1
Knotel to Name WeWork Veteran Michael Gross as CEO,The Wall Street Journal,2021,03,22,87,1,1,1
Pro-Trump Lawyer Sidney Powell Seeks to Dismiss Defamation Suit,The Wall Street Journal,2021,03,22,87,1,1,1
Bond Rout Hits Safest Corporate Debt,The Wall Street Journal,2021,03,22,87,1,1,1
Humana Opens Search for New CFO as Brian Kane Resigns,The Wall Street Journal,2021,03,22,87,1,1,1
FirstEnergy Appoints Chief Compliance Officer Amid Bribery Probe,The Wall Street Journal,2021,03,22,87,1,1,1
A Warning to Pelosi on Iowa,The Wall Street Journal,2021,03,22,87,1,1,1
Supreme Court Shows Inclination to Limit Union-Access Law,The Wall Street Journal,2021,03,22,87,1,1,1
The Christian Baker Who Said ‘No’,The Wall Street Journal,2021,03,22,87,1,1,1
Leon Black Steps Down as Apollo Global’s Chairman,The Wall Street Journal,2021,03,22,87,1,1,1
Oil Company Leaders Support Carbon Pricing Plan,The Wall Street Journal,2021,03,22,87,1,1,1
"Hardwood Four (Tuesday Crossword, March 23)",The Wall Street Journal,2021,03,22,87,1,1,1
Vaccine Fight Between EU and U.K. Threatens to Escalate,The Wall Street Journal,2021,03,22,87,1,1,1
"U.S., Allies Sanction China Over Treatment of Uyghurs",The Wall Street Journal,2021,03,22,87,1,1,1
Technology Shares Rebound,The Wall Street Journal,2021,03,22,87,1,1,1
"A 1,000-Word Story on My Friend’s Wall",The Wall Street Journal,2021,03,22,87,1,1,1
New York City High Schools Reopen After Covid-19 Shutdowns,The Wall Street Journal,2021,03,22,87,1,1,1
Jury Selection Nears Close in Derek Chauvin Case,The Wall Street Journal,2021,03,22,87,1,1,1
‘Chemtrails Over the Country Club’ by Lana Del Rey Review: Tainted by Expectation,The Wall Street Journal,2021,03,22,87,1,1,1
A Man in Iowa,The Wall Street Journal,2021,03,22,87,1,1,1
A Case for the Continued Wearing of Masks,The Wall Street Journal,2021,03,22,87,1,1,1
‘Rock Me on the Water’ Review: Something New Came Along,The Wall Street Journal,2021,03,22,87,1,1,1
"Washington, D.C., Statehood Divides Congressional Hearing",The Wall Street Journal,2021,03,22,87,1,1,1
Saudi Arabia Offers Cease-Fire Deal in Yemen,The Wall Street Journal,2021,03,22,87,1,1,1
Turkish Lira Plunges After Erdogan Fires Central-Bank Chief,The Wall Street Journal,2021,03,22,87,1,1,1
New Acting Chief Named for Brooklyn Federal Prosecutors,The Wall Street Journal,2021,03,22,87,1,1,1
Fed’s Powell Says Recovery Is Far From Complete,The Wall Street Journal,2021,03,22,87,1,1,1
Dorsey’s First Tweet Sells as NFT for $2.9 Million,The Wall Street Journal,2021,03,22,87,1,1,1
Her Job Is to Convince South Koreans to Use 5G. It Hasn’t Been Easy.,The Wall Street Journal,2021,03,22,87,1,1,1
"No Inflation Panic Yet, but There Is Concern",The Wall Street Journal,2021,03,22,87,1,1,1
Amazon’s Policy Could Provoke Antitrust Move,The Wall Street Journal,2021,03,22,87,1,1,1
"Caesars Sues Insurance Carriers, Saying They Declined to Cover Losses",The Wall Street Journal,2021,03,22,87,1,1,1
Reconsidering Times v. Sullivan,The Wall Street Journal,2021,03,22,87,1,1,1
Alleged North Korean Operative Makes First U.S. Court Appearance,The Wall Street Journal,2021,03,22,87,1,1,1
Eric Greitens Enters Missouri Senate Race,The Wall Street Journal,2021,03,22,87,1,1,1
America’s Back—Against a Wall,The Wall Street Journal,2021,03,22,87,1,1,1
Notable & Quotable: Meat Wars,The Wall Street Journal,2021,03,22,87,1,1,1
New York to Open Covid-19 Vaccine Eligibility to Residents Aged 50 and Above,The Wall Street Journal,2021,03,22,87,1,1,1
"Thank You, Kay Coles James",The Wall Street Journal,2021,03,22,87,1,1,1
A Closer Look,The Wall Street Journal,2021,03,22,87,1,1,1
Biden Administration Officials Put Together $3 Trillion Economic Plan,The Wall Street Journal,2021,03,22,87,1,1,1
Marty Walsh Confirmed as Labor Secretary,The Wall Street Journal,2021,03,22,87,1,1,1
Hybrid Work Plans Could Bring New Challenges,The Wall Street Journal,2021,03,22,87,1,1,1
Supreme Court to Consider Boston Marathon Bomber’s Death Sentence,The Wall Street Journal,2021,03,22,87,1,1,1
Fox Corp. Taps Former U.S. Attorney for Nevada as Compliance Chief,The Wall Street Journal,2021,03,22,87,1,1,1
The Dubious Origins of Long Covid,The Wall Street Journal,2021,03,22,87,1,1,1
Universal Basic Income Hype,The Wall Street Journal,2021,03,22,87,1,1,1
Microsoft Prepares to Reopen Its Offices and Enter Hybrid-Work Era,The Wall Street Journal,2021,03,22,87,1,1,1
New York City Venues Reopen but Raise Covid-19 Concerns,The Wall Street Journal,2021,03,22,87,1,1,1
Matt Zames Steps Down as Cerberus Capital’s President,The Wall Street Journal,2021,03,22,87,1,1,1
The Day People Named Josh Fought in Nebraska,The Wall Street Journal,2021,04,26,88,1,1,1
U.K. Prosecutors’ Case Against Ex-Serco Execs Collapses at Trial,The Wall Street Journal,2021,04,26,88,1,1,1
"From On High (Tuesday Crossword, April 27)",The Wall Street Journal,2021,04,26,88,1,1,1
‘Second Line’ by Dawn Richard Review: Anything but Traditional,The Wall Street Journal,2021,04,26,88,1,1,1
"Goodbye Section 230, Hello Liberty",The Wall Street Journal,2021,04,26,88,1,1,1
U.S. Launches Investigation Into Louisville Police Practices,The Wall Street Journal,2021,04,26,88,1,1,1
Tesla Posts Record Earnings at Start of Turbulent Year,The Wall Street Journal,2021,04,26,88,1,1,1
Secure Home Lenders Move to Take Over Company,The Wall Street Journal,2021,04,26,88,1,1,1
New York City to Increase Spending as Tax Revenue Improves,The Wall Street Journal,2021,04,26,88,1,1,1
Hollywood: No Land for Nomads,The Wall Street Journal,2021,04,26,88,1,1,1
Apple to Build New Campus in North Carolina,The Wall Street Journal,2021,04,26,88,1,1,1
New Jersey’s Gas Pipeline Veto,The Wall Street Journal,2021,04,26,88,1,1,1
Investors Stay Hungry for Inflation-Protected Bonds,The Wall Street Journal,2021,04,26,88,1,1,1
"How to Save the Post Office, Maybe",The Wall Street Journal,2021,04,26,88,1,1,1
Senate Earmarks Are Back: Democrats Make It Official,The Wall Street Journal,2021,04,26,88,1,1,1
Prescription-Drug Price Cuts Set to Be Left Out of White House Proposal,The Wall Street Journal,2021,04,26,88,1,1,1
"For Biden’s Next 100 Days, the World Is Preparing Tests",The Wall Street Journal,2021,04,26,88,1,1,1
The Fed in the Sand as Inflation Threatens,The Wall Street Journal,2021,04,26,88,1,1,1
A Liberalish New World Order,The Wall Street Journal,2021,04,26,88,1,1,1
‘Meditations’ Review: A Stoic Emperor’s Bestseller,The Wall Street Journal,2021,04,26,88,1,1,1
Uranium Miners Take Unorthodox Approach: Buying Uranium,The Wall Street Journal,2021,04,26,88,1,1,1
Europe Aims to Let American Travelers In While Keeping Covid-19 at Bay,The Wall Street Journal,2021,04,26,88,1,1,1
New York Eases Covid-19 Capacity Restrictions at Offices,The Wall Street Journal,2021,04,26,88,1,1,1
China Starts Probe Into Meituan as Internet-Industry Crackdown Widens,The Wall Street Journal,2021,04,26,88,1,1,1
Supreme Court Will Hear Case Over Testimony on Guantanamo Detainee,The Wall Street Journal,2021,04,26,88,1,1,1
Simon & Schuster Employees Demand No Deals With Trump-Linked Authors,The Wall Street Journal,2021,04,26,88,1,1,1
Who Nds th Lttr E? Scottish Fund Manager Aberdeen Tries Abrdn Instead,The Wall Street Journal,2021,04,26,88,1,1,1
My Pandemic Career Path: From Teaching English in China to Planning for Medical School,The Wall Street Journal,2021,04,26,88,1,1,1
‘Woke’ Corporations Use the Chinese Model,The Wall Street Journal,2021,04,26,88,1,1,1
iOS 14.5 Is Here: A Guide to Apple’s New App-Tracking Controls,The Wall Street Journal,2021,04,26,88,1,1,1
"America Voted for a Rest, Not a Revolution",The Wall Street Journal,2021,04,26,88,1,1,1
Chicago Sues Indiana Gun Shop Over Illegal Guns,The Wall Street Journal,2021,04,26,88,1,1,1
"Iranian Ships Swarmed U.S. Coast Guard Vessels in Persian Gulf, Navy Says",The Wall Street Journal,2021,04,26,88,1,1,1
Fortnite’s Mastermind Goes to Battle With Apple,The Wall Street Journal,2021,04,26,88,1,1,1
Portland Is Mugged by Reality,The Wall Street Journal,2021,04,26,88,1,1,1
South and Mountain West Gain Political Power From Population Growth,The Wall Street Journal,2021,04,26,88,1,1,1
‘Artur Rodzinski—New York Philharmonic: The Complete Columbia Album Collection’ Review: Mercurial Maestro,The Wall Street Journal,2021,04,26,88,1,1,1
Lyft to Sell Autonomous-Driving Unit to Toyota for $550 Million,The Wall Street Journal,2021,04,26,88,1,1,1
A Slow FDA Is Denying ALS Patients Their Only Hope,The Wall Street Journal,2021,04,26,88,1,1,1
U.S. to Share AstraZeneca Covid-19 Vaccine Doses With World,The Wall Street Journal,2021,04,26,88,1,1,1
Gun Rights Return to the Supreme Court,The Wall Street Journal,2021,04,26,88,1,1,1
Give Bill Maher an Oscar,The Wall Street Journal,2021,04,26,88,1,1,1
What Wall Street Is Telling Us About the U.S. Economic Outlook,The Wall Street Journal,2021,04,26,88,1,1,1
Oscars Ratings Plummet to New Low,The Wall Street Journal,2021,04,26,88,1,1,1
"U.K. Blacklists Officials, Others for Alleged Corruption Under New Sanctions Regime",The Wall Street Journal,2021,04,26,88,1,1,1
"At the Oscars, Frances McDormand Raises Hollywood’s Existential Question",The Wall Street Journal,2021,04,26,88,1,1,1
New York Poised to Renew Eviction Protections for Apartment Tenants,The Wall Street Journal,2021,04,26,88,1,1,1
Cuomo Says Sexual-Harassment Probe Won’t Find Wrongdoing,The Wall Street Journal,2021,04,26,88,1,1,1
Nasdaq Composite Sets First Record Since February,The Wall Street Journal,2021,04,26,88,1,1,1
Supreme Court to Hear Case on Right to Carry Concealed Guns,The Wall Street Journal,2021,04,26,88,1,1,1
Labor Groups Divided Over Proposal to Let App Workers Unionize in New York,The Wall Street Journal,2021,05,26,89,1,1,1
A Sprawling Mediterranean Florida Compound,The Wall Street Journal,2021,05,26,89,1,1,1
Bayer to Rethink Roundup Formula for U.S. Consumers,The Wall Street Journal,2021,05,26,89,1,1,1
Illinois’s Big Labor Bill of Rights,The Wall Street Journal,2021,05,26,89,1,1,1
San Jose Shooting Leaves at Least Eight Dead,The Wall Street Journal,2021,05,26,89,1,1,1
"Reopening Is Inflation’s Cure, Not Cause",The Wall Street Journal,2021,05,26,89,1,1,1
"Police Overhauls Help Fight Crime, Biden Administration Official Says",The Wall Street Journal,2021,05,26,89,1,1,1
Oil Giants Are Dealt Major Defeats as Climate-Change Pressures Intensify,The Wall Street Journal,2021,05,26,89,1,1,1
The Proxy Coup at Exxon,The Wall Street Journal,2021,05,26,89,1,1,1
Finding Myself in Books (and Bookmarks),The Wall Street Journal,2021,05,26,89,1,1,1
How Disney’s ‘Cruella’ Shows the Decline of the G-Rated Movie,The Wall Street Journal,2021,05,26,89,1,1,1
Biden’s Pick to Lead ATF Faces Opposition From Senate Republicans,The Wall Street Journal,2021,05,26,89,1,1,1
A Guide to 5G Services: What the Different Brand Names Mean,The Wall Street Journal,2021,05,26,89,1,1,1
Activist Wins Exxon Board Seats After Questioning Its Climate Strategy,The Wall Street Journal,2021,05,26,89,1,1,1
"Covid-19 Treatment From Vir, GlaxoSmithKline Is Authorized",The Wall Street Journal,2021,05,26,89,1,1,1
Stocks Edge Up as Worries Around Inflation Abate,The Wall Street Journal,2021,05,26,89,1,1,1
"Eric Carle, ‘The Very Hungry Caterpillar’ Author, Dies at 91",The Wall Street Journal,2021,05,26,89,1,1,1
Shareholder of MDC Partners Opposes Merger With Stagwell,The Wall Street Journal,2021,05,26,89,1,1,1
Tent Sleepovers: The Extravagant Party Kids Are Craving in 2021,The Wall Street Journal,2021,05,26,89,1,1,1
"Amazon to Buy MGM, Bagging a Lion to Help Wage Streaming Battle",The Wall Street Journal,2021,05,26,89,1,1,1
‘Last Supper in Pompeii: From the Table to the Grave’ Review: Rediscovering Roman Revelry,The Wall Street Journal,2021,05,26,89,1,1,1
SEC Weighs New Investor Protections for SPACs,The Wall Street Journal,2021,05,26,89,1,1,1
"Biden to Nominate Thomas Nides as Envoy to Israel, Eric Garcetti as Ambassador to India",The Wall Street Journal,2021,05,26,89,1,1,1
Walmart to Sell New Line of Gap-Branded Homegoods,The Wall Street Journal,2021,05,26,89,1,1,1
"Amid Red-Hot Market, Developer Sells South Florida Home for $13 Million",The Wall Street Journal,2021,05,26,89,1,1,1
Former Mets Manager Banned After Sexual Harassment Investigation,The Wall Street Journal,2021,05,26,89,1,1,1
"Bank CEOs Navigate Partisan Strife Over Voting Rules, Climate Change",The Wall Street Journal,2021,05,26,89,1,1,1
Liz Cheney Sees Re-Election Bid as Big Moment for GOP,The Wall Street Journal,2021,05,26,89,1,1,1
"U.S., China Trade Officials Hold First Virtual Meeting",The Wall Street Journal,2021,05,26,89,1,1,1
The Pelosi January 6 Commission Fiasco,The Wall Street Journal,2021,05,26,89,1,1,1
Republicans Can Get an Infrastructure Deal,The Wall Street Journal,2021,05,26,89,1,1,1
"We Hear You (Thursday Crossword, May 27)",The Wall Street Journal,2021,05,26,89,1,1,1
Amazon Deal for MGM Marks Win for Hedge Funds,The Wall Street Journal,2021,05,26,89,1,1,1
Inside the Israel-Hamas Conflict and One of Its Deadliest Hours in Gaza,The Wall Street Journal,2021,05,26,89,1,1,1
"GameStop, AMC Shares Soar as Meme Stock Rally Returns",The Wall Street Journal,2021,05,26,89,1,1,1
Ford Expects 40% of Global Vehicle Volume to Be Fully Electric By 2030,The Wall Street Journal,2021,05,26,89,1,1,1
Colonial Pipeline Missed Requested Security Review Before Hack,The Wall Street Journal,2021,05,26,89,1,1,1
Federal Prosecutors Have Asked Banks for Information About Archegos Meltdown,The Wall Street Journal,2021,05,26,89,1,1,1
The Missing Aircraft Carrier,The Wall Street Journal,2021,05,26,89,1,1,1
"Nvidia Posts Record Earnings on Videogaming, Cryptocurrency Demand",The Wall Street Journal,2021,05,26,89,1,1,1
Purdue Pharma Preparing to Poll Creditors on Bankruptcy Exit Plan,The Wall Street Journal,2021,05,26,89,1,1,1
"Republican Mayoral Candidates Tussle Over Trump, Party Loyalty",The Wall Street Journal,2021,05,26,89,1,1,1
Cities Reverse Defunding the Police Amid Rising Crime,The Wall Street Journal,2021,05,26,89,1,1,1
"Google, Hospital Chain to Make Tools Using Patient Data",The Wall Street Journal,2021,05,26,89,1,1,1
Biden’s Architecture of Power,The Wall Street Journal,2021,05,26,89,1,1,1
‘The Confidence Men’ Review: Spooking the Commandant,The Wall Street Journal,2021,05,26,89,1,1,1
New York’s MTA Awards $400 Million in Tolling Contracts,The Wall Street Journal,2021,05,26,89,1,1,1
"In Time for the ‘Friends’ Reunion, Gen Z Discovers Jennifer Aniston’s ’90s Outfits",The Wall Street Journal,2021,05,26,89,1,1,1
The Virus Lab Theory’s New Credibility,The Wall Street Journal,2021,05,26,89,1,1,1
LafargeHolcim Nears Settlement Over Property in Cuba,The Wall Street Journal,2021,05,26,89,1,1,1
Pentagon Envisions Using Cargo Rockets,The Wall Street Journal,2021,06,04,90,1,1,1
"Supercomputer Embarks on Effort to Help Map the Universe, Dark Energy and All",The Wall Street Journal,2021,06,04,90,1,1,1
The Inspirational Quest to Honor a Fallen Hero,The Wall Street Journal,2021,06,04,90,1,1,1
Fed Inching Toward Discussion of Slowing Bond Purchases,The Wall Street Journal,2021,06,04,90,1,1,1
Facebook Suspends Trump for Two Years,The Wall Street Journal,2021,06,04,90,1,1,1
"Meme Stocks Are on a Wild Ride, Led by AMC",The Wall Street Journal,2021,06,04,90,1,1,1
Tax Incentives for Film Production? We’ve Seen This Movie Before,The Wall Street Journal,2021,06,04,90,1,1,1
The Dignity of Work,The Wall Street Journal,2021,06,04,90,1,1,1
The FBI Goes Postal,The Wall Street Journal,2021,06,04,90,1,1,1
"Ackman SPAC Mystery Solved, but New Questions Abound",The Wall Street Journal,2021,06,04,90,1,1,1
Trump’s Former White House Counsel Testifies on Capitol Hill,The Wall Street Journal,2021,06,04,90,1,1,1
Fauci Email Bolsters the Lab-Leak Theory,The Wall Street Journal,2021,06,04,90,1,1,1
"Police Training Isn’t the Only, or Main, Issue",The Wall Street Journal,2021,06,04,90,1,1,1
"AMC, Tesla, Zoom: Stocks That Defined the Week",The Wall Street Journal,2021,06,04,90,1,1,1
AstraZeneca Taps Alexion Executive for CFO Job,The Wall Street Journal,2021,06,04,90,1,1,1
Twitter’s Operations Are Suspended in Nigeria,The Wall Street Journal,2021,06,04,90,1,1,1
Microsoft’s Bing Temporarily Blocked Searches of Tiananmen Square ‘Tank Man’ Image,The Wall Street Journal,2021,06,04,90,1,1,1
Former Judge to Review Rudy Giuliani’s Seized Materials,The Wall Street Journal,2021,06,04,90,1,1,1
Can the Next Mayor Make New York Safe Again?,The Wall Street Journal,2021,06,04,90,1,1,1
U.S. UFO Report Doesn’t Explain Mystery Sightings But Finds No Sign of Aliens,The Wall Street Journal,2021,06,04,90,1,1,1
A Guide to San Diego’s Best Beach Towns,The Wall Street Journal,2021,06,04,90,1,1,1
Putin Says the U.S. Wants to Hold Back Russia’s Development,The Wall Street Journal,2021,06,04,90,1,1,1
"The Journal Acrostic (Saturday, June 5)",The Wall Street Journal,2021,06,04,90,1,1,1
Why Biden Is Meeting With Putin,The Wall Street Journal,2021,06,04,90,1,1,1
Proposed Framework Aims to Guide Regulators in Decisions to Charge Chief Compliance Officers,The Wall Street Journal,2021,06,04,90,1,1,1
Biden Administration Moves to Restore Protections for Endangered Wildlife,The Wall Street Journal,2021,06,04,90,1,1,1
Global Maritime Regulator Touts Contended Decarbonization Plan,The Wall Street Journal,2021,06,04,90,1,1,1
What to Read This Week,The Wall Street Journal,2021,06,04,90,1,1,1
Five Best: D-Day Memoirs,The Wall Street Journal,2021,06,04,90,1,1,1
Josh Hawley vs. Rahm Emanuel,The Wall Street Journal,2021,06,04,90,1,1,1
Notable & Quotable: Tribalism Comes for Tribalism,The Wall Street Journal,2021,06,04,90,1,1,1
Abroad at Home: Into Cezanne’s World,The Wall Street Journal,2021,06,04,90,1,1,1
"Biden, Capito Pursue Infrastructure Compromise",The Wall Street Journal,2021,06,04,90,1,1,1
Breakup Meme From Elon Musk Sends Bitcoin Sliding,The Wall Street Journal,2021,06,04,90,1,1,1
Biden Ramps Up Fight Against Corruption,The Wall Street Journal,2021,06,04,90,1,1,1
Two Big U.S. Banks to Resume Campaign Donations,The Wall Street Journal,2021,06,04,90,1,1,1
A Good Worker Is Hard to Find,The Wall Street Journal,2021,06,04,90,1,1,1
Stocks Close Near Records,The Wall Street Journal,2021,06,04,90,1,1,1
Joseph E. Yoakum’s Spiritual Landscapes,The Wall Street Journal,2021,06,04,90,1,1,1
U.S. Government Bond Yields Slip After Jobs Data,The Wall Street Journal,2021,06,04,90,1,1,1
‘Forget the Alamo’ Review: Legends of the Fall,The Wall Street Journal,2021,06,04,90,1,1,1
The Problems With U.S. Ports Are Management’s,The Wall Street Journal,2021,06,04,90,1,1,1
Trump Withdrawal Syndrome,The Wall Street Journal,2021,06,04,90,1,1,1
Facebook’s New Trump Rules,The Wall Street Journal,2021,06,04,90,1,1,1
Hiring Picked Up in May but Lagged Behind Broader Recovery,The Wall Street Journal,2021,06,04,90,1,1,1
SEC Removes Chairman of Audit Watchdog,The Wall Street Journal,2021,06,04,90,1,1,1
Crawfish Boils Land Rookies in Hot Water,The Wall Street Journal,2021,06,04,90,1,1,1
Ackman’s Planned Universal Music Deal Includes His Grandfather’s Hit Song,The Wall Street Journal,2021,06,04,90,1,1,1
Clichés Set Off Alarm Bells,The Wall Street Journal,2021,06,04,90,1,1,1
"Aladdin (Saturday Crossword, June 5)",The Wall Street Journal,2021,06,04,90,1,1,1
Biden’s Banking Data Proposal Has Been Kicking Around for Years,The Wall Street Journal,2021,07,09,91,1,1,1
Albrecht Dürer Was an Artist on the Move,The Wall Street Journal,2021,07,09,91,1,1,1
Drug Prices Are One Focus of Biden’s Push to Boost Competition,The Wall Street Journal,2021,07,09,91,1,1,1
Biden Warns Putin About Ransomware Attacks,The Wall Street Journal,2021,07,09,91,1,1,1
Chinese Chip Maker Says Creditor Seeks Its Bankruptcy,The Wall Street Journal,2021,07,09,91,1,1,1
What’s in Biden’s Big Business Executive Order,The Wall Street Journal,2021,07,09,91,1,1,1
Eric Garcetti Tapped to Be Ambassador to India,The Wall Street Journal,2021,07,09,91,1,1,1
Hunter Biden’s Secret Art Sale,The Wall Street Journal,2021,07,09,91,1,1,1
Treasury Yields Rebound,The Wall Street Journal,2021,07,09,91,1,1,1
Biden Targets Big Business in Sweeping Executive Order to Spur Competition,The Wall Street Journal,2021,07,09,91,1,1,1
Didi Tried Balancing Pressure From China and Investors. It Satisfied Neither.,The Wall Street Journal,2021,07,09,91,1,1,1
The Hunter Biden Laptop Is Real,The Wall Street Journal,2021,07,09,91,1,1,1
Binance Bolsters Its Compliance Team as Scrutiny of Crypto Increases,The Wall Street Journal,2021,07,09,91,1,1,1
"Biden Revives Net Neutrality, Targets Big Broadband Providers",The Wall Street Journal,2021,07,09,91,1,1,1
Stamps.com to Be Bought by Thoma Bravo in $6.6 Billion Cash Deal,The Wall Street Journal,2021,07,09,91,1,1,1
The Hancock Park Home of ‘Bridgerton’ Producer Shonda Rhimes,The Wall Street Journal,2021,07,09,91,1,1,1
Junk-Bond Rally Pulls Yields Below Inflation,The Wall Street Journal,2021,07,09,91,1,1,1
Carrot-Beet Sloppy Joes,The Wall Street Journal,2021,07,09,91,1,1,1
BlackRock Tweaked Some Models. It Triggered a Wave of Buying and Selling.,The Wall Street Journal,2021,07,09,91,1,1,1
"The Emotional, Outrageous Comeback of Mark Cavendish at the Tour de France",The Wall Street Journal,2021,07,09,91,1,1,1
Biden Ousts Social Security Chief,The Wall Street Journal,2021,07,09,91,1,1,1
U.N. Votes to Reauthorize Aid Route Into Syria,The Wall Street Journal,2021,07,09,91,1,1,1
"Trail Mix (Saturday Variety Puzzle, July 10)",The Wall Street Journal,2021,07,09,91,1,1,1
U.S. Considers Downsizing Embassy in Afghanistan,The Wall Street Journal,2021,07,09,91,1,1,1
Biden’s Business Order Shows How He’s Using Executive Power to Shape Economy,The Wall Street Journal,2021,07,09,91,1,1,1
Volkswagen Sees Global Chip Shortage Worsening,The Wall Street Journal,2021,07,09,91,1,1,1
‘Stop Creating Avenattis’,The Wall Street Journal,2021,07,09,91,1,1,1
A Revealing ‘Gaffe’ Roils Asia,The Wall Street Journal,2021,07,09,91,1,1,1
"App Annie Explores Strategic Options, Including a Possible Deal or IPO",The Wall Street Journal,2021,07,09,91,1,1,1
The Man Behind Biden’s Push to Promote Business Competition,The Wall Street Journal,2021,07,09,91,1,1,1
Colombian Suspects in Killing of Haitian President Are Army Veterans,The Wall Street Journal,2021,07,09,91,1,1,1
"From Mariah Carey to Mary J. Blige, Jimmy Jam and Terry Lewis on Recording Superstars Remotely",The Wall Street Journal,2021,07,09,91,1,1,1
US Foods Hires Tech Chief in Digital Services Push,The Wall Street Journal,2021,07,09,91,1,1,1
It’s 98 Degrees Out. Why Is My Child Wearing a Mask?,The Wall Street Journal,2021,07,09,91,1,1,1
"Facebook, JPMorgan Chase, Netflix: Stocks That Defined the Week",The Wall Street Journal,2021,07,09,91,1,1,1
"Biogen Alzheimer’s Drug Will Exceed the $56,000 List Price for Many, Analysis Says",The Wall Street Journal,2021,07,09,91,1,1,1
"FDA Seeks Probe of Talks Between Staff, Biogen on Alzheimer’s Drug",The Wall Street Journal,2021,07,09,91,1,1,1
Kale-Meatballs,The Wall Street Journal,2021,07,09,91,1,1,1
Loaded Potato Burgers,The Wall Street Journal,2021,07,09,91,1,1,1
Tell Us About Your Financial Aid Offers,The Wall Street Journal,2021,07,09,91,1,1,1
The Dawn of Aesthetics,The Wall Street Journal,2021,07,09,91,1,1,1
Ranked-Choice Voting Helped Wreck Minneapolis,The Wall Street Journal,2021,07,09,91,1,1,1
"Fed Says Shortages, Hiring Difficulties Hold Back Brisk Growth",The Wall Street Journal,2021,07,09,91,1,1,1
"Recipes With Less Meat, All the Flavor",The Wall Street Journal,2021,07,09,91,1,1,1
"Fresh Off Netflix Deal, Shonda Rhimes Asks $25 Million for L.A. Home",The Wall Street Journal,2021,07,09,91,1,1,1
"Cheaper Drugs, Fairer Airline Fees, DIY iPhone Repairs? What the Biden Executive Order Could Mean for Your Health, Job and Money",The Wall Street Journal,2021,07,09,91,1,1,1
China Orders More Didi Apps Removed,The Wall Street Journal,2021,07,09,91,1,1,1
"CDC Urges Schools to Welcome Kids Back, Vaccinated or Not",The Wall Street Journal,2021,07,09,91,1,1,1
"Joe Biden, 20th Century Trustbuster",The Wall Street Journal,2021,07,09,91,1,1,1
Major Indexes Close at Record Highs,The Wall Street Journal,2021,07,09,91,1,1,1
Infrastructure Bill Could Alter States’ Transportation Approach,The Wall Street Journal,2021,09,04,92,1,1,1
Companies Need More Workers. Why Do They Reject Millions of Résumés?,The Wall Street Journal,2021,09,04,92,1,1,1
What Every Investor Should Understand About Stagflation—but Often Doesn’t,The Wall Street Journal,2021,09,04,92,1,1,1
Pepper...and Salt,The Wall Street Journal,2021,09,04,92,1,1,1
Smartwatches Track Our Health. Smart Toilets Aren’t Too Far Behind.,The Wall Street Journal,2021,09,04,92,1,1,1
Covid-19 Vaccine Booster Launch Could Be Delayed for Many,The Wall Street Journal,2021,09,04,92,1,1,1
Naomi Osaka Signals Break From Tennis After U.S. Open Defeat,The Wall Street Journal,2021,09,04,92,1,1,1
Taliban Claim Breakthrough in Afghan Resistance Haven,The Wall Street Journal,2021,09,04,92,1,1,1
Not Even ‘Gossip Girl’ Can Kill the Zoom-Era Headband,The Wall Street Journal,2021,09,04,92,1,1,1
"Researchers Infect Volunteers With Coronavirus, Hoping to Conquer Pandemic",The Wall Street Journal,2021,09,04,92,1,1,1
Chip Shortage Has Spurred Demand for Little-Known Component,The Wall Street Journal,2021,09,04,92,1,1,1
Canada Border Reopening Draws Few Americans,The Wall Street Journal,2021,09,04,92,1,1,1
Try These Four Exercise Routines to Fit Into Your Fall Schedule,The Wall Street Journal,2021,09,04,92,1,1,1
"Stand Out at Work, Even if You’re Still in a Zoom Box",The Wall Street Journal,2021,09,04,92,1,1,1
‘Paolo Veneziano: Art & Devotion in 14th-Century Venice’ Review: Worshiping at the Altar of Beauty,The Wall Street Journal,2021,09,04,92,1,1,1
Nevada Democratic Senator Keeps Distance From Party’s Left,The Wall Street Journal,2021,09,04,92,1,1,1
What 9/11 Taught Us About Trauma and Resilience,The Wall Street Journal,2021,09,04,92,1,1,1
"Willard Scott, Former Weatherman on NBC’s ‘Today’ Show, Dies at Age 87",The Wall Street Journal,2021,09,04,92,1,1,1
Congo Says Toxic Leak at Diamond Mine Part-Owned by Russia’s Alrosa Killed 12,The Wall Street Journal,2021,09,04,92,1,1,1
New Zealand Knife Attack Speeds Overhaul of Counterterrorism Laws,The Wall Street Journal,2021,09,04,92,1,1,1
‘Solar Bond’ Demand Goes Through the Roof,The Wall Street Journal,2021,09,04,92,1,1,1
What’s Next for Naomi Osaka,The Wall Street Journal,2021,09,04,92,1,1,1
Chinese Ride-Hailing Giant Didi Could Get State Investment,The Wall Street Journal,2021,09,04,92,1,1,1
Schools Are Open but Don’t Have Enough School Bus Drivers,The Wall Street Journal,2021,09,04,92,1,1,1
The Pandemic Could Help Us Breathe Easier at the Office,The Wall Street Journal,2021,09,04,92,1,1,1
Main Street Pensions Take Wall Street Gamble by Investing Borrowed Money,The Wall Street Journal,2021,09,04,92,1,1,1
Hurricane Ida Death Toll Rises,The Wall Street Journal,2021,09,04,92,1,1,1
A Vintage Lotus That Stays Ahead of the Curve,The Wall Street Journal,2021,09,04,92,1,1,1
Attorney’s Unusual Enforcement Idea Behind Texas Abortion Law,The Wall Street Journal,2021,09,04,92,1,1,1
"China Sets Weekday Ban on Kids’ Videogame Play. Should You Do That, Too?",The Wall Street Journal,2021,09,04,92,1,1,1
"Economy Week Ahead: China Trade, Fed Talk, ECB’s Next Move",The Wall Street Journal,2021,09,05,93,1,1,1
"Inside Biden’s Afghanistan Withdrawal Plan: Warnings, Doubts but Little Change",The Wall Street Journal,2021,09,05,93,1,1,1
How Much College Debt Should Students and Parents Take On? Here’s How to Figure It Out.,The Wall Street Journal,2021,09,05,93,1,1,1
"When Financial Experts Refer to a ‘Blowoff Top,’ Here’s What They Are Talking About",The Wall Street Journal,2021,09,05,93,1,1,1
Progressives’ Tax-the-Rich Dreams Fade as Democrats Struggle for Votes,The Wall Street Journal,2021,09,05,93,1,1,1
Islamic State Kills at Least 12 Police in Iraq Amid Resurgence Fears,The Wall Street Journal,2021,09,05,93,1,1,1
Chinese Firms Adopt Rigorous Sexual-Harassment Policies,The Wall Street Journal,2021,09,05,93,1,1,1
"China’s Industrial Planning Evolves, Stirring U.S. Concerns",The Wall Street Journal,2021,09,05,93,1,1,1
Child Covid Cases Rise in States Where Schools Opened Earliest,The Wall Street Journal,2021,09,05,93,1,1,1
Wallets Are Over. Your Phone Is Your Everything Now.,The Wall Street Journal,2021,09,05,93,1,1,1
Biden’s Aides Head Abroad After U.S. Afghan Pullout,The Wall Street Journal,2021,09,05,93,1,1,1
Dine In? Go Out? Learn to Be a Better Covid Risk Manager,The Wall Street Journal,2021,09,05,93,1,1,1
Big European Banks Get Prodded on Climate Promises,The Wall Street Journal,2021,09,05,93,1,1,1
Navy Declares Five Sailors Dead After Helicopter Crash,The Wall Street Journal,2021,09,05,93,1,1,1
TotalEnergies to Invest $27 Billion in Iraq,The Wall Street Journal,2021,09,05,93,1,1,1
U.S. Ports See Shipping Logjams Likely Extending Far Into 2022,The Wall Street Journal,2021,09,05,93,1,1,1
Search for Yield Leads Bond Buyers to Unrated Debt,The Wall Street Journal,2021,09,05,93,1,1,1
Military Faction Stages Coup in Mineral-Rich Guinea,The Wall Street Journal,2021,09,05,93,1,1,1
‘The Authority of the Court and the Peril of Politics’ Review: On Judicial Supremacy,The Wall Street Journal,2021,09,07,94,1,1,1
Intel’s Salvation Lies in Europe—but Not With Fabs,The Wall Street Journal,2021,09,07,94,1,1,1
Democrats Are Back to Hating Voter ID,The Wall Street Journal,2021,09,07,94,1,1,1
Politicians Who Don’t Mind Inflation,The Wall Street Journal,2021,09,07,94,1,1,1
Marsh & McLennan Appoints Dedicated Compliance Chief,The Wall Street Journal,2021,09,07,94,1,1,1
"Meet the New Taliban, Same as the Old",The Wall Street Journal,2021,09,07,94,1,1,1
Stocks Finish Mixed After Long-Weekend Break,The Wall Street Journal,2021,09,07,94,1,1,1
Dallas Fed’s Robert Kaplan Was Active Buyer and Seller of Stocks Last Year,The Wall Street Journal,2021,09,07,94,1,1,1
Brazilian President Rallies Supporters Ahead of Re-Election Campaign,The Wall Street Journal,2021,09,07,94,1,1,1
"Vol. 34, No. 8: The ‘Reckoning’",The Wall Street Journal,2021,09,07,94,1,1,1
Ford Hires Apple’s Doug Field to Advance Technology Role,The Wall Street Journal,2021,09,07,94,1,1,1
Is Donald Trump Finished?,The Wall Street Journal,2021,09,07,94,1,1,1
Biden Tours Northeastern States Hammered by Ida,The Wall Street Journal,2021,09,07,94,1,1,1
Does the Constitution Let Congress Pass a Wealth Tax?,The Wall Street Journal,2021,09,07,94,1,1,1
Kim Kardashian’s Instagram Post on Cryptocurrency Prompts U.K. Financial Watchdog to React,The Wall Street Journal,2021,09,07,94,1,1,1
"Firefighters Gain Ground on Caldor Fire, Dixie Fire",The Wall Street Journal,2021,09,07,94,1,1,1
Bitcoin Price Tumbles After El Salvador Makes It National Currency,The Wall Street Journal,2021,09,07,94,1,1,1
Get Ready for the Blackouts,The Wall Street Journal,2021,09,07,94,1,1,1
Mexico’s Supreme Court Decriminalizes Abortion,The Wall Street Journal,2021,09,07,94,1,1,1
Doctors Join the Climate Lobby,The Wall Street Journal,2021,09,07,94,1,1,1
Texas Governor Signs Divisive Voting Bill Into Law,The Wall Street Journal,2021,09,07,94,1,1,1
Britain’s Tax Warning to America,The Wall Street Journal,2021,09,07,94,1,1,1
Microsoft Start Allows Users to Create Personalized News Feed,The Wall Street Journal,2021,09,07,94,1,1,1
Should Ransomware Payments Be Made Illegal?,The Wall Street Journal,2021,09,07,94,1,1,1
BlackRock Raises $1 Billion for First Foreign-Run China Mutual Fund,The Wall Street Journal,2021,09,07,94,1,1,1
What Kabul’s Fall Means to the Post-9/11 Generation,The Wall Street Journal,2021,09,07,94,1,1,1
How Hackers Use Our Brains Against Us,The Wall Street Journal,2021,09,07,94,1,1,1
AMC’s Theater Chain Sets U.S. Labor Day Weekend Record,The Wall Street Journal,2021,09,07,94,1,1,1
U.S. Probes Examine Raytheon’s Dealings With Qatari Defense Contractor,The Wall Street Journal,2021,09,07,94,1,1,1
Texas Voting Law: What You Need to Know,The Wall Street Journal,2021,09,07,94,1,1,1
Elliott Management Has a More Than $1 Billion Stake in Citrix Systems,The Wall Street Journal,2021,09,07,94,1,1,1
Taliban Unveil New Afghan Government,The Wall Street Journal,2021,09,07,94,1,1,1
New Apple iPhone Expected to Be Unveiled at Sept. 14 Event,The Wall Street Journal,2021,09,07,94,1,1,1
Britney Spears’s Father Petitions to End Conservatorship,The Wall Street Journal,2021,09,07,94,1,1,1
How Would a ‘Green’ Economy Weather Hurricane Ida?,The Wall Street Journal,2021,09,07,94,1,1,1
Marvin Miller Belongs in Cooperstown,The Wall Street Journal,2021,09,07,94,1,1,1
Intel to Invest Up to $95 Billion in European Chip-Making Amid U.S. Expansion,The Wall Street Journal,2021,09,07,94,1,1,1
The Murky Next Stage in Human Evolution,The Wall Street Journal,2021,09,07,94,1,1,1
Biden Needs a Win on Infrastructure,The Wall Street Journal,2021,09,07,94,1,1,1
"The Best Way to Stop Ransomware Attacks: Be Proactive, Not Reactive",The Wall Street Journal,2021,09,07,94,1,1,1
"Toss the Wipes, Stock Up on Masks to Be Safe at Work",The Wall Street Journal,2021,09,07,94,1,1,1
JetBlue Promotes Acting CFO to Permanent Role,The Wall Street Journal,2021,09,07,94,1,1,1
El Salvador Becomes First Country to Adopt Bitcoin as National Currency,The Wall Street Journal,2021,09,07,94,1,1,1
"Unscripted (Wednesday Crossword, September 8)",The Wall Street Journal,2021,09,07,94,1,1,1
China Sees Its Nuclear Arsenal as More Than a Deterrent,The Wall Street Journal,2021,09,07,94,1,1,1
"In Elizabeth Holmes’s Trial, Prosecutors Must Show Intent",The Wall Street Journal,2021,09,07,94,1,1,1
Chicago’s Bloody Past Is Very Present,The Wall Street Journal,2021,09,07,94,1,1,1
The Latest Cybersecurity Threat: Pay Us or We Release the Data,The Wall Street Journal,2021,09,07,94,1,1,1
"U.S. Withdraws, but the Terrorists Fight On",The Wall Street Journal,2021,09,07,94,1,1,1
So This Is a Normal Presidency?,The Wall Street Journal,2021,09,07,94,1,1,1
Biden Says U.S. Working With EU on Methane-Emissions Pledge,The Wall Street Journal,2021,09,18,95,1,1,1
"Hollywood Embraces TikTok Stars for TV, Film Projects",The Wall Street Journal,2021,09,18,95,1,1,1
Haitian Migrants Under Texas Bridge to Be Flown Back to Haiti,The Wall Street Journal,2021,09,18,95,1,1,1
Durham Cracks the Russia Case,The Wall Street Journal,2021,09,18,95,1,1,1
The Accidental Chef,The Wall Street Journal,2021,09,18,95,1,1,1
He Found His Classic Dodge With an Assist From Jay Leno,The Wall Street Journal,2021,09,18,95,1,1,1
‘In America: A Lexicon of Fashion’ Review: Redefining What Constitutes a Nation’s Style,The Wall Street Journal,2021,09,18,95,1,1,1
Can This Couple Afford to Build Two Vacation Homes? A Financial Adviser Weighs In,The Wall Street Journal,2021,09,18,95,1,1,1
Rally for Jan. 6 Capitol Rioters Smaller Than Expected,The Wall Street Journal,2021,09,18,95,1,1,1
"West Virginia Was a Vaccine Success Story, but Cases Are Surging",The Wall Street Journal,2021,09,18,95,1,1,1
"When to Buy Now, Pay Later, and When to Just Pay Now",The Wall Street Journal,2021,09,18,95,1,1,1
Some Republicans Fear Tighter Election Rules Could Boomerang,The Wall Street Journal,2021,09,18,95,1,1,1
Pepper...and Salt,The Wall Street Journal,2021,09,18,95,1,1,1
Rudy Giuliani’s Request for Evidence Seized by FBI Is Denied,The Wall Street Journal,2021,09,18,95,1,1,1
Biden Administration Sends More Agents to Texas Bridge,The Wall Street Journal,2021,09,18,95,1,1,1
Beijing’s Debt Clampdown Shakes Real-Estate Giant,The Wall Street Journal,2021,09,18,95,1,1,1
A Daunting Promotion Gave This Finance Executive Confidence to Launch His Own Company,The Wall Street Journal,2021,09,18,95,1,1,1
How to Detect Your Child’s Emotional Distress Before the School’s AI Does,The Wall Street Journal,2021,09,18,95,1,1,1
How Foil Blankets Are Used to Save  the World’s Largest Trees,The Wall Street Journal,2021,09,18,95,1,1,1
SpaceX Returns Private Astronauts to Earth After Three Days in Orbit,The Wall Street Journal,2021,09,18,95,1,1,1
Russia’s Belarus Ties Squeeze Western-Backed Ukraine,The Wall Street Journal,2021,09,18,95,1,1,1
"Overtime Can Be Costly, Over Time",The Wall Street Journal,2021,09,18,95,1,1,1
An NFL Trainer’s Knee Maintenance Program for All,The Wall Street Journal,2021,09,18,95,1,1,1
"In Russia’s Election, Putin’s Opponents Are Seeing Double",The Wall Street Journal,2021,09,18,95,1,1,1
New Research Busts Popular Myths About Innovation,The Wall Street Journal,2021,09,18,95,1,1,1
"Banks Strike Back, but Returns Remain Strong With Fintech",The Wall Street Journal,2021,09,18,95,1,1,1
Afghanistan’s Economic Meltdown Leaves Ordinary Citizens Scrambling to Survive,The Wall Street Journal,2021,09,18,95,1,1,1
Tequila Bottles Found on Air Force One Jet Under Development,The Wall Street Journal,2021,09,18,95,1,1,1
The Biggest Mistakes Home Buyers and Sellers Make,The Wall Street Journal,2021,09,18,95,1,1,1
At Sea in the Age of Covid Anxiety,The Wall Street Journal,2021,10,10,96,1,1,1
"St. Paul Shooting in Crowded Bar Leaves One Dead, 14 Injured",The Wall Street Journal,2021,10,10,96,1,1,1
"Disney Meets Roadblocks 
		
			
		
	to Movie Releases in China",The Wall Street Journal,2021,10,10,96,1,1,1
Billie Jean Won Wimbledon. Randy Struck Out Dodgers. A Sibling Rivalry for the Ages.,The Wall Street Journal,2021,10,10,96,1,1,1
Catch Society’s Meltdown on HBO,The Wall Street Journal,2021,10,10,96,1,1,1
The Nobel Prize in Obscure Literature,The Wall Street Journal,2021,10,10,96,1,1,1
"In Israel, Younger People Aren’t Convinced by Covid Booster Shots",The Wall Street Journal,2021,10,10,96,1,1,1
Soaring Home Prices Are Roiling Appraisals and Upending Sales,The Wall Street Journal,2021,10,10,96,1,1,1
"‘No Time to Die’ Review: James Bond Shaken, Audience Stirred",The Wall Street Journal,2021,10,10,96,1,1,1
"Soaring Energy Prices Raise Concerns About U.S. Inflation, Economy",The Wall Street Journal,2021,10,10,96,1,1,1
Officer Who Shot Jacob Blake Won’t Face Civil-Rights Charges,The Wall Street Journal,2021,10,10,96,1,1,1
Austin’s Defund the Police Lesson,The Wall Street Journal,2021,10,10,96,1,1,1
Evergrande Is Leaving Foreign Bondholders in the Dark,The Wall Street Journal,2021,10,10,96,1,1,1
Drought Endangers Millions as Afghan Economy Collapses,The Wall Street Journal,2021,10,10,96,1,1,1
Bernie’s Surprise Medicare Bill,The Wall Street Journal,2021,10,10,96,1,1,1
Hasbro CEO Takes Medical Leave,The Wall Street Journal,2021,10,10,96,1,1,1
Climate of Strategic Vulnerability,The Wall Street Journal,2021,10,10,96,1,1,1
"A.Q. Khan, Who Secretly Sold Nuclear-Weapons Technology, Dies at 85",The Wall Street Journal,2021,10,10,96,1,1,1
Income-Tax Rate on the Rich Depends on Who’s Doing the Math,The Wall Street Journal,2021,10,10,96,1,1,1
How to Get Cryptocurrency Regulation Right,The Wall Street Journal,2021,10,10,96,1,1,1
Europe’s Complacency Heightens the China Challenge,The Wall Street Journal,2021,10,10,96,1,1,1
Jacob Blake Shooting: What We Know About the Shooting in Kenosha,The Wall Street Journal,2021,10,10,96,1,1,1
Risky Volatility Funds Set to Make a Comeback,The Wall Street Journal,2021,10,10,96,1,1,1
The Scariest Part of Halloween This Year Is the Supply Chain,The Wall Street Journal,2021,10,10,96,1,1,1
The Pandemic’s Over for Big Banks. Now Comes the Hard Part.,The Wall Street Journal,2021,10,10,96,1,1,1
A Obstetrician’s Testimony and an Ideology’s Absurdity,The Wall Street Journal,2021,10,10,96,1,1,1
"A Pro Tip for Work: Write the Email Now, Send Later",The Wall Street Journal,2021,10,10,96,1,1,1
Fully Vaccinated and Had Covid-19? No Rush for a Booster Shot,The Wall Street Journal,2021,10,10,96,1,1,1
Celebrate Columbus’s Achievements,The Wall Street Journal,2021,10,10,96,1,1,1
Iraqi Election Could Shape Future for U.S. Troop Presence,The Wall Street Journal,2021,10,10,96,1,1,1
Czech Prime Minister Loses His Bid for Re-Election,The Wall Street Journal,2021,10,10,96,1,1,1
Jon Gruden Is Coaching While the NFL Weighs Discipline for Racially Disparaging Email,The Wall Street Journal,2021,10,10,96,1,1,1
Latest James Bond Film ‘No Time to Die’ Lags Behind Predecessors,The Wall Street Journal,2021,10,10,96,1,1,1
‘The Business of Tomorrow’ Review: He Helped a Nation to Fly,The Wall Street Journal,2021,10,10,96,1,1,1
Why the Future of Cuban Baseball Defected,The Wall Street Journal,2021,10,10,96,1,1,1
"Can Your Career Help Change the World? You Have 80,000 Hours to Try.",The Wall Street Journal,2021,10,10,96,1,1,1
Rodents the Size of St. Bernards Swarm an Exclusive Gated Community,The Wall Street Journal,2021,10,10,96,1,1,1
"Southwest Airlines Cancels Over 1,800 Flights",The Wall Street Journal,2021,10,10,96,1,1,1
Who Slowed Merck’s Covid Remedy?,The Wall Street Journal,2021,10,10,96,1,1,1
"Economy Week Ahead: Inflation, Jobless Claims, Retail Sales",The Wall Street Journal,2021,10,10,96,1,1,1
IRS Fails at the Basics but Wants New Powers,The Wall Street Journal,2021,10,10,96,1,1,1
Sanders Frustrated With Centrists in Spending Talks,The Wall Street Journal,2021,10,10,96,1,1,1
SEC Digs Deeper Into Companies’ EPS Manipulation,The Wall Street Journal,2021,10,10,96,1,1,1
‘Chitty Chitty Bang Bang’ Gets Attention at the DMV,The Wall Street Journal,2021,10,10,96,1,1,1
Gretchen Whitmer’s Border War,The Wall Street Journal,2021,10,10,96,1,1,1
Mr. Peretz Takes a Swipe at Orthodox Jews,The Wall Street Journal,2021,10,10,96,1,1,1
Alabama’s Stunning Loss to Texas A&M Shakes Up the College Football Playoff Picture,The Wall Street Journal,2021,10,10,96,1,1,1
Big U.S. Retailers Charter Private Cargo Ships Amid Port Delays,The Wall Street Journal,2021,10,10,96,1,1,1
"Beyond Evergrande, China’s Property Market Faces a $5 Trillion Reckoning",The Wall Street Journal,2021,10,10,96,1,1,1
"Navy Staffer, Wife Tried to Pass Secrets, U.S. Alleges",The Wall Street Journal,2021,10,10,96,1,1,1
"Kellogg, Pfizer, Airbnb: Stocks That Defined the Week",The Wall Street Journal,2021,11,05,97,1,1,1
"Malibu Spec House With Hair Salon, Poker Room Asks $47.5 Million",The Wall Street Journal,2021,11,05,97,1,1,1
Peter Paul Rubens Found Inspiration in Antiquity,The Wall Street Journal,2021,11,05,97,1,1,1
Judge Approves Request to Revamp Rogers Communications Board,The Wall Street Journal,2021,11,05,97,1,1,1
Pfizer Says Covid-19 Pill Is 89% Effective in Study,The Wall Street Journal,2021,11,05,97,1,1,1
"Advent, Permira Near Deal to Buy McAfee for More Than $10 Billion",The Wall Street Journal,2021,11,05,97,1,1,1
Is College Worth the Cost? That Depends,The Wall Street Journal,2021,11,05,97,1,1,1
U.S. Government Bond Yields Fall After Jobs Data,The Wall Street Journal,2021,11,05,97,1,1,1
"America Needs a Safety Net, Not a Hammock",The Wall Street Journal,2021,11,05,97,1,1,1
University of Florida Professors Allege School Leaders Violated First Amendment Rights,The Wall Street Journal,2021,11,05,97,1,1,1
New York City Marathon App Embraces Hybrid,The Wall Street Journal,2021,11,05,97,1,1,1
American Airlines Boosts Flight Attendants’ Pay Ahead Holidays,The Wall Street Journal,2021,11,05,97,1,1,1
Justice Department Probing Electric-Van Maker Workhorse,The Wall Street Journal,2021,11,05,97,1,1,1
Biden Makes a Delaware-Size Land Grab in Utah,The Wall Street Journal,2021,11,05,97,1,1,1
The ‘Hilarious’ Unreality of Bidenomics,The Wall Street Journal,2021,11,05,97,1,1,1
"Opening Arguments in Arbery
		
			
		
	Slaying Case Begin",The Wall Street Journal,2021,11,05,97,1,1,1
Leisure Travel Rebounds as Delta Variant Fades,The Wall Street Journal,2021,11,05,97,1,1,1
Igor Danchenko Charged With Lying in Trump Dossier Probe,The Wall Street Journal,2021,11,05,97,1,1,1
Navy Removes Top Officers of Nuclear Sub After Underwater Crash,The Wall Street Journal,2021,11,05,97,1,1,1
Aaron Rodgers Attacks NFL and ‘Woke Mob’ in Defending His Unvaccinated Status,The Wall Street Journal,2021,11,05,97,1,1,1
"Inside JJ Redick’s European-Inspired Brooklyn Penthouse, Which Just Hit the Market for $8.5 Million",The Wall Street Journal,2021,11,05,97,1,1,1
Kitchen Tips From the Chef Drew Barrymore Calls ‘My Culinary Partner in Crime’,The Wall Street Journal,2021,11,05,97,1,1,1
The School Board Revolt,The Wall Street Journal,2021,11,05,97,1,1,1
BHP Nears $1.25 Billion Deal to Sell Controlling Stake in Two Coal Mines,The Wall Street Journal,2021,11,05,97,1,1,1
How AI Will Make Your Doctor Smarter,The Wall Street Journal,2021,11,05,97,1,1,1
What to Read This Week,The Wall Street Journal,2021,11,05,97,1,1,1
The Sounds of Silence,The Wall Street Journal,2021,11,05,97,1,1,1
"Boeing Board to Add Safety Expert, Make Other Changes in 737 MAX Settlement",The Wall Street Journal,2021,11,05,97,1,1,1
Stocks Finish at New Highs After Jobs Data,The Wall Street Journal,2021,11,05,97,1,1,1
Accounting Experts Ask Congress to Change Proposal on Minimum Corporate Tax,The Wall Street Journal,2021,11,05,97,1,1,1
"New Biden Vaccine Rules Don’t Allow Self-Administered, Self-Reported Covid-19 Tests",The Wall Street Journal,2021,11,05,97,1,1,1
‘Hannah Arendt and Isaiah Berlin’ Review: Clash of the Titans,The Wall Street Journal,2021,11,05,97,1,1,1
SEC Clears Path to Ban Foreign Companies From U.S. Exchanges,The Wall Street Journal,2021,11,05,97,1,1,1
New Yorkers Reject Schumer’s Voting Ideas,The Wall Street Journal,2021,11,05,97,1,1,1
Single-Family Rental Firms Eye Zillow’s Housing Stock,The Wall Street Journal,2021,11,05,97,1,1,1
Colin Powell’s Funeral Features Three U.S. Presidents,The Wall Street Journal,2021,11,05,97,1,1,1
States Sue to Stop Biden Vaccine Mandate,The Wall Street Journal,2021,11,05,97,1,1,1
"Crazy Eights (Saturday Cryptic Puzzle, November 6)",The Wall Street Journal,2021,11,05,97,1,1,1
Puerto Rico Oversight Board Files New Debt Plan,The Wall Street Journal,2021,11,05,97,1,1,1
Biden Administration to Cut Ties With Debt Collectors for Student Loans,The Wall Street Journal,2021,11,05,97,1,1,1
U.S. Jobs Growth Rebounded Last Month,The Wall Street Journal,2021,11,05,97,1,1,1
Behind the October Jobs Bump,The Wall Street Journal,2021,11,05,97,1,1,1
SEC Names Nicole Creola Kelly as Whistleblower Program Chief,The Wall Street Journal,2021,11,05,97,1,1,1
Rivian Automotive Boosts IPO Price Range,The Wall Street Journal,2021,11,05,97,1,1,1
"On Russiagate, Durham Indicts the Press Too",The Wall Street Journal,2021,11,05,97,1,1,1
Appeals Court Reinstates Convictions of Platinum Partners Executives,The Wall Street Journal,2021,11,05,97,1,1,1
Durham Unravels the Russia Case,The Wall Street Journal,2021,11,05,97,1,1,1
Firefox Introduces Color Themes to Its Browser,The Wall Street Journal,2021,11,05,97,1,1,1
"Resounding Success (Saturday Crossword, November 6)",The Wall Street Journal,2021,11,05,97,1,1,1
Andrew Cuomo Arraignment Is Postponed Until January,The Wall Street Journal,2021,11,05,97,1,1,1
New York Developer Bets on $800 Million Project to Make Queens Feel Like Shanghai,The Wall Street Journal,2021,11,16,98,1,1,1
"Bitcoin Briefly Drops Below $60,000 as Strong Dollar Weighs on Crypto",The Wall Street Journal,2021,11,16,98,1,1,1
Biden Policy Disrespects Both Science and Religion,The Wall Street Journal,2021,11,16,98,1,1,1
"‘Dean Martin: King of Cool’ Review: Grasping an Elusive, Sophisticated Icon",The Wall Street Journal,2021,11,16,98,1,1,1
The Federal Reserve Needs to Remove Its Blinkers,The Wall Street Journal,2021,11,16,98,1,1,1
"Home Depot Sales Rise, Continuing Pandemic Streak",The Wall Street Journal,2021,11,16,98,1,1,1
"On Break (Wednesday Crossword, November 17)",The Wall Street Journal,2021,11,16,98,1,1,1
"U.S. Could Be Unable to Pay Its Bills as Soon as Dec. 15, Yellen Says",The Wall Street Journal,2021,11,16,98,1,1,1
The Hunt for Red October at the Breakfast Table,The Wall Street Journal,2021,11,16,98,1,1,1
Executive Pleads Guilty in Internet Address Fraud Case,The Wall Street Journal,2021,11,16,98,1,1,1
Pfizer Submits Covid-19 Pill for FDA Authorization,The Wall Street Journal,2021,11,16,98,1,1,1
Holiday Gift Books 2021: Photography,The Wall Street Journal,2021,11,16,98,1,1,1
Holiday Gift Books 2021: Science,The Wall Street Journal,2021,11,16,98,1,1,1
Boston Red Sox Owner in Talks to Buy Pittsburgh Penguins,The Wall Street Journal,2021,11,16,98,1,1,1
Son of Former Panama President Plans to Plead Guilty in Odebrecht Bribery Case,The Wall Street Journal,2021,11,16,98,1,1,1
Politics and Union Corruption in Philadelphia,The Wall Street Journal,2021,11,16,98,1,1,1
Times Square’s New Year’s Eve Celebration Is Back for Fully Vaccinated,The Wall Street Journal,2021,11,16,98,1,1,1
Andrew Cuomo Faces Possible Sanctions Over Book Deal,The Wall Street Journal,2021,11,16,98,1,1,1
‘Ends of War’ Review: The Myth of Appomattox,The Wall Street Journal,2021,11,16,98,1,1,1
Frida Kahlo Self-Portrait Sells for Record $34.9 Million,The Wall Street Journal,2021,11,16,98,1,1,1
Biotech Investor Describes Efforts to Vet Theranos,The Wall Street Journal,2021,11,16,98,1,1,1
Vladimir Putin’s Space Front,The Wall Street Journal,2021,11,16,98,1,1,1
Ganging Up on Moderna,The Wall Street Journal,2021,11,16,98,1,1,1
Senate Confirms Jonathan Kanter as Justice Department Antitrust Chief,The Wall Street Journal,2021,11,16,98,1,1,1
Miramax Sues Quentin Tarantino Over ‘Pulp Fiction’ NFT Plans,The Wall Street Journal,2021,11,16,98,1,1,1
Biden’s Vaccine Rules Face Test Before Ohio-Based Appeals Court,The Wall Street Journal,2021,11,16,98,1,1,1
Rogers to Replace CEO Joe Natale After Board Fight,The Wall Street Journal,2021,11,16,98,1,1,1
Border Crisis Has Biden’s Presidency on the Edge,The Wall Street Journal,2021,11,16,98,1,1,1
‘The Mighty Underdogs’ Review: Playing With the Big Dogs,The Wall Street Journal,2021,11,16,98,1,1,1
Qualcomm Shares Rise to Record High,The Wall Street Journal,2021,11,16,98,1,1,1
Extreme Makeover at the Y,The Wall Street Journal,2021,11,16,98,1,1,1
Holiday Gift Books 2021: History,The Wall Street Journal,2021,11,16,98,1,1,1
A Buffalo Saber to the Socialist Heart,The Wall Street Journal,2021,11,16,98,1,1,1
Activision Blizzard Employees Demand CEO Bobby Kotick’s Resignation,The Wall Street Journal,2021,11,16,98,1,1,1
Stocks Edge Higher as Retail Sales Grow,The Wall Street Journal,2021,11,16,98,1,1,1
Biden Says Fed Chair Pick Could Be Unveiled This Week,The Wall Street Journal,2021,11,16,98,1,1,1
The Other Danchenko Dossier?,The Wall Street Journal,2021,11,16,98,1,1,1
Electric-Car Startup Lucid Overtakes Ford in Market Value,The Wall Street Journal,2021,11,16,98,1,1,1
"If 2021 Elections Are Any Guide, 2022 Will Be a Doozy",The Wall Street Journal,2021,11,16,98,1,1,1
Biden Hits Road to Promote Infrastructure Law as Democrats Debate Spending Plans,The Wall Street Journal,2021,11,16,98,1,1,1
Rising Sea Levels Have Met Their Match With This $25 Million Miami Beach Spec House,The Wall Street Journal,2021,11,16,98,1,1,1
"Shoppers Boosted Spending Last Month, Taking on Higher Prices",The Wall Street Journal,2021,11,16,98,1,1,1
Poshmark Hires Amazon Executive as CFO,The Wall Street Journal,2021,11,16,98,1,1,1
"FBI Tracks Threats Against Teachers, School-Board Members",The Wall Street Journal,2021,11,16,98,1,1,1
Oaktree Capital Closes Its Largest-Ever Fund,The Wall Street Journal,2021,11,16,98,1,1,1
Holiday Gift Books 2021: Music,The Wall Street Journal,2021,11,16,98,1,1,1
A Housing Gift for Beverly Hills,The Wall Street Journal,2021,11,16,98,1,1,1
Resurgent Oil Supply Expected to Soothe Tight Market,The Wall Street Journal,2021,11,16,98,1,1,1
U.S. to Sell $56 Million in Cryptocurrency Seized in BitConnect Fraud Scheme,The Wall Street Journal,2021,11,16,98,1,1,1
Nike Postpones Launch of Travis Scott Sneaker After Astroworld Festival Deaths,The Wall Street Journal,2021,11,16,98,1,1,1
A Partisan Intrusion Into Bank Regulation,The Wall Street Journal,2021,12,20,99,1,1,1
America’s Mixed Response to Omicron Comes Down to Geography,The Wall Street Journal,2021,12,20,99,1,1,1
Novavax’s Covid-19 Vaccine Approved by EU,The Wall Street Journal,2021,12,20,99,1,1,1
Global Infrastructure Hit With $4.5 Million Penalty by SEC,The Wall Street Journal,2021,12,20,99,1,1,1
"For Users With Disabilities, Paid Apps Lag Behind Free Ones in Accessibility",The Wall Street Journal,2021,12,20,99,1,1,1
‘The Worst 72 Hours’: How the NFL Navigated a Covid Minefield,The Wall Street Journal,2021,12,20,99,1,1,1
Trump Says He Got Covid-19 Booster Shot,The Wall Street Journal,2021,12,20,99,1,1,1
"By All Means, Vote in the Senate on Build Back Better",The Wall Street Journal,2021,12,20,99,1,1,1
Chile’s Election Signals a Hard Left Turn,The Wall Street Journal,2021,12,20,99,1,1,1
Spider-Man vs. Omicron,The Wall Street Journal,2021,12,20,99,1,1,1
The Slow Meltdown of the Chinese Economy,The Wall Street Journal,2021,12,20,99,1,1,1
"Missionaries Held Hostage in Haiti Made Daring Overnight Escape, Group Says",The Wall Street Journal,2021,12,20,99,1,1,1
"I Knew Better, but I Bought Tesla Stock",The Wall Street Journal,2021,12,20,99,1,1,1
An Ordinary Joe’s Christmas,The Wall Street Journal,2021,12,20,99,1,1,1
The Mayor of San Francisco Has an Epiphany,The Wall Street Journal,2021,12,20,99,1,1,1
Only Two Senators Own Crypto Assets. Both Are Shaping the Industry’s Rules.,The Wall Street Journal,2021,12,20,99,1,1,1
Turkey’s Borrowing Costs Soar as Crisis Enters New Phase,The Wall Street Journal,2021,12,20,99,1,1,1
Nike’s Supply Crunch Stunts Growth Again,The Wall Street Journal,2021,12,20,99,1,1,1
Senate Confirms Biden Nominee for U.S. Counterterrorism Finance Chief,The Wall Street Journal,2021,12,20,99,1,1,1
Another Defendant in Unaoil Bribery Case Appeals Conviction,The Wall Street Journal,2021,12,20,99,1,1,1
Democracy Boycott in Hong Kong,The Wall Street Journal,2021,12,20,99,1,1,1
Businesses Seek to Delay Tax Rise That Funds Biden Spending Plan,The Wall Street Journal,2021,12,20,99,1,1,1
A Statement of Power at Harvard,The Wall Street Journal,2021,12,20,99,1,1,1
Companies Get Covid-19 Vaccine Mandate Reprieve as Legal Battle Continues,The Wall Street Journal,2021,12,20,99,1,1,1
Egyptian Court Sentences Activists Despite International Pressure,The Wall Street Journal,2021,12,20,99,1,1,1
"Omicron Fears, Rising Covid-19 Cases Interrupt New York City",The Wall Street Journal,2021,12,20,99,1,1,1
‘The Ghost in the Garden’ Review: Young Darwin in His Eden,The Wall Street Journal,2021,12,20,99,1,1,1
Danger on the Tracks and Generation Safety,The Wall Street Journal,2021,12,20,99,1,1,1
"Davos Economic Forum Is Postponed as Omicron Leads to More Cancellations, Travel Bans",The Wall Street Journal,2021,12,20,99,1,1,1
Rising Prices Are a Consequence of Bad Politics,The Wall Street Journal,2021,12,20,99,1,1,1
Jury in Maxwell Trial Begins Deliberations,The Wall Street Journal,2021,12,20,99,1,1,1
U.S. Raises Targets For Fuel Efficiency,The Wall Street Journal,2021,12,20,99,1,1,1
A Dirge for the Witty Ditty,The Wall Street Journal,2021,12,20,99,1,1,1
Kayak CEO Steve Hafner Sets Two Miami Condo Records On the Same Day,The Wall Street Journal,2021,12,20,99,1,1,1
"Omicron Variant Accounts for 73% of U.S. Covid-19 Cases, CDC Says",The Wall Street Journal,2021,12,20,99,1,1,1
Omicron Tracking in U.S. Is Hindered by Data Gaps,The Wall Street Journal,2021,12,20,99,1,1,1
Schumer Plans Build Back Better Vote Next Year,The Wall Street Journal,2021,12,20,99,1,1,1
Chile’s Election of Leftist as President Shakes Nation’s Markets,The Wall Street Journal,2021,12,20,99,1,1,1
Notable & Quotable: Russia,The Wall Street Journal,2021,12,20,99,1,1,1
Asian Insurer FWD Moves to Shelve U.S. IPO,The Wall Street Journal,2021,12,20,99,1,1,1
"U.S. to Make 20,000 More H-2B Visas Available for Temporary Workers",The Wall Street Journal,2021,12,20,99,1,1,1
China Mobile Plans to Raise $7.64 Billion Through Shanghai Listing,The Wall Street Journal,2021,12,20,99,1,1,1
Russian Hacker Extradited to U.S. on Insider-Trading Charges,The Wall Street Journal,2021,12,20,99,1,1,1
The Supreme Court’s Covid Vaccine Test,The Wall Street Journal,2021,12,20,99,1,1,1
‘Helen Pashgian: Presences’ Review:  Maker of Luminous Objects,The Wall Street Journal,2021,12,20,99,1,1,1
"As Inflation Rises, Antitrust ‘Reformers’ Target Lower Prices",The Wall Street Journal,2021,12,20,99,1,1,1
New York City’s Voting Giveaway,The Wall Street Journal,2021,12,20,99,1,1,1
"Dow, Oil Prices Fall on New Covid-19 Curbs",The Wall Street Journal,2021,12,20,99,1,1,1
"It’s All Downhill From Here (Tuesday Crossword, December 21)",The Wall Street Journal,2021,12,20,99,1,1,1
Elon Musk Says He Will Pay More Than $11 Billion in Taxes This Year,The Wall Street Journal,2021,12,20,99,1,1,1
